<?xml version="1.0" encoding="ISO-8859-1"?>
<!DOCTYPE POWERMART SYSTEM "powrmart.dtd">
<POWERMART CREATION_DATE="11/21/2016 08:51:58" REPOSITORY_VERSION="184.93">
<REPOSITORY NAME="XDIPCRS" VERSION="184" CODEPAGE="Latin1" DATABASETYPE="DB2">
<FOLDER NAME="XDW991593" GROUP="" OWNER="w991593" SHARED="NOTSHARED" DESCRIPTION="Everis : Antonio Jesus, Group for Global Corporate Teaser Tool(GCT), Developer, antonio.jesus.munoz.lapaz@zurich.com" PERMISSIONS="rwx---r--" UUID="55cd59eb-588d-4840-8dee-97c3257a4945">
    <SOURCE BUSINESSNAME ="" DATABASETYPE ="DB2" DBDNAME ="DB2" DESCRIPTION ="" NAME ="CSS55LF25T" OBJECTVERSION ="1" OWNERNAME ="" VERSIONNUMBER ="1">
        <SOURCEFIELD BUSINESSNAME ="" DATATYPE ="varchar" DESCRIPTION ="" FIELDNUMBER ="1" FIELDPROPERTY ="0" FIELDTYPE ="ELEMITEM" HIDDEN ="NO" KEYTYPE ="NOT A KEY" LENGTH ="0" LEVEL ="0" NAME ="BILLING_SYSTEM_IND" NULLABLE ="NULL" OCCURS ="0" OFFSET ="0" PHYSICALLENGTH ="2" PHYSICALOFFSET ="0" PICTURETEXT ="" PRECISION ="2" SCALE ="0" USAGE_FLAGS =""/>
        <SOURCEFIELD BUSINESSNAME ="" DATATYPE ="varchar" DESCRIPTION ="" FIELDNUMBER ="2" FIELDPROPERTY ="0" FIELDTYPE ="ELEMITEM" HIDDEN ="NO" KEYTYPE ="NOT A KEY" LENGTH ="0" LEVEL ="0" NAME ="INSURANCE_NAME" NULLABLE ="NULL" OCCURS ="0" OFFSET ="0" PHYSICALLENGTH ="100" PHYSICALOFFSET ="2" PICTURETEXT ="" PRECISION ="100" SCALE ="0" USAGE_FLAGS =""/>
        <SOURCEFIELD BUSINESSNAME ="" DATATYPE ="varchar" DESCRIPTION ="" FIELDNUMBER ="3" FIELDPROPERTY ="0" FIELDTYPE ="ELEMITEM" HIDDEN ="NO" KEYTYPE ="NOT A KEY" LENGTH ="0" LEVEL ="0" NAME ="POLICY_SYMBOL" NULLABLE ="NULL" OCCURS ="0" OFFSET ="0" PHYSICALLENGTH ="3" PHYSICALOFFSET ="102" PICTURETEXT ="" PRECISION ="3" SCALE ="0" USAGE_FLAGS =""/>
        <SOURCEFIELD BUSINESSNAME ="" DATATYPE ="varchar" DESCRIPTION ="" FIELDNUMBER ="4" FIELDPROPERTY ="0" FIELDTYPE ="ELEMITEM" HIDDEN ="NO" KEYTYPE ="NOT A KEY" LENGTH ="0" LEVEL ="0" NAME ="POLICY_NUMBER" NULLABLE ="NULL" OCCURS ="0" OFFSET ="0" PHYSICALLENGTH ="10" PHYSICALOFFSET ="105" PICTURETEXT ="" PRECISION ="10" SCALE ="0" USAGE_FLAGS =""/>
        <SOURCEFIELD BUSINESSNAME ="" DATATYPE ="varchar" DESCRIPTION ="" FIELDNUMBER ="5" FIELDPROPERTY ="0" FIELDTYPE ="ELEMITEM" HIDDEN ="NO" KEYTYPE ="NOT A KEY" LENGTH ="0" LEVEL ="0" NAME ="MODULE_NUMBER" NULLABLE ="NULL" OCCURS ="0" OFFSET ="0" PHYSICALLENGTH ="2" PHYSICALOFFSET ="115" PICTURETEXT ="" PRECISION ="2" SCALE ="0" USAGE_FLAGS =""/>
        <SOURCEFIELD BUSINESSNAME ="" DATATYPE ="varchar" DESCRIPTION ="" FIELDNUMBER ="6" FIELDPROPERTY ="0" FIELDTYPE ="ELEMITEM" HIDDEN ="NO" KEYTYPE ="NOT A KEY" LENGTH ="0" LEVEL ="0" NAME ="POLICY_EFFECTIVE_DATE" NULLABLE ="NULL" OCCURS ="0" OFFSET ="0" PHYSICALLENGTH ="16" PHYSICALOFFSET ="117" PICTURETEXT ="" PRECISION ="16" SCALE ="0" USAGE_FLAGS =""/>
        <SOURCEFIELD BUSINESSNAME ="" DATATYPE ="varchar" DESCRIPTION ="" FIELDNUMBER ="7" FIELDPROPERTY ="0" FIELDTYPE ="ELEMITEM" HIDDEN ="NO" KEYTYPE ="NOT A KEY" LENGTH ="0" LEVEL ="0" NAME ="POLICY_EXPIRATION_DATE" NULLABLE ="NULL" OCCURS ="0" OFFSET ="0" PHYSICALLENGTH ="16" PHYSICALOFFSET ="133" PICTURETEXT ="" PRECISION ="16" SCALE ="0" USAGE_FLAGS =""/>
        <SOURCEFIELD BUSINESSNAME ="" DATATYPE ="varchar" DESCRIPTION ="" FIELDNUMBER ="8" FIELDPROPERTY ="0" FIELDTYPE ="ELEMITEM" HIDDEN ="NO" KEYTYPE ="NOT A KEY" LENGTH ="0" LEVEL ="0" NAME ="CANCEL_DATE" NULLABLE ="NULL" OCCURS ="0" OFFSET ="0" PHYSICALLENGTH ="16" PHYSICALOFFSET ="149" PICTURETEXT ="" PRECISION ="16" SCALE ="0" USAGE_FLAGS =""/>
        <SOURCEFIELD BUSINESSNAME ="" DATATYPE ="varchar" DESCRIPTION ="" FIELDNUMBER ="9" FIELDPROPERTY ="0" FIELDTYPE ="ELEMITEM" HIDDEN ="NO" KEYTYPE ="NOT A KEY" LENGTH ="0" LEVEL ="0" NAME ="CANCELLATION_REASON_DESC" NULLABLE ="NULL" OCCURS ="0" OFFSET ="0" PHYSICALLENGTH ="100" PHYSICALOFFSET ="165" PICTURETEXT ="" PRECISION ="100" SCALE ="0" USAGE_FLAGS =""/>
        <SOURCEFIELD BUSINESSNAME ="" DATATYPE ="varchar" DESCRIPTION ="" FIELDNUMBER ="10" FIELDPROPERTY ="0" FIELDTYPE ="ELEMITEM" HIDDEN ="NO" KEYTYPE ="NOT A KEY" LENGTH ="0" LEVEL ="0" NAME ="SYTEM_RESOURCES_DESC" NULLABLE ="NULL" OCCURS ="0" OFFSET ="0" PHYSICALLENGTH ="100" PHYSICALOFFSET ="265" PICTURETEXT ="" PRECISION ="100" SCALE ="0" USAGE_FLAGS =""/>
        <SOURCEFIELD BUSINESSNAME ="" DATATYPE ="timestamp" DESCRIPTION ="" FIELDNUMBER ="11" FIELDPROPERTY ="0" FIELDTYPE ="ELEMITEM" HIDDEN ="NO" KEYTYPE ="NOT A KEY" LENGTH ="19" LEVEL ="0" NAME ="AUD_TIM" NULLABLE ="NULL" OCCURS ="0" OFFSET ="0" PHYSICALLENGTH ="26" PHYSICALOFFSET ="365" PICTURETEXT ="" PRECISION ="26" SCALE ="6" USAGE_FLAGS =""/>
        <SOURCEFIELD BUSINESSNAME ="" DATATYPE ="integer" DESCRIPTION ="" FIELDNUMBER ="12" FIELDPROPERTY ="0" FIELDTYPE ="ELEMITEM" HIDDEN ="NO" KEYTYPE ="NOT A KEY" LENGTH ="11" LEVEL ="0" NAME ="RUN_ID" NULLABLE ="NULL" OCCURS ="0" OFFSET ="19" PHYSICALLENGTH ="10" PHYSICALOFFSET ="391" PICTURETEXT ="" PRECISION ="10" SCALE ="0" USAGE_FLAGS =""/>
    </SOURCE>
    <SOURCE BUSINESSNAME ="" DATABASETYPE ="DB2" DBDNAME ="DB2" DESCRIPTION ="" NAME ="CSS55TF13T" OBJECTVERSION ="1" OWNERNAME ="XDCSS" VERSIONNUMBER ="1">
        <SOURCEFIELD BUSINESSNAME ="" DATATYPE ="varchar" DESCRIPTION ="" FIELDNUMBER ="1" FIELDPROPERTY ="0" FIELDTYPE ="ELEMITEM" HIDDEN ="NO" KEYTYPE ="NOT A KEY" LENGTH ="0" LEVEL ="0" NAME ="COUNTRY_ID" NULLABLE ="NULL" OCCURS ="0" OFFSET ="0" PHYSICALLENGTH ="50" PHYSICALOFFSET ="0" PICTURETEXT ="" PRECISION ="50" SCALE ="0" USAGE_FLAGS =""/>
        <SOURCEFIELD BUSINESSNAME ="" DATATYPE ="varchar" DESCRIPTION ="" FIELDNUMBER ="2" FIELDPROPERTY ="0" FIELDTYPE ="ELEMITEM" HIDDEN ="NO" KEYTYPE ="NOT A KEY" LENGTH ="0" LEVEL ="0" NAME ="POLICY" NULLABLE ="NULL" OCCURS ="0" OFFSET ="0" PHYSICALLENGTH ="100" PHYSICALOFFSET ="50" PICTURETEXT ="" PRECISION ="100" SCALE ="0" USAGE_FLAGS =""/>
        <SOURCEFIELD BUSINESSNAME ="" DATATYPE ="varchar" DESCRIPTION ="" FIELDNUMBER ="3" FIELDPROPERTY ="0" FIELDTYPE ="ELEMITEM" HIDDEN ="NO" KEYTYPE ="NOT A KEY" LENGTH ="0" LEVEL ="0" NAME ="DUE_DATE" NULLABLE ="NULL" OCCURS ="0" OFFSET ="0" PHYSICALLENGTH ="10" PHYSICALOFFSET ="150" PICTURETEXT ="" PRECISION ="10" SCALE ="0" USAGE_FLAGS =""/>
        <SOURCEFIELD BUSINESSNAME ="" DATATYPE ="varchar" DESCRIPTION ="" FIELDNUMBER ="4" FIELDPROPERTY ="0" FIELDTYPE ="ELEMITEM" HIDDEN ="NO" KEYTYPE ="NOT A KEY" LENGTH ="0" LEVEL ="0" NAME ="BILLING_DATE" NULLABLE ="NULL" OCCURS ="0" OFFSET ="0" PHYSICALLENGTH ="10" PHYSICALOFFSET ="160" PICTURETEXT ="" PRECISION ="10" SCALE ="0" USAGE_FLAGS =""/>
        <SOURCEFIELD BUSINESSNAME ="" DATATYPE ="varchar" DESCRIPTION ="" FIELDNUMBER ="5" FIELDPROPERTY ="0" FIELDTYPE ="ELEMITEM" HIDDEN ="NO" KEYTYPE ="NOT A KEY" LENGTH ="0" LEVEL ="0" NAME ="SPECIAL_PROGRAM" NULLABLE ="NULL" OCCURS ="0" OFFSET ="0" PHYSICALLENGTH ="10" PHYSICALOFFSET ="170" PICTURETEXT ="" PRECISION ="10" SCALE ="0" USAGE_FLAGS =""/>
        <SOURCEFIELD BUSINESSNAME ="" DATATYPE ="varchar" DESCRIPTION ="" FIELDNUMBER ="6" FIELDPROPERTY ="0" FIELDTYPE ="ELEMITEM" HIDDEN ="NO" KEYTYPE ="NOT A KEY" LENGTH ="0" LEVEL ="0" NAME ="DOCUMENT_NUMBER" NULLABLE ="NULL" OCCURS ="0" OFFSET ="0" PHYSICALLENGTH ="50" PHYSICALOFFSET ="180" PICTURETEXT ="" PRECISION ="50" SCALE ="0" USAGE_FLAGS =""/>
        <SOURCEFIELD BUSINESSNAME ="" DATATYPE ="varchar" DESCRIPTION ="" FIELDNUMBER ="7" FIELDPROPERTY ="0" FIELDTYPE ="ELEMITEM" HIDDEN ="NO" KEYTYPE ="NOT A KEY" LENGTH ="0" LEVEL ="0" NAME ="CUSTOMER" NULLABLE ="NULL" OCCURS ="0" OFFSET ="0" PHYSICALLENGTH ="50" PHYSICALOFFSET ="230" PICTURETEXT ="" PRECISION ="50" SCALE ="0" USAGE_FLAGS =""/>
        <SOURCEFIELD BUSINESSNAME ="" DATATYPE ="varchar" DESCRIPTION ="" FIELDNUMBER ="8" FIELDPROPERTY ="0" FIELDTYPE ="ELEMITEM" HIDDEN ="NO" KEYTYPE ="NOT A KEY" LENGTH ="0" LEVEL ="0" NAME ="SUBMARKET_UNIT" NULLABLE ="NULL" OCCURS ="0" OFFSET ="0" PHYSICALLENGTH ="50" PHYSICALOFFSET ="280" PICTURETEXT ="" PRECISION ="50" SCALE ="0" USAGE_FLAGS =""/>
        <SOURCEFIELD BUSINESSNAME ="" DATATYPE ="varchar" DESCRIPTION ="" FIELDNUMBER ="9" FIELDPROPERTY ="0" FIELDTYPE ="ELEMITEM" HIDDEN ="NO" KEYTYPE ="NOT A KEY" LENGTH ="0" LEVEL ="0" NAME ="CASH_ON_ACCOUNT" NULLABLE ="NULL" OCCURS ="0" OFFSET ="0" PHYSICALLENGTH ="8" PHYSICALOFFSET ="330" PICTURETEXT ="" PRECISION ="8" SCALE ="0" USAGE_FLAGS =""/>
        <SOURCEFIELD BUSINESSNAME ="" DATATYPE ="varchar" DESCRIPTION ="" FIELDNUMBER ="10" FIELDPROPERTY ="0" FIELDTYPE ="ELEMITEM" HIDDEN ="NO" KEYTYPE ="NOT A KEY" LENGTH ="0" LEVEL ="0" NAME ="LINE_OF_BUSINESS" NULLABLE ="NULL" OCCURS ="0" OFFSET ="0" PHYSICALLENGTH ="50" PHYSICALOFFSET ="338" PICTURETEXT ="" PRECISION ="50" SCALE ="0" USAGE_FLAGS =""/>
        <SOURCEFIELD BUSINESSNAME ="" DATATYPE ="varchar" DESCRIPTION ="" FIELDNUMBER ="11" FIELDPROPERTY ="0" FIELDTYPE ="ELEMITEM" HIDDEN ="NO" KEYTYPE ="NOT A KEY" LENGTH ="0" LEVEL ="0" NAME ="BROKER" NULLABLE ="NULL" OCCURS ="0" OFFSET ="0" PHYSICALLENGTH ="20" PHYSICALOFFSET ="388" PICTURETEXT ="" PRECISION ="20" SCALE ="0" USAGE_FLAGS =""/>
        <SOURCEFIELD BUSINESSNAME ="" DATATYPE ="varchar" DESCRIPTION ="" FIELDNUMBER ="12" FIELDPROPERTY ="0" FIELDTYPE ="ELEMITEM" HIDDEN ="NO" KEYTYPE ="NOT A KEY" LENGTH ="0" LEVEL ="0" NAME ="AR_CURRENCY" NULLABLE ="NULL" OCCURS ="0" OFFSET ="0" PHYSICALLENGTH ="3" PHYSICALOFFSET ="408" PICTURETEXT ="" PRECISION ="3" SCALE ="0" USAGE_FLAGS =""/>
        <SOURCEFIELD BUSINESSNAME ="" DATATYPE ="varchar" DESCRIPTION ="" FIELDNUMBER ="13" FIELDPROPERTY ="0" FIELDTYPE ="ELEMITEM" HIDDEN ="NO" KEYTYPE ="NOT A KEY" LENGTH ="0" LEVEL ="0" NAME ="AR_AMOUNT" NULLABLE ="NULL" OCCURS ="0" OFFSET ="0" PHYSICALLENGTH ="15" PHYSICALOFFSET ="411" PICTURETEXT ="" PRECISION ="15" SCALE ="0" USAGE_FLAGS =""/>
        <SOURCEFIELD BUSINESSNAME ="" DATATYPE ="varchar" DESCRIPTION ="" FIELDNUMBER ="14" FIELDPROPERTY ="0" FIELDTYPE ="ELEMITEM" HIDDEN ="NO" KEYTYPE ="NOT A KEY" LENGTH ="0" LEVEL ="0" NAME ="SPECIAL_COLLECTION" NULLABLE ="NULL" OCCURS ="0" OFFSET ="0" PHYSICALLENGTH ="20" PHYSICALOFFSET ="426" PICTURETEXT ="" PRECISION ="20" SCALE ="0" USAGE_FLAGS =""/>
        <SOURCEFIELD BUSINESSNAME ="" DATATYPE ="varchar" DESCRIPTION ="" FIELDNUMBER ="15" FIELDPROPERTY ="0" FIELDTYPE ="ELEMITEM" HIDDEN ="NO" KEYTYPE ="NOT A KEY" LENGTH ="0" LEVEL ="0" NAME ="PREMIUM" NULLABLE ="NULL" OCCURS ="0" OFFSET ="0" PHYSICALLENGTH ="1" PHYSICALOFFSET ="446" PICTURETEXT ="" PRECISION ="1" SCALE ="0" USAGE_FLAGS =""/>
        <SOURCEFIELD BUSINESSNAME ="" DATATYPE ="varchar" DESCRIPTION ="" FIELDNUMBER ="16" FIELDPROPERTY ="0" FIELDTYPE ="ELEMITEM" HIDDEN ="NO" KEYTYPE ="NOT A KEY" LENGTH ="0" LEVEL ="0" NAME ="POSTING_DATE" NULLABLE ="NULL" OCCURS ="0" OFFSET ="0" PHYSICALLENGTH ="10" PHYSICALOFFSET ="447" PICTURETEXT ="" PRECISION ="10" SCALE ="0" USAGE_FLAGS =""/>
        <SOURCEFIELD BUSINESSNAME ="" DATATYPE ="varchar" DESCRIPTION ="" FIELDNUMBER ="17" FIELDPROPERTY ="0" FIELDTYPE ="ELEMITEM" HIDDEN ="NO" KEYTYPE ="NOT A KEY" LENGTH ="0" LEVEL ="0" NAME ="DEFERRAL_DATE" NULLABLE ="NULL" OCCURS ="0" OFFSET ="0" PHYSICALLENGTH ="10" PHYSICALOFFSET ="457" PICTURETEXT ="" PRECISION ="10" SCALE ="0" USAGE_FLAGS =""/>
        <SOURCEFIELD BUSINESSNAME ="" DATATYPE ="varchar" DESCRIPTION ="" FIELDNUMBER ="18" FIELDPROPERTY ="0" FIELDTYPE ="ELEMITEM" HIDDEN ="NO" KEYTYPE ="NOT A KEY" LENGTH ="0" LEVEL ="0" NAME ="AGE_BUCKET_ID" NULLABLE ="NULL" OCCURS ="0" OFFSET ="0" PHYSICALLENGTH ="1" PHYSICALOFFSET ="467" PICTURETEXT ="" PRECISION ="1" SCALE ="0" USAGE_FLAGS =""/>
        <SOURCEFIELD BUSINESSNAME ="" DATATYPE ="integer" DESCRIPTION ="" FIELDNUMBER ="19" FIELDPROPERTY ="0" FIELDTYPE ="ELEMITEM" HIDDEN ="NO" KEYTYPE ="NOT A KEY" LENGTH ="11" LEVEL ="0" NAME ="MONTH_ID" NULLABLE ="NULL" OCCURS ="0" OFFSET ="0" PHYSICALLENGTH ="10" PHYSICALOFFSET ="468" PICTURETEXT ="" PRECISION ="10" SCALE ="0" USAGE_FLAGS =""/>
        <SOURCEFIELD BUSINESSNAME ="" DATATYPE ="varchar" DESCRIPTION ="" FIELDNUMBER ="20" FIELDPROPERTY ="0" FIELDTYPE ="ELEMITEM" HIDDEN ="NO" KEYTYPE ="NOT A KEY" LENGTH ="0" LEVEL ="0" NAME ="UNDERWRITER_ID" NULLABLE ="NULL" OCCURS ="0" OFFSET ="11" PHYSICALLENGTH ="10" PHYSICALOFFSET ="478" PICTURETEXT ="" PRECISION ="10" SCALE ="0" USAGE_FLAGS =""/>
        <SOURCEFIELD BUSINESSNAME ="" DATATYPE ="timestamp" DESCRIPTION ="" FIELDNUMBER ="21" FIELDPROPERTY ="0" FIELDTYPE ="ELEMITEM" HIDDEN ="NO" KEYTYPE ="NOT A KEY" LENGTH ="19" LEVEL ="0" NAME ="AUD_TIM" NULLABLE ="NULL" OCCURS ="0" OFFSET ="11" PHYSICALLENGTH ="26" PHYSICALOFFSET ="488" PICTURETEXT ="" PRECISION ="26" SCALE ="6" USAGE_FLAGS =""/>
        <SOURCEFIELD BUSINESSNAME ="" DATATYPE ="integer" DESCRIPTION ="" FIELDNUMBER ="22" FIELDPROPERTY ="0" FIELDTYPE ="ELEMITEM" HIDDEN ="NO" KEYTYPE ="NOT A KEY" LENGTH ="11" LEVEL ="0" NAME ="RUN_ID" NULLABLE ="NULL" OCCURS ="0" OFFSET ="30" PHYSICALLENGTH ="10" PHYSICALOFFSET ="514" PICTURETEXT ="" PRECISION ="10" SCALE ="0" USAGE_FLAGS =""/>
    </SOURCE>
    <TARGET BUSINESSNAME ="" CONSTRAINT ="" DATABASETYPE ="DB2" DESCRIPTION ="" NAME ="CSS55FF08T" OBJECTVERSION ="1" TABLEOPTIONS ="" VERSIONNUMBER ="1">
        <TARGETFIELD BUSINESSNAME ="" DATATYPE ="varchar" DESCRIPTION ="" FIELDNUMBER ="1" KEYTYPE ="NOT A KEY" NAME ="POLICY_NUMBER" NULLABLE ="NULL" PICTURETEXT ="" PRECISION ="15" SCALE ="0"/>
        <TARGETFIELD BUSINESSNAME ="" DATATYPE ="varchar" DESCRIPTION ="" FIELDNUMBER ="2" KEYTYPE ="NOT A KEY" NAME ="COUNTRY_CODE" NULLABLE ="NULL" PICTURETEXT ="" PRECISION ="50" SCALE ="0"/>
        <TARGETFIELD BUSINESSNAME ="" DATATYPE ="varchar" DESCRIPTION ="" FIELDNUMBER ="3" KEYTYPE ="NOT A KEY" NAME ="INSURED" NULLABLE ="NULL" PICTURETEXT ="" PRECISION ="65" SCALE ="0"/>
        <TARGETFIELD BUSINESSNAME ="" DATATYPE ="varchar" DESCRIPTION ="" FIELDNUMBER ="4" KEYTYPE ="NOT A KEY" NAME ="PREMIUM_CANCELLATIONS" NULLABLE ="NULL" PICTURETEXT ="" PRECISION ="20" SCALE ="0"/>
        <TARGETFIELD BUSINESSNAME ="" DATATYPE ="integer" DESCRIPTION ="" FIELDNUMBER ="5" KEYTYPE ="NOT A KEY" NAME ="MONTH_ID" NULLABLE ="NULL" PICTURETEXT ="" PRECISION ="10" SCALE ="0"/>
        <TARGETFIELD BUSINESSNAME ="" DATATYPE ="varchar" DESCRIPTION ="" FIELDNUMBER ="6" KEYTYPE ="NOT A KEY" NAME ="SUBMARKET_UNIT" NULLABLE ="NULL" PICTURETEXT ="" PRECISION ="50" SCALE ="0"/>
        <TARGETFIELD BUSINESSNAME ="" DATATYPE ="varchar" DESCRIPTION ="" FIELDNUMBER ="7" KEYTYPE ="NOT A KEY" NAME ="CURRENCY" NULLABLE ="NULL" PICTURETEXT ="" PRECISION ="4" SCALE ="0"/>
        <TARGETFIELD BUSINESSNAME ="" DATATYPE ="timestamp" DESCRIPTION ="" FIELDNUMBER ="8" KEYTYPE ="NOT A KEY" NAME ="AUD_TIM" NULLABLE ="NULL" PICTURETEXT ="" PRECISION ="26" SCALE ="6"/>
        <TARGETFIELD BUSINESSNAME ="" DATATYPE ="integer" DESCRIPTION ="" FIELDNUMBER ="9" KEYTYPE ="NOT A KEY" NAME ="RUN_ID" NULLABLE ="NULL" PICTURETEXT ="" PRECISION ="10" SCALE ="0"/>
    </TARGET>
    <EXPRMACRO DESCRIPTION ="" EXPRESSION ="RTRIM(LTRIM(STRING_CHAR,CHAR),CHAR)" MACROTYPE ="Public" NAME ="TRIM" OBJECTVERSION ="1" PROTOTYPE ="NSTRING TRIM( STRING_CHAR as string, CHAR as string )" RETURNTYPE ="nstring" VERSIONNUMBER ="1">
        <MACROARGUMENT ARGORDER ="1" DATATYPE ="string" NAME ="STRING_CHAR" PRECISION ="1000" SCALE ="0"/>
        <MACROARGUMENT ARGORDER ="2" DATATYPE ="string" NAME ="CHAR" PRECISION ="10" SCALE ="0"/>
    </EXPRMACRO>
    <MAPPING DESCRIPTION ="" ISVALID ="YES" NAME ="m_CSS55_AR_BD_POLICY_CANCEL" OBJECTVERSION ="1" VERSIONNUMBER ="1">
        <TRANSFORMATION DESCRIPTION ="" NAME ="AGG_POLICY_CANCEL" OBJECTVERSION ="1" REUSABLE ="NO" TYPE ="Aggregator" VERSIONNUMBER ="1">
            <TRANSFORMFIELD DATATYPE ="string" DEFAULTVALUE ="" DESCRIPTION ="" EXPRESSION ="Policy_Number_IN" EXPRESSIONTYPE ="GROUPBY" NAME ="Policy_Number_IN" PICTURETEXT ="" PORTTYPE ="INPUT/OUTPUT" PRECISION ="15" SCALE ="0"/>
            <TRANSFORMFIELD DATATYPE ="string" DEFAULTVALUE ="" DESCRIPTION ="" EXPRESSION ="Insured_Name_IN" EXPRESSIONTYPE ="GROUPBY" NAME ="Insured_Name_IN" PICTURETEXT ="" PORTTYPE ="INPUT/OUTPUT" PRECISION ="100" SCALE ="0"/>
            <TRANSFORMFIELD DATATYPE ="string" DEFAULTVALUE ="" DESCRIPTION ="" EXPRESSION ="Cancel_Date_IN" EXPRESSIONTYPE ="GROUPBY" NAME ="Cancel_Date_IN" PICTURETEXT ="" PORTTYPE ="INPUT/OUTPUT" PRECISION ="16" SCALE ="0"/>
            <TRANSFORMFIELD DATATYPE ="string" DEFAULTVALUE ="" DESCRIPTION ="" EXPRESSION ="AR_CURRENCY_IN" EXPRESSIONTYPE ="GROUPBY" NAME ="AR_CURRENCY_IN" PICTURETEXT ="" PORTTYPE ="INPUT/OUTPUT" PRECISION ="3" SCALE ="0"/>
            <TRANSFORMFIELD DATATYPE ="string" DEFAULTVALUE ="" DESCRIPTION ="" NAME ="AR_AMOUNT_IN" PICTURETEXT ="" PORTTYPE ="INPUT" PRECISION ="18" SCALE ="0"/>
            <TRANSFORMFIELD DATATYPE ="string" DEFAULTVALUE ="" DESCRIPTION ="" EXPRESSION ="COUNTRY_ID_IN" EXPRESSIONTYPE ="GROUPBY" NAME ="COUNTRY_ID_IN" PICTURETEXT ="" PORTTYPE ="INPUT/OUTPUT" PRECISION ="3" SCALE ="0"/>
            <TRANSFORMFIELD DATATYPE ="string" DEFAULTVALUE ="" DESCRIPTION ="" EXPRESSION ="SUBMARKET_UNIT_IN" EXPRESSIONTYPE ="GROUPBY" NAME ="SUBMARKET_UNIT_IN" PICTURETEXT ="" PORTTYPE ="INPUT/OUTPUT" PRECISION ="10" SCALE ="0"/>
            <TRANSFORMFIELD DATATYPE ="string" DEFAULTVALUE ="ERROR(&apos;transformation error&apos;)" DESCRIPTION ="" EXPRESSION ="to_char(round(SUM(to_decimal(ReplaceChr(0,AR_AMOUNT_IN,&apos;,&apos;,&apos;&apos;))),2))" EXPRESSIONTYPE ="GENERAL" NAME ="AR_AMOUNT" PICTURETEXT ="" PORTTYPE ="OUTPUT" PRECISION ="18" SCALE ="0"/>
            <TRANSFORMFIELD DATATYPE ="integer" DEFAULTVALUE ="" DESCRIPTION ="" EXPRESSION ="MONTH_ID" EXPRESSIONTYPE ="GROUPBY" NAME ="MONTH_ID" PICTURETEXT ="" PORTTYPE ="INPUT/OUTPUT" PRECISION ="10" SCALE ="0"/>
            <TRANSFORMFIELD DATATYPE ="date/time" DEFAULTVALUE ="ERROR(&apos;transformation error&apos;)" DESCRIPTION ="" EXPRESSION ="SESSSTARTTIME" EXPRESSIONTYPE ="GENERAL" NAME ="AUD_TIM" PICTURETEXT ="" PORTTYPE ="OUTPUT" PRECISION ="29" SCALE ="9"/>
            <TRANSFORMFIELD DATATYPE ="integer" DEFAULTVALUE ="ERROR(&apos;transformation error&apos;)" DESCRIPTION ="" EXPRESSION ="$$RUNID" EXPRESSIONTYPE ="GENERAL" NAME ="RUN_ID" PICTURETEXT ="" PORTTYPE ="OUTPUT" PRECISION ="10" SCALE ="0"/>
            <TABLEATTRIBUTE NAME ="Cache Directory" VALUE ="$PMCacheDir"/>
            <TABLEATTRIBUTE NAME ="Tracing Level" VALUE ="Normal"/>
            <TABLEATTRIBUTE NAME ="Sorted Input" VALUE ="NO"/>
            <TABLEATTRIBUTE NAME ="Aggregator Data Cache Size" VALUE ="Auto"/>
            <TABLEATTRIBUTE NAME ="Aggregator Index Cache Size" VALUE ="Auto"/>
            <TABLEATTRIBUTE NAME ="Transformation Scope" VALUE ="All Input"/>
        </TRANSFORMATION>
        <TRANSFORMATION DESCRIPTION ="This filter filters the cancellation dates that are older than the current month." NAME ="FIL_MONTH_ID" OBJECTVERSION ="1" REUSABLE ="NO" TYPE ="Filter" VERSIONNUMBER ="1">
            <TRANSFORMFIELD DATATYPE ="string" DEFAULTVALUE ="" DESCRIPTION ="" NAME ="Policy_Number" PICTURETEXT ="" PORTTYPE ="INPUT/OUTPUT" PRECISION ="15" SCALE ="0"/>
            <TRANSFORMFIELD DATATYPE ="string" DEFAULTVALUE ="" DESCRIPTION ="" NAME ="Insured_Name" PICTURETEXT ="" PORTTYPE ="INPUT/OUTPUT" PRECISION ="100" SCALE ="0"/>
            <TRANSFORMFIELD DATATYPE ="string" DEFAULTVALUE ="" DESCRIPTION ="" NAME ="Cancel_Date" PICTURETEXT ="" PORTTYPE ="INPUT/OUTPUT" PRECISION ="16" SCALE ="0"/>
            <TRANSFORMFIELD DATATYPE ="string" DEFAULTVALUE ="" DESCRIPTION ="" NAME ="AR_CURRENCY" PICTURETEXT ="" PORTTYPE ="INPUT/OUTPUT" PRECISION ="3" SCALE ="0"/>
            <TRANSFORMFIELD DATATYPE ="string" DEFAULTVALUE ="" DESCRIPTION ="" NAME ="AR_AMOUNT" PICTURETEXT ="" PORTTYPE ="INPUT/OUTPUT" PRECISION ="18" SCALE ="0"/>
            <TRANSFORMFIELD DATATYPE ="string" DEFAULTVALUE ="" DESCRIPTION ="" NAME ="COUNTRY_ID" PICTURETEXT ="" PORTTYPE ="INPUT/OUTPUT" PRECISION ="3" SCALE ="0"/>
            <TRANSFORMFIELD DATATYPE ="string" DEFAULTVALUE ="" DESCRIPTION ="" NAME ="SUBMARKET_UNIT" PICTURETEXT ="" PORTTYPE ="INPUT/OUTPUT" PRECISION ="10" SCALE ="0"/>
            <TRANSFORMFIELD DATATYPE ="string" DEFAULTVALUE ="" DESCRIPTION ="" NAME ="POLICY" PICTURETEXT ="" PORTTYPE ="INPUT/OUTPUT" PRECISION ="20" SCALE ="0"/>
            <TRANSFORMFIELD DATATYPE ="integer" DEFAULTVALUE ="" DESCRIPTION ="" NAME ="KEY_DATE" PICTURETEXT ="" PORTTYPE ="INPUT/OUTPUT" PRECISION ="10" SCALE ="0"/>
            <TRANSFORMFIELD DATATYPE ="integer" DEFAULTVALUE ="" DESCRIPTION ="" NAME ="MONTH_ID" PICTURETEXT ="" PORTTYPE ="INPUT/OUTPUT" PRECISION ="10" SCALE ="0"/>
            <TABLEATTRIBUTE NAME ="Filter Condition" VALUE ="IIF(DATE_COMPARE(&#xD;&#xA;TO_DATE(SUBSTR(Cancel_Date,0,10),&apos;DD.MM.YYYY&apos;),&#xD;&#xA;TO_DATE(TO_CHAR(MONTH_ID) || &apos;01&apos;,&apos;YYYYMMDD&apos;)&#xD;&#xA;) &lt; 1,true,false)"/>
            <TABLEATTRIBUTE NAME ="Tracing Level" VALUE ="Normal"/>
        </TRANSFORMATION>
        <TRANSFORMATION DESCRIPTION ="" NAME ="JNR_POLICY_CANCEL" OBJECTVERSION ="1" REUSABLE ="NO" TYPE ="Joiner" VERSIONNUMBER ="1">
            <TRANSFORMFIELD DATATYPE ="string" DEFAULTVALUE ="" DESCRIPTION ="" NAME ="Policy_Number" PICTURETEXT ="" PORTTYPE ="INPUT/OUTPUT" PRECISION ="15" SCALE ="0"/>
            <TRANSFORMFIELD DATATYPE ="string" DEFAULTVALUE ="" DESCRIPTION ="" NAME ="Insured_Name" PICTURETEXT ="" PORTTYPE ="INPUT/OUTPUT" PRECISION ="100" SCALE ="0"/>
            <TRANSFORMFIELD DATATYPE ="string" DEFAULTVALUE ="" DESCRIPTION ="" NAME ="Cancel_Date" PICTURETEXT ="" PORTTYPE ="INPUT/OUTPUT" PRECISION ="16" SCALE ="0"/>
            <TRANSFORMFIELD DATATYPE ="integer" DEFAULTVALUE ="" DESCRIPTION ="" NAME ="MONTH_ID" PICTURETEXT ="" PORTTYPE ="INPUT/OUTPUT" PRECISION ="10" SCALE ="0"/>
            <TRANSFORMFIELD DATATYPE ="string" DEFAULTVALUE ="" DESCRIPTION ="" NAME ="AR_CURRENCY" PICTURETEXT ="" PORTTYPE ="INPUT/OUTPUT/MASTER" PRECISION ="3" SCALE ="0"/>
            <TRANSFORMFIELD DATATYPE ="string" DEFAULTVALUE ="" DESCRIPTION ="" NAME ="AR_AMOUNT" PICTURETEXT ="" PORTTYPE ="INPUT/OUTPUT/MASTER" PRECISION ="18" SCALE ="0"/>
            <TRANSFORMFIELD DATATYPE ="string" DEFAULTVALUE ="" DESCRIPTION ="" NAME ="COUNTRY_ID" PICTURETEXT ="" PORTTYPE ="INPUT/OUTPUT/MASTER" PRECISION ="3" SCALE ="0"/>
            <TRANSFORMFIELD DATATYPE ="string" DEFAULTVALUE ="" DESCRIPTION ="" NAME ="SUBMARKET_UNIT" PICTURETEXT ="" PORTTYPE ="INPUT/OUTPUT/MASTER" PRECISION ="10" SCALE ="0"/>
            <TRANSFORMFIELD DATATYPE ="string" DEFAULTVALUE ="" DESCRIPTION ="" NAME ="POLICY" PICTURETEXT ="" PORTTYPE ="INPUT/MASTER" PRECISION ="20" SCALE ="0"/>
            <TRANSFORMFIELD DATATYPE ="integer" DEFAULTVALUE ="" DESCRIPTION ="" NAME ="MONTH_ID_PREPARE" PICTURETEXT ="" PORTTYPE ="INPUT/OUTPUT/MASTER" PRECISION ="10" SCALE ="0"/>
            <TABLEATTRIBUTE NAME ="Case Sensitive String Comparison" VALUE ="YES"/>
            <TABLEATTRIBUTE NAME ="Cache Directory" VALUE ="$PMCacheDir"/>
            <TABLEATTRIBUTE NAME ="Join Condition" VALUE ="POLICY = Policy_Number AND MONTH_ID_PREPARE = MONTH_ID"/>
            <TABLEATTRIBUTE NAME ="Join Type" VALUE ="Normal Join"/>
            <TABLEATTRIBUTE NAME ="Null ordering in master" VALUE ="Null Is Highest Value"/>
            <TABLEATTRIBUTE NAME ="Null ordering in detail" VALUE ="Null Is Highest Value"/>
            <TABLEATTRIBUTE NAME ="Tracing Level" VALUE ="Normal"/>
            <TABLEATTRIBUTE NAME ="Joiner Data Cache Size" VALUE ="Auto"/>
            <TABLEATTRIBUTE NAME ="Joiner Index Cache Size" VALUE ="Auto"/>
            <TABLEATTRIBUTE NAME ="Sorted Input" VALUE ="NO"/>
            <TABLEATTRIBUTE NAME ="Master Sort Order" VALUE ="Auto"/>
            <TABLEATTRIBUTE NAME ="Transformation Scope" VALUE ="All Input"/>
        </TRANSFORMATION>
        <TRANSFORMATION DESCRIPTION ="" NAME ="EXP_POLICY_CANCEL" OBJECTVERSION ="1" REUSABLE ="NO" TYPE ="Expression" VERSIONNUMBER ="1">
            <TRANSFORMFIELD DATATYPE ="string" DEFAULTVALUE ="ERROR(&apos;transformation error&apos;)" DESCRIPTION ="" EXPRESSION =":UDF.TRIM(Insured_Name_IN,&apos; &apos;)" EXPRESSIONTYPE ="GENERAL" NAME ="Insured_Name" PICTURETEXT ="" PORTTYPE ="OUTPUT" PRECISION ="100" SCALE ="0"/>
            <TRANSFORMFIELD DATATYPE ="string" DEFAULTVALUE ="ERROR(&apos;transformation error&apos;)" DESCRIPTION ="" EXPRESSION ="concat(:UDF.TRIM(Policy_Symbol_IN,&apos; &apos;),concat(:UDF.TRIM(Policy_Number_IN,&apos; &apos;),:UDF.TRIM(Module_Number_IN,&apos; &apos;)))" EXPRESSIONTYPE ="GENERAL" NAME ="Policy_Number" PICTURETEXT ="" PORTTYPE ="OUTPUT" PRECISION ="15" SCALE ="0"/>
            <TRANSFORMFIELD DATATYPE ="string" DEFAULTVALUE ="ERROR(&apos;transformation error&apos;)" DESCRIPTION ="" EXPRESSION =":UDF.TRIM(Cancel_Date_IN,&apos; &apos;)" EXPRESSIONTYPE ="GENERAL" NAME ="Cancel_Date" PICTURETEXT ="" PORTTYPE ="OUTPUT" PRECISION ="10" SCALE ="0"/>
            <TRANSFORMFIELD DATATYPE ="string" DEFAULTVALUE ="" DESCRIPTION ="" NAME ="Insured_Name_IN" PICTURETEXT ="" PORTTYPE ="INPUT" PRECISION ="100" SCALE ="0"/>
            <TRANSFORMFIELD DATATYPE ="string" DEFAULTVALUE ="" DESCRIPTION ="" NAME ="Policy_Symbol_IN" PICTURETEXT ="" PORTTYPE ="INPUT" PRECISION ="3" SCALE ="0"/>
            <TRANSFORMFIELD DATATYPE ="string" DEFAULTVALUE ="" DESCRIPTION ="" NAME ="Policy_Number_IN" PICTURETEXT ="" PORTTYPE ="INPUT" PRECISION ="10" SCALE ="0"/>
            <TRANSFORMFIELD DATATYPE ="string" DEFAULTVALUE ="" DESCRIPTION ="" NAME ="Module_Number_IN" PICTURETEXT ="" PORTTYPE ="INPUT" PRECISION ="2" SCALE ="0"/>
            <TRANSFORMFIELD DATATYPE ="string" DEFAULTVALUE ="" DESCRIPTION ="" NAME ="Cancel_Date_IN" PICTURETEXT ="" PORTTYPE ="INPUT" PRECISION ="16" SCALE ="0"/>
            <TRANSFORMFIELD DATATYPE ="integer" DEFAULTVALUE ="ERROR(&apos;transformation error&apos;)" DESCRIPTION ="" EXPRESSION ="IIF($$MONTHID=0,&#xD;&#xA;TO_INTEGER(&#xD;&#xA;TO_CHAR(add_to_date(SYSTIMESTAMP(),&apos;MM&apos;,-1),&apos;YYYYMM&apos;))&#xD;&#xA;,$$MONTHID)" EXPRESSIONTYPE ="GENERAL" NAME ="MONTH_ID" PICTURETEXT ="" PORTTYPE ="OUTPUT" PRECISION ="10" SCALE ="0"/>
            <TABLEATTRIBUTE NAME ="Tracing Level" VALUE ="Normal"/>
            <EXPRMACRODEPENDENCY NAME ="TRIM"/>
        </TRANSFORMATION>
        <TRANSFORMATION DESCRIPTION ="" NAME ="SQ_CSS55LF25T" OBJECTVERSION ="1" REUSABLE ="NO" TYPE ="Source Qualifier" VERSIONNUMBER ="1">
            <TRANSFORMFIELD DATATYPE ="string" DEFAULTVALUE ="" DESCRIPTION ="" NAME ="BILLING_SYSTEM_IND" PICTURETEXT ="" PORTTYPE ="INPUT/OUTPUT" PRECISION ="2" SCALE ="0"/>
            <TRANSFORMFIELD DATATYPE ="string" DEFAULTVALUE ="" DESCRIPTION ="" NAME ="INSURANCE_NAME" PICTURETEXT ="" PORTTYPE ="INPUT/OUTPUT" PRECISION ="100" SCALE ="0"/>
            <TRANSFORMFIELD DATATYPE ="string" DEFAULTVALUE ="" DESCRIPTION ="" NAME ="POLICY_SYMBOL" PICTURETEXT ="" PORTTYPE ="INPUT/OUTPUT" PRECISION ="3" SCALE ="0"/>
            <TRANSFORMFIELD DATATYPE ="string" DEFAULTVALUE ="" DESCRIPTION ="" NAME ="POLICY_NUMBER" PICTURETEXT ="" PORTTYPE ="INPUT/OUTPUT" PRECISION ="10" SCALE ="0"/>
            <TRANSFORMFIELD DATATYPE ="string" DEFAULTVALUE ="" DESCRIPTION ="" NAME ="MODULE_NUMBER" PICTURETEXT ="" PORTTYPE ="INPUT/OUTPUT" PRECISION ="2" SCALE ="0"/>
            <TRANSFORMFIELD DATATYPE ="string" DEFAULTVALUE ="" DESCRIPTION ="" NAME ="POLICY_EFFECTIVE_DATE" PICTURETEXT ="" PORTTYPE ="INPUT/OUTPUT" PRECISION ="16" SCALE ="0"/>
            <TRANSFORMFIELD DATATYPE ="string" DEFAULTVALUE ="" DESCRIPTION ="" NAME ="POLICY_EXPIRATION_DATE" PICTURETEXT ="" PORTTYPE ="INPUT/OUTPUT" PRECISION ="16" SCALE ="0"/>
            <TRANSFORMFIELD DATATYPE ="string" DEFAULTVALUE ="" DESCRIPTION ="" NAME ="CANCEL_DATE" PICTURETEXT ="" PORTTYPE ="INPUT/OUTPUT" PRECISION ="16" SCALE ="0"/>
            <TRANSFORMFIELD DATATYPE ="string" DEFAULTVALUE ="" DESCRIPTION ="" NAME ="CANCELLATION_REASON_DESC" PICTURETEXT ="" PORTTYPE ="INPUT/OUTPUT" PRECISION ="100" SCALE ="0"/>
            <TRANSFORMFIELD DATATYPE ="string" DEFAULTVALUE ="" DESCRIPTION ="" NAME ="SYTEM_RESOURCES_DESC" PICTURETEXT ="" PORTTYPE ="INPUT/OUTPUT" PRECISION ="100" SCALE ="0"/>
            <TRANSFORMFIELD DATATYPE ="date/time" DEFAULTVALUE ="" DESCRIPTION ="" NAME ="AUD_TIM" PICTURETEXT ="" PORTTYPE ="INPUT/OUTPUT" PRECISION ="29" SCALE ="9"/>
            <TRANSFORMFIELD DATATYPE ="integer" DEFAULTVALUE ="" DESCRIPTION ="" NAME ="RUN_ID" PICTURETEXT ="" PORTTYPE ="INPUT/OUTPUT" PRECISION ="10" SCALE ="0"/>
            <TABLEATTRIBUTE NAME ="Sql Query" VALUE =""/>
            <TABLEATTRIBUTE NAME ="User Defined Join" VALUE =""/>
            <TABLEATTRIBUTE NAME ="Source Filter" VALUE =""/>
            <TABLEATTRIBUTE NAME ="Number Of Sorted Ports" VALUE ="0"/>
            <TABLEATTRIBUTE NAME ="Tracing Level" VALUE ="Normal"/>
            <TABLEATTRIBUTE NAME ="Select Distinct" VALUE ="NO"/>
            <TABLEATTRIBUTE NAME ="Is Partitionable" VALUE ="NO"/>
            <TABLEATTRIBUTE NAME ="Pre SQL" VALUE =""/>
            <TABLEATTRIBUTE NAME ="Post SQL" VALUE =""/>
            <TABLEATTRIBUTE NAME ="Output is deterministic" VALUE ="NO"/>
            <TABLEATTRIBUTE NAME ="Output is repeatable" VALUE ="Never"/>
        </TRANSFORMATION>
        <TRANSFORMATION DESCRIPTION ="" NAME ="SQ_CSS55TF13T" OBJECTVERSION ="1" REUSABLE ="NO" TYPE ="Source Qualifier" VERSIONNUMBER ="1">
            <TRANSFORMFIELD DATATYPE ="string" DEFAULTVALUE ="" DESCRIPTION ="" NAME ="COUNTRY_ID" PICTURETEXT ="" PORTTYPE ="INPUT/OUTPUT" PRECISION ="50" SCALE ="0"/>
            <TRANSFORMFIELD DATATYPE ="string" DEFAULTVALUE ="" DESCRIPTION ="" NAME ="POLICY" PICTURETEXT ="" PORTTYPE ="INPUT/OUTPUT" PRECISION ="100" SCALE ="0"/>
            <TRANSFORMFIELD DATATYPE ="string" DEFAULTVALUE ="" DESCRIPTION ="" NAME ="DUE_DATE" PICTURETEXT ="" PORTTYPE ="INPUT/OUTPUT" PRECISION ="10" SCALE ="0"/>
            <TRANSFORMFIELD DATATYPE ="string" DEFAULTVALUE ="" DESCRIPTION ="" NAME ="BILLING_DATE" PICTURETEXT ="" PORTTYPE ="INPUT/OUTPUT" PRECISION ="10" SCALE ="0"/>
            <TRANSFORMFIELD DATATYPE ="string" DEFAULTVALUE ="" DESCRIPTION ="" NAME ="SPECIAL_PROGRAM" PICTURETEXT ="" PORTTYPE ="INPUT/OUTPUT" PRECISION ="10" SCALE ="0"/>
            <TRANSFORMFIELD DATATYPE ="string" DEFAULTVALUE ="" DESCRIPTION ="" NAME ="DOCUMENT_NUMBER" PICTURETEXT ="" PORTTYPE ="INPUT/OUTPUT" PRECISION ="50" SCALE ="0"/>
            <TRANSFORMFIELD DATATYPE ="string" DEFAULTVALUE ="" DESCRIPTION ="" NAME ="CUSTOMER" PICTURETEXT ="" PORTTYPE ="INPUT/OUTPUT" PRECISION ="50" SCALE ="0"/>
            <TRANSFORMFIELD DATATYPE ="string" DEFAULTVALUE ="" DESCRIPTION ="" NAME ="SUBMARKET_UNIT" PICTURETEXT ="" PORTTYPE ="INPUT/OUTPUT" PRECISION ="50" SCALE ="0"/>
            <TRANSFORMFIELD DATATYPE ="string" DEFAULTVALUE ="" DESCRIPTION ="" NAME ="CASH_ON_ACCOUNT" PICTURETEXT ="" PORTTYPE ="INPUT/OUTPUT" PRECISION ="8" SCALE ="0"/>
            <TRANSFORMFIELD DATATYPE ="string" DEFAULTVALUE ="" DESCRIPTION ="" NAME ="LINE_OF_BUSINESS" PICTURETEXT ="" PORTTYPE ="INPUT/OUTPUT" PRECISION ="50" SCALE ="0"/>
            <TRANSFORMFIELD DATATYPE ="string" DEFAULTVALUE ="" DESCRIPTION ="" NAME ="BROKER" PICTURETEXT ="" PORTTYPE ="INPUT/OUTPUT" PRECISION ="20" SCALE ="0"/>
            <TRANSFORMFIELD DATATYPE ="string" DEFAULTVALUE ="" DESCRIPTION ="" NAME ="AR_CURRENCY" PICTURETEXT ="" PORTTYPE ="INPUT/OUTPUT" PRECISION ="3" SCALE ="0"/>
            <TRANSFORMFIELD DATATYPE ="string" DEFAULTVALUE ="" DESCRIPTION ="" NAME ="AR_AMOUNT" PICTURETEXT ="" PORTTYPE ="INPUT/OUTPUT" PRECISION ="15" SCALE ="0"/>
            <TRANSFORMFIELD DATATYPE ="string" DEFAULTVALUE ="" DESCRIPTION ="" NAME ="SPECIAL_COLLECTION" PICTURETEXT ="" PORTTYPE ="INPUT/OUTPUT" PRECISION ="20" SCALE ="0"/>
            <TRANSFORMFIELD DATATYPE ="string" DEFAULTVALUE ="" DESCRIPTION ="" NAME ="PREMIUM" PICTURETEXT ="" PORTTYPE ="INPUT/OUTPUT" PRECISION ="1" SCALE ="0"/>
            <TRANSFORMFIELD DATATYPE ="string" DEFAULTVALUE ="" DESCRIPTION ="" NAME ="POSTING_DATE" PICTURETEXT ="" PORTTYPE ="INPUT/OUTPUT" PRECISION ="10" SCALE ="0"/>
            <TRANSFORMFIELD DATATYPE ="string" DEFAULTVALUE ="" DESCRIPTION ="" NAME ="DEFERRAL_DATE" PICTURETEXT ="" PORTTYPE ="INPUT/OUTPUT" PRECISION ="10" SCALE ="0"/>
            <TRANSFORMFIELD DATATYPE ="string" DEFAULTVALUE ="" DESCRIPTION ="" NAME ="AGE_BUCKET_ID" PICTURETEXT ="" PORTTYPE ="INPUT/OUTPUT" PRECISION ="1" SCALE ="0"/>
            <TRANSFORMFIELD DATATYPE ="integer" DEFAULTVALUE ="" DESCRIPTION ="" NAME ="MONTH_ID" PICTURETEXT ="" PORTTYPE ="INPUT/OUTPUT" PRECISION ="10" SCALE ="0"/>
            <TRANSFORMFIELD DATATYPE ="string" DEFAULTVALUE ="" DESCRIPTION ="" NAME ="UNDERWRITER_ID" PICTURETEXT ="" PORTTYPE ="INPUT/OUTPUT" PRECISION ="10" SCALE ="0"/>
            <TRANSFORMFIELD DATATYPE ="date/time" DEFAULTVALUE ="" DESCRIPTION ="" NAME ="AUD_TIM" PICTURETEXT ="" PORTTYPE ="INPUT/OUTPUT" PRECISION ="29" SCALE ="9"/>
            <TRANSFORMFIELD DATATYPE ="integer" DEFAULTVALUE ="" DESCRIPTION ="" NAME ="RUN_ID" PICTURETEXT ="" PORTTYPE ="INPUT/OUTPUT" PRECISION ="10" SCALE ="0"/>
            <TABLEATTRIBUTE NAME ="Sql Query" VALUE =""/>
            <TABLEATTRIBUTE NAME ="User Defined Join" VALUE =""/>
            <TABLEATTRIBUTE NAME ="Source Filter" VALUE =""/>
            <TABLEATTRIBUTE NAME ="Number Of Sorted Ports" VALUE ="0"/>
            <TABLEATTRIBUTE NAME ="Tracing Level" VALUE ="Normal"/>
            <TABLEATTRIBUTE NAME ="Select Distinct" VALUE ="NO"/>
            <TABLEATTRIBUTE NAME ="Is Partitionable" VALUE ="NO"/>
            <TABLEATTRIBUTE NAME ="Pre SQL" VALUE =""/>
            <TABLEATTRIBUTE NAME ="Post SQL" VALUE =""/>
            <TABLEATTRIBUTE NAME ="Output is deterministic" VALUE ="NO"/>
            <TABLEATTRIBUTE NAME ="Output is repeatable" VALUE ="Never"/>
        </TRANSFORMATION>
        <INSTANCE DESCRIPTION ="" NAME ="CSS55FF08T" TRANSFORMATION_NAME ="CSS55FF08T" TRANSFORMATION_TYPE ="Target Definition" TYPE ="TARGET"/>
        <INSTANCE DESCRIPTION ="" NAME ="AGG_POLICY_CANCEL" REUSABLE ="NO" TRANSFORMATION_NAME ="AGG_POLICY_CANCEL" TRANSFORMATION_TYPE ="Aggregator" TYPE ="TRANSFORMATION"/>
        <INSTANCE DESCRIPTION ="This filter filters the cancellation dates that are older than the current month." NAME ="FIL_MONTH_ID" REUSABLE ="NO" TRANSFORMATION_NAME ="FIL_MONTH_ID" TRANSFORMATION_TYPE ="Filter" TYPE ="TRANSFORMATION"/>
        <INSTANCE DESCRIPTION ="" NAME ="JNR_POLICY_CANCEL" REUSABLE ="NO" TRANSFORMATION_NAME ="JNR_POLICY_CANCEL" TRANSFORMATION_TYPE ="Joiner" TYPE ="TRANSFORMATION"/>
        <INSTANCE DESCRIPTION ="" NAME ="EXP_POLICY_CANCEL" REUSABLE ="NO" TRANSFORMATION_NAME ="EXP_POLICY_CANCEL" TRANSFORMATION_TYPE ="Expression" TYPE ="TRANSFORMATION"/>
        <INSTANCE DBDNAME ="DB2" DESCRIPTION ="" NAME ="CSS55LF25T" TRANSFORMATION_NAME ="CSS55LF25T" TRANSFORMATION_TYPE ="Source Definition" TYPE ="SOURCE"/>
        <INSTANCE DESCRIPTION ="" NAME ="SQ_CSS55LF25T" REUSABLE ="NO" TRANSFORMATION_NAME ="SQ_CSS55LF25T" TRANSFORMATION_TYPE ="Source Qualifier" TYPE ="TRANSFORMATION">
            <ASSOCIATED_SOURCE_INSTANCE NAME ="CSS55LF25T"/>
        </INSTANCE>
        <INSTANCE DBDNAME ="DB2" DESCRIPTION ="" NAME ="CSS55TF13T" TRANSFORMATION_NAME ="CSS55TF13T" TRANSFORMATION_TYPE ="Source Definition" TYPE ="SOURCE"/>
        <INSTANCE DESCRIPTION ="" NAME ="SQ_CSS55TF13T" REUSABLE ="NO" TRANSFORMATION_NAME ="SQ_CSS55TF13T" TRANSFORMATION_TYPE ="Source Qualifier" TYPE ="TRANSFORMATION">
            <ASSOCIATED_SOURCE_INSTANCE NAME ="CSS55TF13T"/>
        </INSTANCE>
        <CONNECTOR FROMFIELD ="COUNTRY_ID_IN" FROMINSTANCE ="AGG_POLICY_CANCEL" FROMINSTANCETYPE ="Aggregator" TOFIELD ="COUNTRY_CODE" TOINSTANCE ="CSS55FF08T" TOINSTANCETYPE ="Target Definition"/>
        <CONNECTOR FROMFIELD ="AR_AMOUNT" FROMINSTANCE ="AGG_POLICY_CANCEL" FROMINSTANCETYPE ="Aggregator" TOFIELD ="PREMIUM_CANCELLATIONS" TOINSTANCE ="CSS55FF08T" TOINSTANCETYPE ="Target Definition"/>
        <CONNECTOR FROMFIELD ="MONTH_ID" FROMINSTANCE ="AGG_POLICY_CANCEL" FROMINSTANCETYPE ="Aggregator" TOFIELD ="MONTH_ID" TOINSTANCE ="CSS55FF08T" TOINSTANCETYPE ="Target Definition"/>
        <CONNECTOR FROMFIELD ="Policy_Number_IN" FROMINSTANCE ="AGG_POLICY_CANCEL" FROMINSTANCETYPE ="Aggregator" TOFIELD ="POLICY_NUMBER" TOINSTANCE ="CSS55FF08T" TOINSTANCETYPE ="Target Definition"/>
        <CONNECTOR FROMFIELD ="Insured_Name_IN" FROMINSTANCE ="AGG_POLICY_CANCEL" FROMINSTANCETYPE ="Aggregator" TOFIELD ="INSURED" TOINSTANCE ="CSS55FF08T" TOINSTANCETYPE ="Target Definition"/>
        <CONNECTOR FROMFIELD ="SUBMARKET_UNIT_IN" FROMINSTANCE ="AGG_POLICY_CANCEL" FROMINSTANCETYPE ="Aggregator" TOFIELD ="SUBMARKET_UNIT" TOINSTANCE ="CSS55FF08T" TOINSTANCETYPE ="Target Definition"/>
        <CONNECTOR FROMFIELD ="AR_CURRENCY_IN" FROMINSTANCE ="AGG_POLICY_CANCEL" FROMINSTANCETYPE ="Aggregator" TOFIELD ="CURRENCY" TOINSTANCE ="CSS55FF08T" TOINSTANCETYPE ="Target Definition"/>
        <CONNECTOR FROMFIELD ="AUD_TIM" FROMINSTANCE ="AGG_POLICY_CANCEL" FROMINSTANCETYPE ="Aggregator" TOFIELD ="AUD_TIM" TOINSTANCE ="CSS55FF08T" TOINSTANCETYPE ="Target Definition"/>
        <CONNECTOR FROMFIELD ="RUN_ID" FROMINSTANCE ="AGG_POLICY_CANCEL" FROMINSTANCETYPE ="Aggregator" TOFIELD ="RUN_ID" TOINSTANCE ="CSS55FF08T" TOINSTANCETYPE ="Target Definition"/>
        <CONNECTOR FROMFIELD ="AR_AMOUNT" FROMINSTANCE ="FIL_MONTH_ID" FROMINSTANCETYPE ="Filter" TOFIELD ="AR_AMOUNT_IN" TOINSTANCE ="AGG_POLICY_CANCEL" TOINSTANCETYPE ="Aggregator"/>
        <CONNECTOR FROMFIELD ="COUNTRY_ID" FROMINSTANCE ="FIL_MONTH_ID" FROMINSTANCETYPE ="Filter" TOFIELD ="COUNTRY_ID_IN" TOINSTANCE ="AGG_POLICY_CANCEL" TOINSTANCETYPE ="Aggregator"/>
        <CONNECTOR FROMFIELD ="SUBMARKET_UNIT" FROMINSTANCE ="FIL_MONTH_ID" FROMINSTANCETYPE ="Filter" TOFIELD ="SUBMARKET_UNIT_IN" TOINSTANCE ="AGG_POLICY_CANCEL" TOINSTANCETYPE ="Aggregator"/>
        <CONNECTOR FROMFIELD ="MONTH_ID" FROMINSTANCE ="FIL_MONTH_ID" FROMINSTANCETYPE ="Filter" TOFIELD ="MONTH_ID" TOINSTANCE ="AGG_POLICY_CANCEL" TOINSTANCETYPE ="Aggregator"/>
        <CONNECTOR FROMFIELD ="Policy_Number" FROMINSTANCE ="FIL_MONTH_ID" FROMINSTANCETYPE ="Filter" TOFIELD ="Policy_Number_IN" TOINSTANCE ="AGG_POLICY_CANCEL" TOINSTANCETYPE ="Aggregator"/>
        <CONNECTOR FROMFIELD ="Insured_Name" FROMINSTANCE ="FIL_MONTH_ID" FROMINSTANCETYPE ="Filter" TOFIELD ="Insured_Name_IN" TOINSTANCE ="AGG_POLICY_CANCEL" TOINSTANCETYPE ="Aggregator"/>
        <CONNECTOR FROMFIELD ="Cancel_Date" FROMINSTANCE ="FIL_MONTH_ID" FROMINSTANCETYPE ="Filter" TOFIELD ="Cancel_Date_IN" TOINSTANCE ="AGG_POLICY_CANCEL" TOINSTANCETYPE ="Aggregator"/>
        <CONNECTOR FROMFIELD ="AR_CURRENCY" FROMINSTANCE ="FIL_MONTH_ID" FROMINSTANCETYPE ="Filter" TOFIELD ="AR_CURRENCY_IN" TOINSTANCE ="AGG_POLICY_CANCEL" TOINSTANCETYPE ="Aggregator"/>
        <CONNECTOR FROMFIELD ="Policy_Number" FROMINSTANCE ="JNR_POLICY_CANCEL" FROMINSTANCETYPE ="Joiner" TOFIELD ="Policy_Number" TOINSTANCE ="FIL_MONTH_ID" TOINSTANCETYPE ="Filter"/>
        <CONNECTOR FROMFIELD ="Insured_Name" FROMINSTANCE ="JNR_POLICY_CANCEL" FROMINSTANCETYPE ="Joiner" TOFIELD ="Insured_Name" TOINSTANCE ="FIL_MONTH_ID" TOINSTANCETYPE ="Filter"/>
        <CONNECTOR FROMFIELD ="Cancel_Date" FROMINSTANCE ="JNR_POLICY_CANCEL" FROMINSTANCETYPE ="Joiner" TOFIELD ="Cancel_Date" TOINSTANCE ="FIL_MONTH_ID" TOINSTANCETYPE ="Filter"/>
        <CONNECTOR FROMFIELD ="AR_CURRENCY" FROMINSTANCE ="JNR_POLICY_CANCEL" FROMINSTANCETYPE ="Joiner" TOFIELD ="AR_CURRENCY" TOINSTANCE ="FIL_MONTH_ID" TOINSTANCETYPE ="Filter"/>
        <CONNECTOR FROMFIELD ="AR_AMOUNT" FROMINSTANCE ="JNR_POLICY_CANCEL" FROMINSTANCETYPE ="Joiner" TOFIELD ="AR_AMOUNT" TOINSTANCE ="FIL_MONTH_ID" TOINSTANCETYPE ="Filter"/>
        <CONNECTOR FROMFIELD ="COUNTRY_ID" FROMINSTANCE ="JNR_POLICY_CANCEL" FROMINSTANCETYPE ="Joiner" TOFIELD ="COUNTRY_ID" TOINSTANCE ="FIL_MONTH_ID" TOINSTANCETYPE ="Filter"/>
        <CONNECTOR FROMFIELD ="SUBMARKET_UNIT" FROMINSTANCE ="JNR_POLICY_CANCEL" FROMINSTANCETYPE ="Joiner" TOFIELD ="SUBMARKET_UNIT" TOINSTANCE ="FIL_MONTH_ID" TOINSTANCETYPE ="Filter"/>
        <CONNECTOR FROMFIELD ="MONTH_ID_PREPARE" FROMINSTANCE ="JNR_POLICY_CANCEL" FROMINSTANCETYPE ="Joiner" TOFIELD ="KEY_DATE" TOINSTANCE ="FIL_MONTH_ID" TOINSTANCETYPE ="Filter"/>
        <CONNECTOR FROMFIELD ="MONTH_ID" FROMINSTANCE ="JNR_POLICY_CANCEL" FROMINSTANCETYPE ="Joiner" TOFIELD ="MONTH_ID" TOINSTANCE ="FIL_MONTH_ID" TOINSTANCETYPE ="Filter"/>
        <CONNECTOR FROMFIELD ="Insured_Name" FROMINSTANCE ="EXP_POLICY_CANCEL" FROMINSTANCETYPE ="Expression" TOFIELD ="Insured_Name" TOINSTANCE ="JNR_POLICY_CANCEL" TOINSTANCETYPE ="Joiner"/>
        <CONNECTOR FROMFIELD ="Policy_Number" FROMINSTANCE ="EXP_POLICY_CANCEL" FROMINSTANCETYPE ="Expression" TOFIELD ="Policy_Number" TOINSTANCE ="JNR_POLICY_CANCEL" TOINSTANCETYPE ="Joiner"/>
        <CONNECTOR FROMFIELD ="Cancel_Date" FROMINSTANCE ="EXP_POLICY_CANCEL" FROMINSTANCETYPE ="Expression" TOFIELD ="Cancel_Date" TOINSTANCE ="JNR_POLICY_CANCEL" TOINSTANCETYPE ="Joiner"/>
        <CONNECTOR FROMFIELD ="MONTH_ID" FROMINSTANCE ="EXP_POLICY_CANCEL" FROMINSTANCETYPE ="Expression" TOFIELD ="MONTH_ID" TOINSTANCE ="JNR_POLICY_CANCEL" TOINSTANCETYPE ="Joiner"/>
        <CONNECTOR FROMFIELD ="POLICY" FROMINSTANCE ="SQ_CSS55TF13T" FROMINSTANCETYPE ="Source Qualifier" TOFIELD ="POLICY" TOINSTANCE ="JNR_POLICY_CANCEL" TOINSTANCETYPE ="Joiner"/>
        <CONNECTOR FROMFIELD ="COUNTRY_ID" FROMINSTANCE ="SQ_CSS55TF13T" FROMINSTANCETYPE ="Source Qualifier" TOFIELD ="COUNTRY_ID" TOINSTANCE ="JNR_POLICY_CANCEL" TOINSTANCETYPE ="Joiner"/>
        <CONNECTOR FROMFIELD ="SUBMARKET_UNIT" FROMINSTANCE ="SQ_CSS55TF13T" FROMINSTANCETYPE ="Source Qualifier" TOFIELD ="SUBMARKET_UNIT" TOINSTANCE ="JNR_POLICY_CANCEL" TOINSTANCETYPE ="Joiner"/>
        <CONNECTOR FROMFIELD ="MONTH_ID" FROMINSTANCE ="SQ_CSS55TF13T" FROMINSTANCETYPE ="Source Qualifier" TOFIELD ="MONTH_ID_PREPARE" TOINSTANCE ="JNR_POLICY_CANCEL" TOINSTANCETYPE ="Joiner"/>
        <CONNECTOR FROMFIELD ="AR_AMOUNT" FROMINSTANCE ="SQ_CSS55TF13T" FROMINSTANCETYPE ="Source Qualifier" TOFIELD ="AR_AMOUNT" TOINSTANCE ="JNR_POLICY_CANCEL" TOINSTANCETYPE ="Joiner"/>
        <CONNECTOR FROMFIELD ="AR_CURRENCY" FROMINSTANCE ="SQ_CSS55TF13T" FROMINSTANCETYPE ="Source Qualifier" TOFIELD ="AR_CURRENCY" TOINSTANCE ="JNR_POLICY_CANCEL" TOINSTANCETYPE ="Joiner"/>
        <CONNECTOR FROMFIELD ="INSURANCE_NAME" FROMINSTANCE ="SQ_CSS55LF25T" FROMINSTANCETYPE ="Source Qualifier" TOFIELD ="Insured_Name_IN" TOINSTANCE ="EXP_POLICY_CANCEL" TOINSTANCETYPE ="Expression"/>
        <CONNECTOR FROMFIELD ="POLICY_SYMBOL" FROMINSTANCE ="SQ_CSS55LF25T" FROMINSTANCETYPE ="Source Qualifier" TOFIELD ="Policy_Symbol_IN" TOINSTANCE ="EXP_POLICY_CANCEL" TOINSTANCETYPE ="Expression"/>
        <CONNECTOR FROMFIELD ="POLICY_NUMBER" FROMINSTANCE ="SQ_CSS55LF25T" FROMINSTANCETYPE ="Source Qualifier" TOFIELD ="Policy_Number_IN" TOINSTANCE ="EXP_POLICY_CANCEL" TOINSTANCETYPE ="Expression"/>
        <CONNECTOR FROMFIELD ="MODULE_NUMBER" FROMINSTANCE ="SQ_CSS55LF25T" FROMINSTANCETYPE ="Source Qualifier" TOFIELD ="Module_Number_IN" TOINSTANCE ="EXP_POLICY_CANCEL" TOINSTANCETYPE ="Expression"/>
        <CONNECTOR FROMFIELD ="CANCEL_DATE" FROMINSTANCE ="SQ_CSS55LF25T" FROMINSTANCETYPE ="Source Qualifier" TOFIELD ="Cancel_Date_IN" TOINSTANCE ="EXP_POLICY_CANCEL" TOINSTANCETYPE ="Expression"/>
        <CONNECTOR FROMFIELD ="BILLING_SYSTEM_IND" FROMINSTANCE ="CSS55LF25T" FROMINSTANCETYPE ="Source Definition" TOFIELD ="BILLING_SYSTEM_IND" TOINSTANCE ="SQ_CSS55LF25T" TOINSTANCETYPE ="Source Qualifier"/>
        <CONNECTOR FROMFIELD ="INSURANCE_NAME" FROMINSTANCE ="CSS55LF25T" FROMINSTANCETYPE ="Source Definition" TOFIELD ="INSURANCE_NAME" TOINSTANCE ="SQ_CSS55LF25T" TOINSTANCETYPE ="Source Qualifier"/>
        <CONNECTOR FROMFIELD ="POLICY_SYMBOL" FROMINSTANCE ="CSS55LF25T" FROMINSTANCETYPE ="Source Definition" TOFIELD ="POLICY_SYMBOL" TOINSTANCE ="SQ_CSS55LF25T" TOINSTANCETYPE ="Source Qualifier"/>
        <CONNECTOR FROMFIELD ="POLICY_NUMBER" FROMINSTANCE ="CSS55LF25T" FROMINSTANCETYPE ="Source Definition" TOFIELD ="POLICY_NUMBER" TOINSTANCE ="SQ_CSS55LF25T" TOINSTANCETYPE ="Source Qualifier"/>
        <CONNECTOR FROMFIELD ="MODULE_NUMBER" FROMINSTANCE ="CSS55LF25T" FROMINSTANCETYPE ="Source Definition" TOFIELD ="MODULE_NUMBER" TOINSTANCE ="SQ_CSS55LF25T" TOINSTANCETYPE ="Source Qualifier"/>
        <CONNECTOR FROMFIELD ="POLICY_EFFECTIVE_DATE" FROMINSTANCE ="CSS55LF25T" FROMINSTANCETYPE ="Source Definition" TOFIELD ="POLICY_EFFECTIVE_DATE" TOINSTANCE ="SQ_CSS55LF25T" TOINSTANCETYPE ="Source Qualifier"/>
        <CONNECTOR FROMFIELD ="POLICY_EXPIRATION_DATE" FROMINSTANCE ="CSS55LF25T" FROMINSTANCETYPE ="Source Definition" TOFIELD ="POLICY_EXPIRATION_DATE" TOINSTANCE ="SQ_CSS55LF25T" TOINSTANCETYPE ="Source Qualifier"/>
        <CONNECTOR FROMFIELD ="CANCEL_DATE" FROMINSTANCE ="CSS55LF25T" FROMINSTANCETYPE ="Source Definition" TOFIELD ="CANCEL_DATE" TOINSTANCE ="SQ_CSS55LF25T" TOINSTANCETYPE ="Source Qualifier"/>
        <CONNECTOR FROMFIELD ="CANCELLATION_REASON_DESC" FROMINSTANCE ="CSS55LF25T" FROMINSTANCETYPE ="Source Definition" TOFIELD ="CANCELLATION_REASON_DESC" TOINSTANCE ="SQ_CSS55LF25T" TOINSTANCETYPE ="Source Qualifier"/>
        <CONNECTOR FROMFIELD ="SYTEM_RESOURCES_DESC" FROMINSTANCE ="CSS55LF25T" FROMINSTANCETYPE ="Source Definition" TOFIELD ="SYTEM_RESOURCES_DESC" TOINSTANCE ="SQ_CSS55LF25T" TOINSTANCETYPE ="Source Qualifier"/>
        <CONNECTOR FROMFIELD ="AUD_TIM" FROMINSTANCE ="CSS55LF25T" FROMINSTANCETYPE ="Source Definition" TOFIELD ="AUD_TIM" TOINSTANCE ="SQ_CSS55LF25T" TOINSTANCETYPE ="Source Qualifier"/>
        <CONNECTOR FROMFIELD ="RUN_ID" FROMINSTANCE ="CSS55LF25T" FROMINSTANCETYPE ="Source Definition" TOFIELD ="RUN_ID" TOINSTANCE ="SQ_CSS55LF25T" TOINSTANCETYPE ="Source Qualifier"/>
        <CONNECTOR FROMFIELD ="COUNTRY_ID" FROMINSTANCE ="CSS55TF13T" FROMINSTANCETYPE ="Source Definition" TOFIELD ="COUNTRY_ID" TOINSTANCE ="SQ_CSS55TF13T" TOINSTANCETYPE ="Source Qualifier"/>
        <CONNECTOR FROMFIELD ="POLICY" FROMINSTANCE ="CSS55TF13T" FROMINSTANCETYPE ="Source Definition" TOFIELD ="POLICY" TOINSTANCE ="SQ_CSS55TF13T" TOINSTANCETYPE ="Source Qualifier"/>
        <CONNECTOR FROMFIELD ="DUE_DATE" FROMINSTANCE ="CSS55TF13T" FROMINSTANCETYPE ="Source Definition" TOFIELD ="DUE_DATE" TOINSTANCE ="SQ_CSS55TF13T" TOINSTANCETYPE ="Source Qualifier"/>
        <CONNECTOR FROMFIELD ="BILLING_DATE" FROMINSTANCE ="CSS55TF13T" FROMINSTANCETYPE ="Source Definition" TOFIELD ="BILLING_DATE" TOINSTANCE ="SQ_CSS55TF13T" TOINSTANCETYPE ="Source Qualifier"/>
        <CONNECTOR FROMFIELD ="SPECIAL_PROGRAM" FROMINSTANCE ="CSS55TF13T" FROMINSTANCETYPE ="Source Definition" TOFIELD ="SPECIAL_PROGRAM" TOINSTANCE ="SQ_CSS55TF13T" TOINSTANCETYPE ="Source Qualifier"/>
        <CONNECTOR FROMFIELD ="DOCUMENT_NUMBER" FROMINSTANCE ="CSS55TF13T" FROMINSTANCETYPE ="Source Definition" TOFIELD ="DOCUMENT_NUMBER" TOINSTANCE ="SQ_CSS55TF13T" TOINSTANCETYPE ="Source Qualifier"/>
        <CONNECTOR FROMFIELD ="CUSTOMER" FROMINSTANCE ="CSS55TF13T" FROMINSTANCETYPE ="Source Definition" TOFIELD ="CUSTOMER" TOINSTANCE ="SQ_CSS55TF13T" TOINSTANCETYPE ="Source Qualifier"/>
        <CONNECTOR FROMFIELD ="SUBMARKET_UNIT" FROMINSTANCE ="CSS55TF13T" FROMINSTANCETYPE ="Source Definition" TOFIELD ="SUBMARKET_UNIT" TOINSTANCE ="SQ_CSS55TF13T" TOINSTANCETYPE ="Source Qualifier"/>
        <CONNECTOR FROMFIELD ="CASH_ON_ACCOUNT" FROMINSTANCE ="CSS55TF13T" FROMINSTANCETYPE ="Source Definition" TOFIELD ="CASH_ON_ACCOUNT" TOINSTANCE ="SQ_CSS55TF13T" TOINSTANCETYPE ="Source Qualifier"/>
        <CONNECTOR FROMFIELD ="LINE_OF_BUSINESS" FROMINSTANCE ="CSS55TF13T" FROMINSTANCETYPE ="Source Definition" TOFIELD ="LINE_OF_BUSINESS" TOINSTANCE ="SQ_CSS55TF13T" TOINSTANCETYPE ="Source Qualifier"/>
        <CONNECTOR FROMFIELD ="BROKER" FROMINSTANCE ="CSS55TF13T" FROMINSTANCETYPE ="Source Definition" TOFIELD ="BROKER" TOINSTANCE ="SQ_CSS55TF13T" TOINSTANCETYPE ="Source Qualifier"/>
        <CONNECTOR FROMFIELD ="AR_CURRENCY" FROMINSTANCE ="CSS55TF13T" FROMINSTANCETYPE ="Source Definition" TOFIELD ="AR_CURRENCY" TOINSTANCE ="SQ_CSS55TF13T" TOINSTANCETYPE ="Source Qualifier"/>
        <CONNECTOR FROMFIELD ="AR_AMOUNT" FROMINSTANCE ="CSS55TF13T" FROMINSTANCETYPE ="Source Definition" TOFIELD ="AR_AMOUNT" TOINSTANCE ="SQ_CSS55TF13T" TOINSTANCETYPE ="Source Qualifier"/>
        <CONNECTOR FROMFIELD ="SPECIAL_COLLECTION" FROMINSTANCE ="CSS55TF13T" FROMINSTANCETYPE ="Source Definition" TOFIELD ="SPECIAL_COLLECTION" TOINSTANCE ="SQ_CSS55TF13T" TOINSTANCETYPE ="Source Qualifier"/>
        <CONNECTOR FROMFIELD ="PREMIUM" FROMINSTANCE ="CSS55TF13T" FROMINSTANCETYPE ="Source Definition" TOFIELD ="PREMIUM" TOINSTANCE ="SQ_CSS55TF13T" TOINSTANCETYPE ="Source Qualifier"/>
        <CONNECTOR FROMFIELD ="POSTING_DATE" FROMINSTANCE ="CSS55TF13T" FROMINSTANCETYPE ="Source Definition" TOFIELD ="POSTING_DATE" TOINSTANCE ="SQ_CSS55TF13T" TOINSTANCETYPE ="Source Qualifier"/>
        <CONNECTOR FROMFIELD ="DEFERRAL_DATE" FROMINSTANCE ="CSS55TF13T" FROMINSTANCETYPE ="Source Definition" TOFIELD ="DEFERRAL_DATE" TOINSTANCE ="SQ_CSS55TF13T" TOINSTANCETYPE ="Source Qualifier"/>
        <CONNECTOR FROMFIELD ="AGE_BUCKET_ID" FROMINSTANCE ="CSS55TF13T" FROMINSTANCETYPE ="Source Definition" TOFIELD ="AGE_BUCKET_ID" TOINSTANCE ="SQ_CSS55TF13T" TOINSTANCETYPE ="Source Qualifier"/>
        <CONNECTOR FROMFIELD ="MONTH_ID" FROMINSTANCE ="CSS55TF13T" FROMINSTANCETYPE ="Source Definition" TOFIELD ="MONTH_ID" TOINSTANCE ="SQ_CSS55TF13T" TOINSTANCETYPE ="Source Qualifier"/>
        <CONNECTOR FROMFIELD ="UNDERWRITER_ID" FROMINSTANCE ="CSS55TF13T" FROMINSTANCETYPE ="Source Definition" TOFIELD ="UNDERWRITER_ID" TOINSTANCE ="SQ_CSS55TF13T" TOINSTANCETYPE ="Source Qualifier"/>
        <CONNECTOR FROMFIELD ="AUD_TIM" FROMINSTANCE ="CSS55TF13T" FROMINSTANCETYPE ="Source Definition" TOFIELD ="AUD_TIM" TOINSTANCE ="SQ_CSS55TF13T" TOINSTANCETYPE ="Source Qualifier"/>
        <CONNECTOR FROMFIELD ="RUN_ID" FROMINSTANCE ="CSS55TF13T" FROMINSTANCETYPE ="Source Definition" TOFIELD ="RUN_ID" TOINSTANCE ="SQ_CSS55TF13T" TOINSTANCETYPE ="Source Qualifier"/>
        <TARGETLOADORDER ORDER ="1" TARGETINSTANCE ="CSS55FF08T"/>
        <MAPPINGVARIABLE DATATYPE ="integer" DEFAULTVALUE ="" DESCRIPTION ="" ISEXPRESSIONVARIABLE ="NO" ISPARAM ="YES" NAME ="$$MONTHID" PRECISION ="10" SCALE ="0" USERDEFINED ="YES"/>
        <MAPPINGVARIABLE AGGFUNCTION ="MAX" DATATYPE ="integer" DEFAULTVALUE ="" DESCRIPTION ="" ISEXPRESSIONVARIABLE ="NO" ISPARAM ="NO" NAME ="$$RUNID" PRECISION ="10" SCALE ="0" USERDEFINED ="YES"/>
        <ERPINFO/>
    </MAPPING>
    <CONFIG DESCRIPTION ="Default session configuration object" ISDEFAULT ="YES" NAME ="default_session_config" VERSIONNUMBER ="1">
        <ATTRIBUTE NAME ="Advanced" VALUE =""/>
        <ATTRIBUTE NAME ="Constraint based load ordering" VALUE ="NO"/>
        <ATTRIBUTE NAME ="Cache LOOKUP() function" VALUE ="YES"/>
        <ATTRIBUTE NAME ="Default buffer block size" VALUE ="Auto"/>
        <ATTRIBUTE NAME ="Line Sequential buffer length" VALUE ="1024"/>
        <ATTRIBUTE NAME ="Maximum Memory Allowed For Auto Memory Attributes" VALUE ="1024MB"/>
        <ATTRIBUTE NAME ="Maximum Percentage of Total Memory Allowed For Auto Memory Attributes" VALUE ="5"/>
        <ATTRIBUTE NAME ="Additional Concurrent Pipelines for Lookup Cache Creation" VALUE ="0"/>
        <ATTRIBUTE NAME ="Custom Properties" VALUE =""/>
        <ATTRIBUTE NAME ="Pre-build lookup cache" VALUE ="Auto"/>
        <ATTRIBUTE NAME ="Optimization Level" VALUE ="Medium"/>
        <ATTRIBUTE NAME ="DateTime Format String" VALUE ="YYYY-MM-DD HH24:MI:SS.US"/>
        <ATTRIBUTE NAME ="Pre 85 Timestamp Compatibility" VALUE ="NO"/>
        <ATTRIBUTE NAME ="Log Options" VALUE ="0"/>
        <ATTRIBUTE NAME ="Save session log by" VALUE ="Session runs"/>
        <ATTRIBUTE NAME ="Save session log for these runs" VALUE ="0"/>
        <ATTRIBUTE NAME ="Session Log File Max Size" VALUE ="0"/>
        <ATTRIBUTE NAME ="Session Log File Max Time Period" VALUE ="0"/>
        <ATTRIBUTE NAME ="Maximum Partial Session Log Files" VALUE ="1"/>
        <ATTRIBUTE NAME ="Writer Commit Statistics Log Frequency" VALUE ="1"/>
        <ATTRIBUTE NAME ="Writer Commit Statistics Log Interval" VALUE ="0"/>
        <ATTRIBUTE NAME ="Error handling" VALUE =""/>
        <ATTRIBUTE NAME ="Stop on errors" VALUE ="$PMSessionErrorThreshold"/>
        <ATTRIBUTE NAME ="Override tracing" VALUE ="None"/>
        <ATTRIBUTE NAME ="On Stored Procedure error" VALUE ="Stop"/>
        <ATTRIBUTE NAME ="On Pre-session command task error" VALUE ="Stop"/>
        <ATTRIBUTE NAME ="On Pre-Post SQL error" VALUE ="Stop"/>
        <ATTRIBUTE NAME ="Enable Recovery" VALUE ="NO"/>
        <ATTRIBUTE NAME ="Error Log Type" VALUE ="None"/>
        <ATTRIBUTE NAME ="Error Log Table Name Prefix" VALUE =""/>
        <ATTRIBUTE NAME ="Error Log File Name" VALUE ="PMError.log"/>
        <ATTRIBUTE NAME ="Log Source Row Data" VALUE ="NO"/>
        <ATTRIBUTE NAME ="Data Column Delimiter" VALUE ="|"/>
        <ATTRIBUTE NAME ="Partitioning Options" VALUE =""/>
        <ATTRIBUTE NAME ="Dynamic Partitioning" VALUE ="Disabled"/>
        <ATTRIBUTE NAME ="Number of Partitions" VALUE ="1"/>
        <ATTRIBUTE NAME ="Multiplication Factor" VALUE ="Auto"/>
        <ATTRIBUTE NAME ="Session on Grid" VALUE =""/>
        <ATTRIBUTE NAME ="Is Enabled" VALUE ="NO"/>
    </CONFIG>
    <WORKFLOW DESCRIPTION ="These workflows are created from the Workflow Generation Wizard." ISENABLED ="YES" ISRUNNABLESERVICE ="NO" ISSERVICE ="NO" ISVALID ="YES" NAME ="wf_CSS55_AR_BD_POLICY_CANCEL" REUSABLE_SCHEDULER ="NO" SCHEDULERNAME ="Scheduler" SERVERNAME ="dipcis01" SERVER_DOMAINNAME ="dinfadm01" SUSPEND_ON_ERROR ="NO" TASKS_MUST_RUN_ON_SERVER ="NO" VERSIONNUMBER ="1">
        <SCHEDULER DESCRIPTION ="" NAME ="Scheduler" REUSABLE ="NO" VERSIONNUMBER ="1">
            <SCHEDULEINFO SCHEDULETYPE ="ONDEMAND"/>
        </SCHEDULER>
        <TASK DESCRIPTION ="" NAME ="Start" REUSABLE ="NO" TYPE ="Start" VERSIONNUMBER ="1"/>
        <SESSION DESCRIPTION ="This wf needs css55plcycncledw.asc and&#xD;&#xA;css55ar_prepared_t.out which have to be located in the Source folder. It will generate the css55plcycncl.tmp file in the Temp folder so it can be used by wf_CSS55_AR_BAD_DEBTS." ISVALID ="YES" MAPPINGNAME ="m_CSS55_AR_BD_POLICY_CANCEL" NAME ="s_m_CSS55_AR_BD_POLICY_CANCEL" REUSABLE ="NO" SORTORDER ="Binary" VERSIONNUMBER ="1">
            <SESSTRANSFORMATIONINST ISREPARTITIONPOINT ="NO" PIPELINE ="3" SINSTANCENAME ="JNR_POLICY_CANCEL" STAGE ="6" TRANSFORMATIONNAME ="JNR_POLICY_CANCEL" TRANSFORMATIONTYPE ="Joiner">
                <PARTITION DESCRIPTION ="" NAME ="Partition #1"/>
            </SESSTRANSFORMATIONINST>
            <SESSTRANSFORMATIONINST ISREPARTITIONPOINT ="NO" PIPELINE ="3" SINSTANCENAME ="EXP_POLICY_CANCEL" STAGE ="6" TRANSFORMATIONNAME ="EXP_POLICY_CANCEL" TRANSFORMATIONTYPE ="Expression">
                <PARTITION DESCRIPTION ="" NAME ="Partition #1"/>
            </SESSTRANSFORMATIONINST>
            <SESSTRANSFORMATIONINST ISREPARTITIONPOINT ="YES" PARTITIONTYPE ="HASH AUTO KEYS" PIPELINE ="3" SINSTANCENAME ="AGG_POLICY_CANCEL" STAGE ="4" TRANSFORMATIONNAME ="AGG_POLICY_CANCEL" TRANSFORMATIONTYPE ="Aggregator">
                <PARTITION DESCRIPTION ="" NAME ="Partition #1"/>
            </SESSTRANSFORMATIONINST>
            <SESSTRANSFORMATIONINST ISREPARTITIONPOINT ="NO" PIPELINE ="3" SINSTANCENAME ="FIL_MONTH_ID" STAGE ="6" TRANSFORMATIONNAME ="FIL_MONTH_ID" TRANSFORMATIONTYPE ="Filter">
                <PARTITION DESCRIPTION ="" NAME ="Partition #1"/>
            </SESSTRANSFORMATIONINST>
            <SESSTRANSFORMATIONINST ISREPARTITIONPOINT ="YES" PARTITIONTYPE ="PASS THROUGH" PIPELINE ="3" SINSTANCENAME ="CSS55FF08T" STAGE ="5" TRANSFORMATIONNAME ="CSS55FF08T" TRANSFORMATIONTYPE ="Target Definition"/>
            <SESSTRANSFORMATIONINST ISREPARTITIONPOINT ="NO" PIPELINE ="0" SINSTANCENAME ="CSS55LF25T" STAGE ="0" TRANSFORMATIONNAME ="CSS55LF25T" TRANSFORMATIONTYPE ="Source Definition"/>
            <SESSTRANSFORMATIONINST ISREPARTITIONPOINT ="YES" PARTITIONTYPE ="PASS THROUGH" PIPELINE ="3" SINSTANCENAME ="SQ_CSS55LF25T" STAGE ="6" TRANSFORMATIONNAME ="SQ_CSS55LF25T" TRANSFORMATIONTYPE ="Source Qualifier"/>
            <SESSTRANSFORMATIONINST ISREPARTITIONPOINT ="NO" PIPELINE ="0" SINSTANCENAME ="CSS55TF13T" STAGE ="0" TRANSFORMATIONNAME ="CSS55TF13T" TRANSFORMATIONTYPE ="Source Definition"/>
            <SESSTRANSFORMATIONINST ISREPARTITIONPOINT ="YES" PARTITIONTYPE ="PASS THROUGH" PIPELINE ="4" SINSTANCENAME ="SQ_CSS55TF13T" STAGE ="7" TRANSFORMATIONNAME ="SQ_CSS55TF13T" TRANSFORMATIONTYPE ="Source Qualifier"/>
            <CONFIGREFERENCE REFOBJECTNAME ="default_session_config" TYPE ="Session config">
                <ATTRIBUTE NAME ="Stop on errors" VALUE ="$PMSessionErrorThreshold"/>
            </CONFIGREFERENCE>
            <SESSIONCOMPONENT REFOBJECTNAME ="presession_variable_assignment" REUSABLE ="NO" TYPE ="Pre-session variable assignment">
                <TASK DESCRIPTION ="" NAME ="presession_variable_assignment" REUSABLE ="NO" TYPE ="Command" VERSIONNUMBER ="1">
                    <ATTRIBUTE NAME ="Fail task if any command fails" VALUE ="NO"/>
                    <ATTRIBUTE NAME ="Recovery Strategy" VALUE ="Fail task and continue workflow"/>
                </TASK>
            </SESSIONCOMPONENT>
            <SESSIONCOMPONENT REFOBJECTNAME ="postsession_success_variable_assignment" REUSABLE ="NO" TYPE ="Post-session success variable assignment">
                <TASK DESCRIPTION ="" NAME ="postsession_success_variable_assignment" REUSABLE ="NO" TYPE ="Command" VERSIONNUMBER ="1">
                    <ATTRIBUTE NAME ="Fail task if any command fails" VALUE ="NO"/>
                    <ATTRIBUTE NAME ="Recovery Strategy" VALUE ="Fail task and continue workflow"/>
                </TASK>
            </SESSIONCOMPONENT>
            <SESSIONCOMPONENT REFOBJECTNAME ="postsession_failure_variable_assignment" REUSABLE ="NO" TYPE ="Post-session failure variable assignment">
                <TASK DESCRIPTION ="" NAME ="postsession_failure_variable_assignment" REUSABLE ="NO" TYPE ="Command" VERSIONNUMBER ="1">
                    <ATTRIBUTE NAME ="Fail task if any command fails" VALUE ="NO"/>
                    <ATTRIBUTE NAME ="Recovery Strategy" VALUE ="Fail task and continue workflow"/>
                </TASK>
            </SESSIONCOMPONENT>
            <SESSIONEXTENSION NAME ="Relational Writer" SINSTANCENAME ="CSS55FF08T" SUBTYPE ="Relational Writer" TRANSFORMATIONTYPE ="Target Definition" TYPE ="WRITER">
                <CONNECTIONREFERENCE CNXREFNAME ="DB Connection" CONNECTIONNAME ="" CONNECTIONNUMBER ="1" CONNECTIONSUBTYPE ="" CONNECTIONTYPE ="Relational" VARIABLE ="$DBConnectionCSS"/>
                <ATTRIBUTE NAME ="Target load type" VALUE ="Normal"/>
                <ATTRIBUTE NAME ="Insert" VALUE ="YES"/>
                <ATTRIBUTE NAME ="Update as Update" VALUE ="YES"/>
                <ATTRIBUTE NAME ="Update as Insert" VALUE ="NO"/>
                <ATTRIBUTE NAME ="Update else Insert" VALUE ="NO"/>
                <ATTRIBUTE NAME ="Delete" VALUE ="YES"/>
                <ATTRIBUTE NAME ="Truncate target table option" VALUE ="NO"/>
                <ATTRIBUTE NAME ="Reject file directory" VALUE ="$PMBadFileDir&#x5c;"/>
                <ATTRIBUTE NAME ="Reject filename" VALUE ="$BadFile01"/>
            </SESSIONEXTENSION>
            <SESSIONEXTENSION DSQINSTNAME ="SQ_CSS55LF25T" DSQINSTTYPE ="Source Qualifier" NAME ="Relational Reader" SINSTANCENAME ="CSS55LF25T" SUBTYPE ="Relational Reader" TRANSFORMATIONTYPE ="Source Definition" TYPE ="READER"/>
            <SESSIONEXTENSION NAME ="Relational Reader" SINSTANCENAME ="SQ_CSS55LF25T" SUBTYPE ="Relational Reader" TRANSFORMATIONTYPE ="Source Qualifier" TYPE ="READER">
                <CONNECTIONREFERENCE CNXREFNAME ="DB Connection" CONNECTIONNAME ="" CONNECTIONNUMBER ="1" CONNECTIONSUBTYPE ="" CONNECTIONTYPE ="Relational" VARIABLE ="$DBConnectionCSS"/>
            </SESSIONEXTENSION>
            <SESSIONEXTENSION DSQINSTNAME ="SQ_CSS55TF13T" DSQINSTTYPE ="Source Qualifier" NAME ="Relational Reader" SINSTANCENAME ="CSS55TF13T" SUBTYPE ="Relational Reader" TRANSFORMATIONTYPE ="Source Definition" TYPE ="READER"/>
            <SESSIONEXTENSION NAME ="Relational Reader" SINSTANCENAME ="SQ_CSS55TF13T" SUBTYPE ="Relational Reader" TRANSFORMATIONTYPE ="Source Qualifier" TYPE ="READER">
                <CONNECTIONREFERENCE CNXREFNAME ="DB Connection" CONNECTIONNAME ="" CONNECTIONNUMBER ="1" CONNECTIONSUBTYPE ="" CONNECTIONTYPE ="Relational" VARIABLE ="$DBConnectionCSS"/>
            </SESSIONEXTENSION>
            <ATTRIBUTE NAME ="General Options" VALUE =""/>
            <ATTRIBUTE NAME ="Write Backward Compatible Session Log File" VALUE ="NO"/>
            <ATTRIBUTE NAME ="Session Log File Name" VALUE ="$PMSessionLogFile"/>
            <ATTRIBUTE NAME ="Session Log File directory" VALUE ="$PMSessionLogDir&#x5c;"/>
            <ATTRIBUTE NAME ="Parameter Filename" VALUE ="$PMSourceFileDir/xdcssd/paramfiles/ipccss.param"/>
            <ATTRIBUTE NAME ="Enable Test Load" VALUE ="NO"/>
            <ATTRIBUTE NAME ="$Source connection value" VALUE =""/>
            <ATTRIBUTE NAME ="$Target connection value" VALUE =""/>
            <ATTRIBUTE NAME ="Treat source rows as" VALUE ="Insert"/>
            <ATTRIBUTE NAME ="Commit Type" VALUE ="Target"/>
            <ATTRIBUTE NAME ="Commit Interval" VALUE ="10000"/>
            <ATTRIBUTE NAME ="Commit On End Of File" VALUE ="YES"/>
            <ATTRIBUTE NAME ="Rollback Transactions on Errors" VALUE ="NO"/>
            <ATTRIBUTE NAME ="Recovery Strategy" VALUE ="Fail task and continue workflow"/>
            <ATTRIBUTE NAME ="Java Classpath" VALUE =""/>
            <ATTRIBUTE NAME ="Performance" VALUE =""/>
            <ATTRIBUTE NAME ="DTM buffer size" VALUE ="24000000"/>
            <ATTRIBUTE NAME ="Collect performance data" VALUE ="NO"/>
            <ATTRIBUTE NAME ="Write performance data to repository" VALUE ="NO"/>
            <ATTRIBUTE NAME ="Incremental Aggregation" VALUE ="NO"/>
            <ATTRIBUTE NAME ="Session retry on deadlock" VALUE ="NO"/>
            <ATTRIBUTE NAME ="Pushdown Optimization" VALUE ="None"/>
            <ATTRIBUTE NAME ="Allow Temporary View for Pushdown" VALUE ="NO"/>
            <ATTRIBUTE NAME ="Allow Temporary Sequence for Pushdown" VALUE ="NO"/>
            <ATTRIBUTE NAME ="Allow Pushdown for User Incompatible Connections" VALUE ="NO"/>
        </SESSION>
        <TASKINSTANCE DESCRIPTION ="" ISENABLED ="YES" NAME ="Start" REUSABLE ="NO" TASKNAME ="Start" TASKTYPE ="Start"/>
        <TASKINSTANCE DESCRIPTION ="This wf needs css55plcycncledw.asc and&#xD;&#xA;css55ar_prepared_t.out which have to be located in the Source folder. It will generate the css55plcycncl.tmp file in the Temp folder so it can be used by wf_CSS55_AR_BAD_DEBTS." FAIL_PARENT_IF_INSTANCE_DID_NOT_RUN ="NO" FAIL_PARENT_IF_INSTANCE_FAILS ="YES" ISENABLED ="YES" NAME ="s_m_CSS55_AR_BD_POLICY_CANCEL" REUSABLE ="NO" TASKNAME ="s_m_CSS55_AR_BD_POLICY_CANCEL" TASKTYPE ="Session" TREAT_INPUTLINK_AS_AND ="YES"/>
        <WORKFLOWLINK CONDITION ="" FROMTASK ="Start" TOTASK ="s_m_CSS55_AR_BD_POLICY_CANCEL"/>
        <WORKFLOWVARIABLE DATATYPE ="date/time" DEFAULTVALUE ="" DESCRIPTION ="The time this task started" ISNULL ="NO" ISPERSISTENT ="NO" NAME ="$Start.StartTime" USERDEFINED ="NO"/>
        <WORKFLOWVARIABLE DATATYPE ="date/time" DEFAULTVALUE ="" DESCRIPTION ="The time this task completed" ISNULL ="NO" ISPERSISTENT ="NO" NAME ="$Start.EndTime" USERDEFINED ="NO"/>
        <WORKFLOWVARIABLE DATATYPE ="integer" DEFAULTVALUE ="" DESCRIPTION ="Status of this task&apos;s execution" ISNULL ="NO" ISPERSISTENT ="NO" NAME ="$Start.Status" USERDEFINED ="NO"/>
        <WORKFLOWVARIABLE DATATYPE ="integer" DEFAULTVALUE ="" DESCRIPTION ="Status of the previous task that is not disabled" ISNULL ="NO" ISPERSISTENT ="NO" NAME ="$Start.PrevTaskStatus" USERDEFINED ="NO"/>
        <WORKFLOWVARIABLE DATATYPE ="integer" DEFAULTVALUE ="" DESCRIPTION ="Error code for this task&apos;s execution" ISNULL ="NO" ISPERSISTENT ="NO" NAME ="$Start.ErrorCode" USERDEFINED ="NO"/>
        <WORKFLOWVARIABLE DATATYPE ="string" DEFAULTVALUE ="" DESCRIPTION ="Error message for this task&apos;s execution" ISNULL ="NO" ISPERSISTENT ="NO" NAME ="$Start.ErrorMsg" USERDEFINED ="NO"/>
        <WORKFLOWVARIABLE DATATYPE ="date/time" DEFAULTVALUE ="" DESCRIPTION ="The time this task started" ISNULL ="NO" ISPERSISTENT ="NO" NAME ="$s_m_CSS55_AR_BD_POLICY_CANCEL.StartTime" USERDEFINED ="NO"/>
        <WORKFLOWVARIABLE DATATYPE ="date/time" DEFAULTVALUE ="" DESCRIPTION ="The time this task completed" ISNULL ="NO" ISPERSISTENT ="NO" NAME ="$s_m_CSS55_AR_BD_POLICY_CANCEL.EndTime" USERDEFINED ="NO"/>
        <WORKFLOWVARIABLE DATATYPE ="integer" DEFAULTVALUE ="" DESCRIPTION ="Status of this task&apos;s execution" ISNULL ="NO" ISPERSISTENT ="NO" NAME ="$s_m_CSS55_AR_BD_POLICY_CANCEL.Status" USERDEFINED ="NO"/>
        <WORKFLOWVARIABLE DATATYPE ="integer" DEFAULTVALUE ="" DESCRIPTION ="Status of the previous task that is not disabled" ISNULL ="NO" ISPERSISTENT ="NO" NAME ="$s_m_CSS55_AR_BD_POLICY_CANCEL.PrevTaskStatus" USERDEFINED ="NO"/>
        <WORKFLOWVARIABLE DATATYPE ="integer" DEFAULTVALUE ="" DESCRIPTION ="Error code for this task&apos;s execution" ISNULL ="NO" ISPERSISTENT ="NO" NAME ="$s_m_CSS55_AR_BD_POLICY_CANCEL.ErrorCode" USERDEFINED ="NO"/>
        <WORKFLOWVARIABLE DATATYPE ="string" DEFAULTVALUE ="" DESCRIPTION ="Error message for this task&apos;s execution" ISNULL ="NO" ISPERSISTENT ="NO" NAME ="$s_m_CSS55_AR_BD_POLICY_CANCEL.ErrorMsg" USERDEFINED ="NO"/>
        <WORKFLOWVARIABLE DATATYPE ="integer" DEFAULTVALUE ="" DESCRIPTION ="Rows successfully read" ISNULL ="NO" ISPERSISTENT ="NO" NAME ="$s_m_CSS55_AR_BD_POLICY_CANCEL.SrcSuccessRows" USERDEFINED ="NO"/>
        <WORKFLOWVARIABLE DATATYPE ="integer" DEFAULTVALUE ="" DESCRIPTION ="Rows failed to read" ISNULL ="NO" ISPERSISTENT ="NO" NAME ="$s_m_CSS55_AR_BD_POLICY_CANCEL.SrcFailedRows" USERDEFINED ="NO"/>
        <WORKFLOWVARIABLE DATATYPE ="integer" DEFAULTVALUE ="" DESCRIPTION ="Rows successfully loaded" ISNULL ="NO" ISPERSISTENT ="NO" NAME ="$s_m_CSS55_AR_BD_POLICY_CANCEL.TgtSuccessRows" USERDEFINED ="NO"/>
        <WORKFLOWVARIABLE DATATYPE ="integer" DEFAULTVALUE ="" DESCRIPTION ="Rows failed to load" ISNULL ="NO" ISPERSISTENT ="NO" NAME ="$s_m_CSS55_AR_BD_POLICY_CANCEL.TgtFailedRows" USERDEFINED ="NO"/>
        <WORKFLOWVARIABLE DATATYPE ="integer" DEFAULTVALUE ="" DESCRIPTION ="Total number of transformation errors" ISNULL ="NO" ISPERSISTENT ="NO" NAME ="$s_m_CSS55_AR_BD_POLICY_CANCEL.TotalTransErrors" USERDEFINED ="NO"/>
        <WORKFLOWVARIABLE DATATYPE ="integer" DEFAULTVALUE ="" DESCRIPTION ="First error code" ISNULL ="NO" ISPERSISTENT ="NO" NAME ="$s_m_CSS55_AR_BD_POLICY_CANCEL.FirstErrorCode" USERDEFINED ="NO"/>
        <WORKFLOWVARIABLE DATATYPE ="string" DEFAULTVALUE ="" DESCRIPTION ="First error message" ISNULL ="NO" ISPERSISTENT ="NO" NAME ="$s_m_CSS55_AR_BD_POLICY_CANCEL.FirstErrorMsg" USERDEFINED ="NO"/>
        <ATTRIBUTE NAME ="Parameter Filename" VALUE =""/>
        <ATTRIBUTE NAME ="Write Backward Compatible Workflow Log File" VALUE ="NO"/>
        <ATTRIBUTE NAME ="Workflow Log File Name" VALUE ="wf_CSS55_AR_BD_POLICY_CANCEL.log"/>
        <ATTRIBUTE NAME ="Workflow Log File Directory" VALUE ="$PMWorkflowLogDir&#x5c;"/>
        <ATTRIBUTE NAME ="Save Workflow log by" VALUE ="By runs"/>
        <ATTRIBUTE NAME ="Save workflow log for these runs" VALUE ="0"/>
        <ATTRIBUTE NAME ="Service Name" VALUE =""/>
        <ATTRIBUTE NAME ="Service Timeout" VALUE ="0"/>
        <ATTRIBUTE NAME ="Is Service Visible" VALUE ="NO"/>
        <ATTRIBUTE NAME ="Is Service Protected" VALUE ="NO"/>
        <ATTRIBUTE NAME ="Enable HA recovery" VALUE ="NO"/>
        <ATTRIBUTE NAME ="Automatically recover terminated tasks" VALUE ="NO"/>
        <ATTRIBUTE NAME ="Service Level Name" VALUE ="Default"/>
        <ATTRIBUTE NAME ="Allow concurrent run with unique run instance name" VALUE ="NO"/>
        <ATTRIBUTE NAME ="Allow concurrent run with same run instance name" VALUE ="NO"/>
        <ATTRIBUTE NAME ="Maximum number of concurrent runs" VALUE ="0"/>
        <ATTRIBUTE NAME ="Assigned Web Services Hubs" VALUE =""/>
        <ATTRIBUTE NAME ="Maximum number of concurrent runs per Hub" VALUE ="1000"/>
        <ATTRIBUTE NAME ="Expected Service Time" VALUE ="1"/>
    </WORKFLOW>
</FOLDER>
</REPOSITORY>
</POWERMART>