<?xml version="1.0" encoding="ISO-8859-1"?>
<!DOCTYPE POWERMART SYSTEM "powrmart.dtd">
<POWERMART CREATION_DATE="11/21/2016 08:51:43" REPOSITORY_VERSION="184.93">
<REPOSITORY NAME="XDIPCRS" VERSION="184" CODEPAGE="Latin1" DATABASETYPE="DB2">
<FOLDER NAME="XDW991593" GROUP="" OWNER="w991593" SHARED="NOTSHARED" DESCRIPTION="Everis : Antonio Jesus, Group for Global Corporate Teaser Tool(GCT), Developer, antonio.jesus.munoz.lapaz@zurich.com" PERMISSIONS="rwx---r--" UUID="55cd59eb-588d-4840-8dee-97c3257a4945">
    <SOURCE BUSINESSNAME ="" DATABASETYPE ="DB2" DBDNAME ="DB2" DESCRIPTION ="" NAME ="CSS55FF04T" OBJECTVERSION ="1" OWNERNAME ="XDCSS" VERSIONNUMBER ="1">
        <SOURCEFIELD BUSINESSNAME ="" DATATYPE ="integer" DESCRIPTION ="" FIELDNUMBER ="1" FIELDPROPERTY ="0" FIELDTYPE ="ELEMITEM" HIDDEN ="NO" KEYTYPE ="NOT A KEY" LENGTH ="11" LEVEL ="0" NAME ="MONTH_ID" NULLABLE ="NULL" OCCURS ="0" OFFSET ="0" PHYSICALLENGTH ="10" PHYSICALOFFSET ="0" PICTURETEXT ="" PRECISION ="10" SCALE ="0" USAGE_FLAGS =""/>
        <SOURCEFIELD BUSINESSNAME ="" DATATYPE ="varchar" DESCRIPTION ="" FIELDNUMBER ="2" FIELDPROPERTY ="0" FIELDTYPE ="ELEMITEM" HIDDEN ="NO" KEYTYPE ="NOT A KEY" LENGTH ="0" LEVEL ="0" NAME ="COUNTRY_CODE" NULLABLE ="NULL" OCCURS ="0" OFFSET ="11" PHYSICALLENGTH ="50" PHYSICALOFFSET ="10" PICTURETEXT ="" PRECISION ="50" SCALE ="0" USAGE_FLAGS =""/>
        <SOURCEFIELD BUSINESSNAME ="" DATATYPE ="varchar" DESCRIPTION ="" FIELDNUMBER ="3" FIELDPROPERTY ="0" FIELDTYPE ="ELEMITEM" HIDDEN ="NO" KEYTYPE ="NOT A KEY" LENGTH ="0" LEVEL ="0" NAME ="LOCAL_CURRENCY" NULLABLE ="NULL" OCCURS ="0" OFFSET ="11" PHYSICALLENGTH ="4" PHYSICALOFFSET ="60" PICTURETEXT ="" PRECISION ="4" SCALE ="0" USAGE_FLAGS =""/>
        <SOURCEFIELD BUSINESSNAME ="" DATATYPE ="varchar" DESCRIPTION ="" FIELDNUMBER ="4" FIELDPROPERTY ="0" FIELDTYPE ="ELEMITEM" HIDDEN ="NO" KEYTYPE ="NOT A KEY" LENGTH ="0" LEVEL ="0" NAME ="SUBMARKET_UNIT_ID" NULLABLE ="NULL" OCCURS ="0" OFFSET ="11" PHYSICALLENGTH ="50" PHYSICALOFFSET ="64" PICTURETEXT ="" PRECISION ="50" SCALE ="0" USAGE_FLAGS =""/>
        <SOURCEFIELD BUSINESSNAME ="" DATATYPE ="decimal" DESCRIPTION ="" FIELDNUMBER ="5" FIELDPROPERTY ="0" FIELDTYPE ="ELEMITEM" HIDDEN ="NO" KEYTYPE ="NOT A KEY" LENGTH ="17" LEVEL ="0" NAME ="GWP" NULLABLE ="NULL" OCCURS ="0" OFFSET ="11" PHYSICALLENGTH ="15" PHYSICALOFFSET ="114" PICTURETEXT ="" PRECISION ="15" SCALE ="2" USAGE_FLAGS =""/>
    </SOURCE>
    <SOURCE BUSINESSNAME ="" DATABASETYPE ="DB2" DBDNAME ="DB2" DESCRIPTION ="" NAME ="CSS55FF03T" OBJECTVERSION ="1" OWNERNAME ="XDCSS" VERSIONNUMBER ="1">
        <SOURCEFIELD BUSINESSNAME ="" DATATYPE ="integer" DESCRIPTION ="" FIELDNUMBER ="1" FIELDPROPERTY ="0" FIELDTYPE ="ELEMITEM" HIDDEN ="NO" KEYTYPE ="NOT A KEY" LENGTH ="11" LEVEL ="0" NAME ="MONTH_ID" NULLABLE ="NULL" OCCURS ="0" OFFSET ="0" PHYSICALLENGTH ="10" PHYSICALOFFSET ="0" PICTURETEXT ="" PRECISION ="10" SCALE ="0" USAGE_FLAGS =""/>
        <SOURCEFIELD BUSINESSNAME ="" DATATYPE ="varchar" DESCRIPTION ="" FIELDNUMBER ="2" FIELDPROPERTY ="0" FIELDTYPE ="ELEMITEM" HIDDEN ="NO" KEYTYPE ="NOT A KEY" LENGTH ="0" LEVEL ="0" NAME ="COUNTRY_CODE" NULLABLE ="NULL" OCCURS ="0" OFFSET ="11" PHYSICALLENGTH ="50" PHYSICALOFFSET ="10" PICTURETEXT ="" PRECISION ="50" SCALE ="0" USAGE_FLAGS =""/>
        <SOURCEFIELD BUSINESSNAME ="" DATATYPE ="varchar" DESCRIPTION ="" FIELDNUMBER ="3" FIELDPROPERTY ="0" FIELDTYPE ="ELEMITEM" HIDDEN ="NO" KEYTYPE ="NOT A KEY" LENGTH ="0" LEVEL ="0" NAME ="POLICY_ID" NULLABLE ="NULL" OCCURS ="0" OFFSET ="11" PHYSICALLENGTH ="100" PHYSICALOFFSET ="60" PICTURETEXT ="" PRECISION ="100" SCALE ="0" USAGE_FLAGS =""/>
        <SOURCEFIELD BUSINESSNAME ="" DATATYPE ="date" DESCRIPTION ="" FIELDNUMBER ="4" FIELDPROPERTY ="0" FIELDTYPE ="ELEMITEM" HIDDEN ="NO" KEYTYPE ="NOT A KEY" LENGTH ="19" LEVEL ="0" NAME ="DUE_DATE" NULLABLE ="NULL" OCCURS ="0" OFFSET ="11" PHYSICALLENGTH ="10" PHYSICALOFFSET ="160" PICTURETEXT ="" PRECISION ="10" SCALE ="0" USAGE_FLAGS =""/>
        <SOURCEFIELD BUSINESSNAME ="" DATATYPE ="date" DESCRIPTION ="" FIELDNUMBER ="5" FIELDPROPERTY ="0" FIELDTYPE ="ELEMITEM" HIDDEN ="NO" KEYTYPE ="NOT A KEY" LENGTH ="19" LEVEL ="0" NAME ="BILLING_DATE" NULLABLE ="NULL" OCCURS ="0" OFFSET ="30" PHYSICALLENGTH ="10" PHYSICALOFFSET ="170" PICTURETEXT ="" PRECISION ="10" SCALE ="0" USAGE_FLAGS =""/>
        <SOURCEFIELD BUSINESSNAME ="" DATATYPE ="varchar" DESCRIPTION ="" FIELDNUMBER ="6" FIELDPROPERTY ="0" FIELDTYPE ="ELEMITEM" HIDDEN ="NO" KEYTYPE ="NOT A KEY" LENGTH ="0" LEVEL ="0" NAME ="SPECIAL_PROGRAM_ID" NULLABLE ="NULL" OCCURS ="0" OFFSET ="49" PHYSICALLENGTH ="10" PHYSICALOFFSET ="180" PICTURETEXT ="" PRECISION ="10" SCALE ="0" USAGE_FLAGS =""/>
        <SOURCEFIELD BUSINESSNAME ="" DATATYPE ="varchar" DESCRIPTION ="" FIELDNUMBER ="7" FIELDPROPERTY ="0" FIELDTYPE ="ELEMITEM" HIDDEN ="NO" KEYTYPE ="NOT A KEY" LENGTH ="0" LEVEL ="0" NAME ="DOCUMENT_NUMBER" NULLABLE ="NULL" OCCURS ="0" OFFSET ="49" PHYSICALLENGTH ="50" PHYSICALOFFSET ="190" PICTURETEXT ="" PRECISION ="50" SCALE ="0" USAGE_FLAGS =""/>
        <SOURCEFIELD BUSINESSNAME ="" DATATYPE ="varchar" DESCRIPTION ="" FIELDNUMBER ="8" FIELDPROPERTY ="0" FIELDTYPE ="ELEMITEM" HIDDEN ="NO" KEYTYPE ="NOT A KEY" LENGTH ="0" LEVEL ="0" NAME ="CUSTOMER_ID" NULLABLE ="NULL" OCCURS ="0" OFFSET ="49" PHYSICALLENGTH ="50" PHYSICALOFFSET ="240" PICTURETEXT ="" PRECISION ="50" SCALE ="0" USAGE_FLAGS =""/>
        <SOURCEFIELD BUSINESSNAME ="" DATATYPE ="varchar" DESCRIPTION ="" FIELDNUMBER ="9" FIELDPROPERTY ="0" FIELDTYPE ="ELEMITEM" HIDDEN ="NO" KEYTYPE ="NOT A KEY" LENGTH ="0" LEVEL ="0" NAME ="SUBMARKET_UNIT_ID" NULLABLE ="NULL" OCCURS ="0" OFFSET ="49" PHYSICALLENGTH ="50" PHYSICALOFFSET ="290" PICTURETEXT ="" PRECISION ="50" SCALE ="0" USAGE_FLAGS =""/>
        <SOURCEFIELD BUSINESSNAME ="" DATATYPE ="varchar" DESCRIPTION ="" FIELDNUMBER ="10" FIELDPROPERTY ="0" FIELDTYPE ="ELEMITEM" HIDDEN ="NO" KEYTYPE ="NOT A KEY" LENGTH ="0" LEVEL ="0" NAME ="LOB_ID" NULLABLE ="NULL" OCCURS ="0" OFFSET ="49" PHYSICALLENGTH ="50" PHYSICALOFFSET ="340" PICTURETEXT ="" PRECISION ="50" SCALE ="0" USAGE_FLAGS =""/>
        <SOURCEFIELD BUSINESSNAME ="" DATATYPE ="varchar" DESCRIPTION ="" FIELDNUMBER ="11" FIELDPROPERTY ="0" FIELDTYPE ="ELEMITEM" HIDDEN ="NO" KEYTYPE ="NOT A KEY" LENGTH ="0" LEVEL ="0" NAME ="BROKER_ID" NULLABLE ="NULL" OCCURS ="0" OFFSET ="49" PHYSICALLENGTH ="50" PHYSICALOFFSET ="390" PICTURETEXT ="" PRECISION ="50" SCALE ="0" USAGE_FLAGS =""/>
        <SOURCEFIELD BUSINESSNAME ="" DATATYPE ="decimal" DESCRIPTION ="" FIELDNUMBER ="12" FIELDPROPERTY ="0" FIELDTYPE ="ELEMITEM" HIDDEN ="NO" KEYTYPE ="NOT A KEY" LENGTH ="17" LEVEL ="0" NAME ="AR" NULLABLE ="NULL" OCCURS ="0" OFFSET ="49" PHYSICALLENGTH ="15" PHYSICALOFFSET ="440" PICTURETEXT ="" PRECISION ="15" SCALE ="2" USAGE_FLAGS =""/>
        <SOURCEFIELD BUSINESSNAME ="" DATATYPE ="varchar" DESCRIPTION ="" FIELDNUMBER ="13" FIELDPROPERTY ="0" FIELDTYPE ="ELEMITEM" HIDDEN ="NO" KEYTYPE ="NOT A KEY" LENGTH ="0" LEVEL ="0" NAME ="SPECIAL_COLLECTION_ID" NULLABLE ="NULL" OCCURS ="0" OFFSET ="66" PHYSICALLENGTH ="20" PHYSICALOFFSET ="455" PICTURETEXT ="" PRECISION ="20" SCALE ="0" USAGE_FLAGS =""/>
        <SOURCEFIELD BUSINESSNAME ="" DATATYPE ="varchar" DESCRIPTION ="" FIELDNUMBER ="14" FIELDPROPERTY ="0" FIELDTYPE ="ELEMITEM" HIDDEN ="NO" KEYTYPE ="NOT A KEY" LENGTH ="0" LEVEL ="0" NAME ="COA" NULLABLE ="NULL" OCCURS ="0" OFFSET ="66" PHYSICALLENGTH ="8" PHYSICALOFFSET ="475" PICTURETEXT ="" PRECISION ="8" SCALE ="0" USAGE_FLAGS =""/>
        <SOURCEFIELD BUSINESSNAME ="" DATATYPE ="varchar" DESCRIPTION ="" FIELDNUMBER ="15" FIELDPROPERTY ="0" FIELDTYPE ="ELEMITEM" HIDDEN ="NO" KEYTYPE ="NOT A KEY" LENGTH ="0" LEVEL ="0" NAME ="AGE_BUCKET_ID" NULLABLE ="NULL" OCCURS ="0" OFFSET ="66" PHYSICALLENGTH ="20" PHYSICALOFFSET ="483" PICTURETEXT ="" PRECISION ="20" SCALE ="0" USAGE_FLAGS =""/>
    </SOURCE>
    <TARGET BUSINESSNAME ="" CONSTRAINT ="" DATABASETYPE ="DB2" DESCRIPTION ="" NAME ="CSS55FF05T" OBJECTVERSION ="1" TABLEOPTIONS ="" VERSIONNUMBER ="1">
        <TARGETFIELD BUSINESSNAME ="" DATATYPE ="integer" DESCRIPTION ="" FIELDNUMBER ="1" KEYTYPE ="NOT A KEY" NAME ="MONTH_ID" NULLABLE ="NULL" PICTURETEXT ="" PRECISION ="10" SCALE ="0"/>
        <TARGETFIELD BUSINESSNAME ="" DATATYPE ="varchar" DESCRIPTION ="" FIELDNUMBER ="2" KEYTYPE ="NOT A KEY" NAME ="COUNTRY_CODE" NULLABLE ="NULL" PICTURETEXT ="" PRECISION ="50" SCALE ="0"/>
        <TARGETFIELD BUSINESSNAME ="" DATATYPE ="char" DESCRIPTION ="" FIELDNUMBER ="3" KEYTYPE ="NOT A KEY" NAME ="LOCAL_CURRENCY" NULLABLE ="NULL" PICTURETEXT ="" PRECISION ="4" SCALE ="0"/>
        <TARGETFIELD BUSINESSNAME ="" DATATYPE ="varchar" DESCRIPTION ="" FIELDNUMBER ="4" KEYTYPE ="NOT A KEY" NAME ="SPECIAL_PROGRAM_ID" NULLABLE ="NULL" PICTURETEXT ="" PRECISION ="10" SCALE ="0"/>
        <TARGETFIELD BUSINESSNAME ="" DATATYPE ="varchar" DESCRIPTION ="" FIELDNUMBER ="5" KEYTYPE ="NOT A KEY" NAME ="CUSTOMER_ID" NULLABLE ="NULL" PICTURETEXT ="" PRECISION ="50" SCALE ="0"/>
        <TARGETFIELD BUSINESSNAME ="" DATATYPE ="varchar" DESCRIPTION ="" FIELDNUMBER ="6" KEYTYPE ="NOT A KEY" NAME ="SUBMARKET_UNIT_ID" NULLABLE ="NULL" PICTURETEXT ="" PRECISION ="50" SCALE ="0"/>
        <TARGETFIELD BUSINESSNAME ="" DATATYPE ="varchar" DESCRIPTION ="" FIELDNUMBER ="7" KEYTYPE ="NOT A KEY" NAME ="LOB_ID" NULLABLE ="NULL" PICTURETEXT ="" PRECISION ="50" SCALE ="0"/>
        <TARGETFIELD BUSINESSNAME ="" DATATYPE ="varchar" DESCRIPTION ="" FIELDNUMBER ="8" KEYTYPE ="NOT A KEY" NAME ="BROKER_ID" NULLABLE ="NULL" PICTURETEXT ="" PRECISION ="50" SCALE ="0"/>
        <TARGETFIELD BUSINESSNAME ="" DATATYPE ="decimal" DESCRIPTION ="" FIELDNUMBER ="9" KEYTYPE ="NOT A KEY" NAME ="AR" NULLABLE ="NULL" PICTURETEXT ="" PRECISION ="15" SCALE ="2"/>
        <TARGETFIELD BUSINESSNAME ="" DATATYPE ="decimal" DESCRIPTION ="" FIELDNUMBER ="10" KEYTYPE ="NOT A KEY" NAME ="GWP" NULLABLE ="NULL" PICTURETEXT ="" PRECISION ="15" SCALE ="2"/>
        <TARGETFIELD BUSINESSNAME ="" DATATYPE ="varchar" DESCRIPTION ="" FIELDNUMBER ="11" KEYTYPE ="NOT A KEY" NAME ="SPECIAL_COLLECTION_ID" NULLABLE ="NULL" PICTURETEXT ="" PRECISION ="20" SCALE ="0"/>
        <TARGETFIELD BUSINESSNAME ="" DATATYPE ="varchar" DESCRIPTION ="" FIELDNUMBER ="12" KEYTYPE ="NOT A KEY" NAME ="COA" NULLABLE ="NULL" PICTURETEXT ="" PRECISION ="2" SCALE ="0"/>
        <TARGETFIELD BUSINESSNAME ="" DATATYPE ="integer" DESCRIPTION ="" FIELDNUMBER ="13" KEYTYPE ="NOT A KEY" NAME ="RUN_ID" NULLABLE ="NULL" PICTURETEXT ="" PRECISION ="10" SCALE ="0"/>
        <TARGETFIELD BUSINESSNAME ="" DATATYPE ="varchar" DESCRIPTION ="" FIELDNUMBER ="14" KEYTYPE ="NOT A KEY" NAME ="AGE_BUCKET_ID" NULLABLE ="NULL" PICTURETEXT ="" PRECISION ="20" SCALE ="0"/>
    </TARGET>
    <TARGET BUSINESSNAME ="" CONSTRAINT ="" DATABASETYPE ="DB2" DESCRIPTION ="" NAME ="CSS01LF01T" OBJECTVERSION ="1" TABLEOPTIONS ="" VERSIONNUMBER ="1">
        <TARGETFIELD BUSINESSNAME ="" DATATYPE ="varchar" DESCRIPTION ="" FIELDNUMBER ="1" KEYTYPE ="PRIMARY KEY" NAME ="COUNTRY_CODE" NULLABLE ="NOTNULL" PICTURETEXT ="" PRECISION ="4" SCALE ="0"/>
        <TARGETFIELD BUSINESSNAME ="" DATATYPE ="varchar" DESCRIPTION ="" FIELDNUMBER ="2" KEYTYPE ="PRIMARY KEY" NAME ="FUNCTION_ID" NULLABLE ="NOTNULL" PICTURETEXT ="" PRECISION ="3" SCALE ="0"/>
        <TARGETFIELD BUSINESSNAME ="" DATATYPE ="integer" DESCRIPTION ="" FIELDNUMBER ="3" KEYTYPE ="NOT A KEY" NAME ="UAC_LASTEST_MONTH_ID" NULLABLE ="NOTNULL" PICTURETEXT ="" PRECISION ="10" SCALE ="0"/>
        <TARGETFIELD BUSINESSNAME ="" DATATYPE ="timestamp" DESCRIPTION ="" FIELDNUMBER ="4" KEYTYPE ="NOT A KEY" NAME ="UAC_REFRESH_DATE" NULLABLE ="NULL" PICTURETEXT ="" PRECISION ="26" SCALE ="6"/>
        <TARGETFIELD BUSINESSNAME ="" DATATYPE ="integer" DESCRIPTION ="" FIELDNUMBER ="5" KEYTYPE ="NOT A KEY" NAME ="RUN_ID" NULLABLE ="NULL" PICTURETEXT ="" PRECISION ="10" SCALE ="0"/>
    </TARGET>
    <MAPPING DESCRIPTION ="" ISVALID ="YES" NAME ="m_CSS55_AR_AGG_GWP" OBJECTVERSION ="1" VERSIONNUMBER ="1">
        <TRANSFORMATION DESCRIPTION ="" NAME ="SRT_DISTINCT" OBJECTVERSION ="1" REUSABLE ="NO" TYPE ="Sorter" VERSIONNUMBER ="1">
            <TRANSFORMFIELD DATATYPE ="integer" DEFAULTVALUE ="" DESCRIPTION ="" ISSORTKEY ="YES" NAME ="MONTH_ID" PICTURETEXT ="" PORTTYPE ="INPUT/OUTPUT" PRECISION ="10" SCALE ="0" SORTDIRECTION ="ASCENDING"/>
            <TRANSFORMFIELD DATATYPE ="string" DEFAULTVALUE ="" DESCRIPTION ="" ISSORTKEY ="YES" NAME ="COUNTRY_CODE" PICTURETEXT ="" PORTTYPE ="INPUT/OUTPUT" PRECISION ="50" SCALE ="0" SORTDIRECTION ="ASCENDING"/>
            <TRANSFORMFIELD DATATYPE ="string" DEFAULTVALUE ="" DESCRIPTION ="" ISSORTKEY ="YES" NAME ="LOCAL_CURRENCY" PICTURETEXT ="" PORTTYPE ="INPUT/OUTPUT" PRECISION ="4" SCALE ="0" SORTDIRECTION ="ASCENDING"/>
            <TRANSFORMFIELD DATATYPE ="string" DEFAULTVALUE ="" DESCRIPTION ="" ISSORTKEY ="YES" NAME ="SPECIAL_PROGRAM_ID" PICTURETEXT ="" PORTTYPE ="INPUT/OUTPUT" PRECISION ="10" SCALE ="0" SORTDIRECTION ="ASCENDING"/>
            <TRANSFORMFIELD DATATYPE ="string" DEFAULTVALUE ="" DESCRIPTION ="" ISSORTKEY ="YES" NAME ="CUSTOMER_ID" PICTURETEXT ="" PORTTYPE ="INPUT/OUTPUT" PRECISION ="50" SCALE ="0" SORTDIRECTION ="ASCENDING"/>
            <TRANSFORMFIELD DATATYPE ="string" DEFAULTVALUE ="" DESCRIPTION ="" ISSORTKEY ="YES" NAME ="SUBMARKET_UNIT_ID" PICTURETEXT ="" PORTTYPE ="INPUT/OUTPUT" PRECISION ="50" SCALE ="0" SORTDIRECTION ="ASCENDING"/>
            <TRANSFORMFIELD DATATYPE ="string" DEFAULTVALUE ="" DESCRIPTION ="" ISSORTKEY ="YES" NAME ="LOB_ID" PICTURETEXT ="" PORTTYPE ="INPUT/OUTPUT" PRECISION ="50" SCALE ="0" SORTDIRECTION ="ASCENDING"/>
            <TRANSFORMFIELD DATATYPE ="string" DEFAULTVALUE ="" DESCRIPTION ="" ISSORTKEY ="YES" NAME ="BROKER_ID" PICTURETEXT ="" PORTTYPE ="INPUT/OUTPUT" PRECISION ="50" SCALE ="0" SORTDIRECTION ="ASCENDING"/>
            <TRANSFORMFIELD DATATYPE ="decimal" DEFAULTVALUE ="" DESCRIPTION ="" ISSORTKEY ="YES" NAME ="AR" PICTURETEXT ="" PORTTYPE ="INPUT/OUTPUT" PRECISION ="15" SCALE ="2" SORTDIRECTION ="ASCENDING"/>
            <TRANSFORMFIELD DATATYPE ="decimal" DEFAULTVALUE ="" DESCRIPTION ="" ISSORTKEY ="YES" NAME ="GWP_1_YEAR" PICTURETEXT ="" PORTTYPE ="INPUT/OUTPUT" PRECISION ="15" SCALE ="2" SORTDIRECTION ="ASCENDING"/>
            <TRANSFORMFIELD DATATYPE ="string" DEFAULTVALUE ="" DESCRIPTION ="" ISSORTKEY ="YES" NAME ="SPECIAL_COLLECTION_ID" PICTURETEXT ="" PORTTYPE ="INPUT/OUTPUT" PRECISION ="20" SCALE ="0" SORTDIRECTION ="ASCENDING"/>
            <TRANSFORMFIELD DATATYPE ="string" DEFAULTVALUE ="" DESCRIPTION ="" ISSORTKEY ="YES" NAME ="COA" PICTURETEXT ="" PORTTYPE ="INPUT/OUTPUT" PRECISION ="8" SCALE ="0" SORTDIRECTION ="ASCENDING"/>
            <TRANSFORMFIELD DATATYPE ="string" DEFAULTVALUE ="" DESCRIPTION ="" ISSORTKEY ="YES" NAME ="AGE_BUCKET_ID" PICTURETEXT ="" PORTTYPE ="INPUT/OUTPUT" PRECISION ="20" SCALE ="0" SORTDIRECTION ="ASCENDING"/>
            <TRANSFORMFIELD DATATYPE ="integer" DEFAULTVALUE ="" DESCRIPTION ="" ISSORTKEY ="NO" NAME ="RUN_ID" PICTURETEXT ="" PORTTYPE ="INPUT/OUTPUT" PRECISION ="10" SCALE ="0" SORTDIRECTION ="ASCENDING"/>
            <TABLEATTRIBUTE NAME ="Sorter Cache Size" VALUE ="Auto"/>
            <TABLEATTRIBUTE NAME ="Case Sensitive" VALUE ="YES"/>
            <TABLEATTRIBUTE NAME ="Work Directory" VALUE ="$PMTempDir"/>
            <TABLEATTRIBUTE NAME ="Distinct" VALUE ="NO"/>
            <TABLEATTRIBUTE NAME ="Tracing Level" VALUE ="Normal"/>
            <TABLEATTRIBUTE NAME ="Null Treated Low" VALUE ="NO"/>
            <TABLEATTRIBUTE NAME ="Merge Only" VALUE ="NO"/>
            <TABLEATTRIBUTE NAME ="Partitioning" VALUE ="Order records for individual partitions"/>
            <TABLEATTRIBUTE NAME ="Transformation Scope" VALUE ="All Input"/>
        </TRANSFORMATION>
        <TRANSFORMATION DESCRIPTION ="" NAME ="SQ_CSS55FF03T" OBJECTVERSION ="1" REUSABLE ="NO" TYPE ="Source Qualifier" VERSIONNUMBER ="1">
            <TRANSFORMFIELD DATATYPE ="integer" DEFAULTVALUE ="" DESCRIPTION ="" NAME ="MONTH_ID" PICTURETEXT ="" PORTTYPE ="INPUT/OUTPUT" PRECISION ="10" SCALE ="0"/>
            <TRANSFORMFIELD DATATYPE ="string" DEFAULTVALUE ="" DESCRIPTION ="" NAME ="COUNTRY_CODE" PICTURETEXT ="" PORTTYPE ="INPUT/OUTPUT" PRECISION ="50" SCALE ="0"/>
            <TRANSFORMFIELD DATATYPE ="string" DEFAULTVALUE ="" DESCRIPTION ="" NAME ="POLICY_ID" PICTURETEXT ="" PORTTYPE ="INPUT/OUTPUT" PRECISION ="100" SCALE ="0"/>
            <TRANSFORMFIELD DATATYPE ="date/time" DEFAULTVALUE ="" DESCRIPTION ="" NAME ="DUE_DATE" PICTURETEXT ="" PORTTYPE ="INPUT/OUTPUT" PRECISION ="29" SCALE ="9"/>
            <TRANSFORMFIELD DATATYPE ="date/time" DEFAULTVALUE ="" DESCRIPTION ="" NAME ="BILLING_DATE" PICTURETEXT ="" PORTTYPE ="INPUT/OUTPUT" PRECISION ="29" SCALE ="9"/>
            <TRANSFORMFIELD DATATYPE ="string" DEFAULTVALUE ="" DESCRIPTION ="" NAME ="SPECIAL_PROGRAM_ID" PICTURETEXT ="" PORTTYPE ="INPUT/OUTPUT" PRECISION ="10" SCALE ="0"/>
            <TRANSFORMFIELD DATATYPE ="string" DEFAULTVALUE ="" DESCRIPTION ="" NAME ="DOCUMENT_NUMBER" PICTURETEXT ="" PORTTYPE ="INPUT/OUTPUT" PRECISION ="50" SCALE ="0"/>
            <TRANSFORMFIELD DATATYPE ="string" DEFAULTVALUE ="" DESCRIPTION ="" NAME ="CUSTOMER_ID" PICTURETEXT ="" PORTTYPE ="INPUT/OUTPUT" PRECISION ="50" SCALE ="0"/>
            <TRANSFORMFIELD DATATYPE ="string" DEFAULTVALUE ="" DESCRIPTION ="" NAME ="SUBMARKET_UNIT_ID" PICTURETEXT ="" PORTTYPE ="INPUT/OUTPUT" PRECISION ="50" SCALE ="0"/>
            <TRANSFORMFIELD DATATYPE ="string" DEFAULTVALUE ="" DESCRIPTION ="" NAME ="LOB_ID" PICTURETEXT ="" PORTTYPE ="INPUT/OUTPUT" PRECISION ="50" SCALE ="0"/>
            <TRANSFORMFIELD DATATYPE ="string" DEFAULTVALUE ="" DESCRIPTION ="" NAME ="BROKER_ID" PICTURETEXT ="" PORTTYPE ="INPUT/OUTPUT" PRECISION ="50" SCALE ="0"/>
            <TRANSFORMFIELD DATATYPE ="string" DEFAULTVALUE ="" DESCRIPTION ="" NAME ="SPECIAL_COLLECTION_ID" PICTURETEXT ="" PORTTYPE ="INPUT/OUTPUT" PRECISION ="20" SCALE ="0"/>
            <TRANSFORMFIELD DATATYPE ="string" DEFAULTVALUE ="" DESCRIPTION ="" NAME ="COA" PICTURETEXT ="" PORTTYPE ="INPUT/OUTPUT" PRECISION ="8" SCALE ="0"/>
            <TRANSFORMFIELD DATATYPE ="string" DEFAULTVALUE ="" DESCRIPTION ="" NAME ="AGE_BUCKET_ID" PICTURETEXT ="" PORTTYPE ="INPUT/OUTPUT" PRECISION ="20" SCALE ="0"/>
            <TRANSFORMFIELD DATATYPE ="decimal" DEFAULTVALUE ="" DESCRIPTION ="" NAME ="AR" PICTURETEXT ="" PORTTYPE ="INPUT/OUTPUT" PRECISION ="15" SCALE ="2"/>
            <TABLEATTRIBUTE NAME ="Sql Query" VALUE =""/>
            <TABLEATTRIBUTE NAME ="User Defined Join" VALUE =""/>
            <TABLEATTRIBUTE NAME ="Source Filter" VALUE ="MONTH_ID&gt;$$MONTHID"/>
            <TABLEATTRIBUTE NAME ="Number Of Sorted Ports" VALUE ="0"/>
            <TABLEATTRIBUTE NAME ="Tracing Level" VALUE ="Normal"/>
            <TABLEATTRIBUTE NAME ="Select Distinct" VALUE ="NO"/>
            <TABLEATTRIBUTE NAME ="Is Partitionable" VALUE ="NO"/>
            <TABLEATTRIBUTE NAME ="Pre SQL" VALUE =""/>
            <TABLEATTRIBUTE NAME ="Post SQL" VALUE =""/>
            <TABLEATTRIBUTE NAME ="Output is deterministic" VALUE ="NO"/>
            <TABLEATTRIBUTE NAME ="Output is repeatable" VALUE ="Never"/>
        </TRANSFORMATION>
        <TRANSFORMATION DESCRIPTION ="" NAME ="SQ_CSS55FF04T" OBJECTVERSION ="1" REUSABLE ="NO" TYPE ="Source Qualifier" VERSIONNUMBER ="1">
            <TRANSFORMFIELD DATATYPE ="integer" DEFAULTVALUE ="" DESCRIPTION ="" NAME ="MONTH_ID" PICTURETEXT ="" PORTTYPE ="INPUT/OUTPUT" PRECISION ="10" SCALE ="0"/>
            <TRANSFORMFIELD DATATYPE ="string" DEFAULTVALUE ="" DESCRIPTION ="" NAME ="COUNTRY_CODE" PICTURETEXT ="" PORTTYPE ="INPUT/OUTPUT" PRECISION ="50" SCALE ="0"/>
            <TRANSFORMFIELD DATATYPE ="string" DEFAULTVALUE ="" DESCRIPTION ="" NAME ="LOCAL_CURRENCY" PICTURETEXT ="" PORTTYPE ="INPUT/OUTPUT" PRECISION ="4" SCALE ="0"/>
            <TRANSFORMFIELD DATATYPE ="string" DEFAULTVALUE ="" DESCRIPTION ="" NAME ="SUBMARKET_UNIT_ID" PICTURETEXT ="" PORTTYPE ="INPUT/OUTPUT" PRECISION ="50" SCALE ="0"/>
            <TRANSFORMFIELD DATATYPE ="decimal" DEFAULTVALUE ="" DESCRIPTION ="" NAME ="GWP" PICTURETEXT ="" PORTTYPE ="INPUT/OUTPUT" PRECISION ="15" SCALE ="2"/>
            <TABLEATTRIBUTE NAME ="Sql Query" VALUE =""/>
            <TABLEATTRIBUTE NAME ="User Defined Join" VALUE =""/>
            <TABLEATTRIBUTE NAME ="Source Filter" VALUE ="MONTH_ID&gt;$$MONTHID"/>
            <TABLEATTRIBUTE NAME ="Number Of Sorted Ports" VALUE ="0"/>
            <TABLEATTRIBUTE NAME ="Tracing Level" VALUE ="Normal"/>
            <TABLEATTRIBUTE NAME ="Select Distinct" VALUE ="NO"/>
            <TABLEATTRIBUTE NAME ="Is Partitionable" VALUE ="NO"/>
            <TABLEATTRIBUTE NAME ="Pre SQL" VALUE =""/>
            <TABLEATTRIBUTE NAME ="Post SQL" VALUE =""/>
            <TABLEATTRIBUTE NAME ="Output is deterministic" VALUE ="NO"/>
            <TABLEATTRIBUTE NAME ="Output is repeatable" VALUE ="Never"/>
        </TRANSFORMATION>
        <TRANSFORMATION DESCRIPTION ="" NAME ="EXP_GWP" OBJECTVERSION ="1" REUSABLE ="NO" TYPE ="Expression" VERSIONNUMBER ="1">
            <TRANSFORMFIELD DATATYPE ="integer" DEFAULTVALUE ="" DESCRIPTION ="" EXPRESSION ="MONTH_ID" EXPRESSIONTYPE ="GENERAL" NAME ="MONTH_ID" PICTURETEXT ="" PORTTYPE ="INPUT/OUTPUT" PRECISION ="10" SCALE ="0"/>
            <TRANSFORMFIELD DATATYPE ="integer" DEFAULTVALUE ="" DESCRIPTION ="" NAME ="MONTH_ID_12" PICTURETEXT ="" PORTTYPE ="INPUT" PRECISION ="10" SCALE ="0"/>
            <TRANSFORMFIELD DATATYPE ="integer" DEFAULTVALUE ="" DESCRIPTION ="" NAME ="MONTH_ID_13" PICTURETEXT ="" PORTTYPE ="INPUT" PRECISION ="10" SCALE ="0"/>
            <TRANSFORMFIELD DATATYPE ="decimal" DEFAULTVALUE ="" DESCRIPTION ="" NAME ="GWP_IN" PICTURETEXT ="" PORTTYPE ="INPUT" PRECISION ="15" SCALE ="2"/>
            <TRANSFORMFIELD DATATYPE ="string" DEFAULTVALUE ="" DESCRIPTION ="" EXPRESSION ="COUNTRY_CODE" EXPRESSIONTYPE ="GENERAL" NAME ="COUNTRY_CODE" PICTURETEXT ="" PORTTYPE ="INPUT/OUTPUT" PRECISION ="50" SCALE ="0"/>
            <TRANSFORMFIELD DATATYPE ="string" DEFAULTVALUE ="" DESCRIPTION ="" EXPRESSION ="LOCAL_CURRENCY" EXPRESSIONTYPE ="GENERAL" NAME ="LOCAL_CURRENCY" PICTURETEXT ="" PORTTYPE ="INPUT/OUTPUT" PRECISION ="4" SCALE ="0"/>
            <TRANSFORMFIELD DATATYPE ="string" DEFAULTVALUE ="" DESCRIPTION ="" EXPRESSION ="SUBMARKET_UNIT_ID" EXPRESSIONTYPE ="GENERAL" NAME ="SUBMARKET_UNIT_ID" PICTURETEXT ="" PORTTYPE ="INPUT/OUTPUT" PRECISION ="50" SCALE ="0"/>
            <TRANSFORMFIELD DATATYPE ="decimal" DEFAULTVALUE ="" DESCRIPTION ="" EXPRESSION ="IIF(ISNULL(:LKP.LKP_CSS55FF04T(MONTH_ID_12, COUNTRY_CODE, LOCAL_CURRENCY, SUBMARKET_UNIT_ID)),0,:LKP.LKP_CSS55FF04T(MONTH_ID_12, COUNTRY_CODE, LOCAL_CURRENCY, SUBMARKET_UNIT_ID))" EXPRESSIONTYPE ="GENERAL" NAME ="GWP_12" PICTURETEXT ="" PORTTYPE ="LOCAL VARIABLE" PRECISION ="15" SCALE ="2"/>
            <TRANSFORMFIELD DATATYPE ="decimal" DEFAULTVALUE ="" DESCRIPTION ="" EXPRESSION ="IIF(ISNULL(:LKP.LKP_CSS55FF04T(MONTH_ID_13, COUNTRY_CODE, LOCAL_CURRENCY, SUBMARKET_UNIT_ID)),0,:LKP.LKP_CSS55FF04T(MONTH_ID_13, COUNTRY_CODE, LOCAL_CURRENCY, SUBMARKET_UNIT_ID))" EXPRESSIONTYPE ="GENERAL" NAME ="GWP_13" PICTURETEXT ="" PORTTYPE ="LOCAL VARIABLE" PRECISION ="15" SCALE ="2"/>
            <TRANSFORMFIELD DATATYPE ="decimal" DEFAULTVALUE ="ERROR(&apos;transformation error&apos;)" DESCRIPTION ="" EXPRESSION ="GWP_IN+GWP_12-GWP_13" EXPRESSIONTYPE ="GENERAL" NAME ="GWP_OUT" PICTURETEXT ="" PORTTYPE ="OUTPUT" PRECISION ="15" SCALE ="2"/>
            <TABLEATTRIBUTE NAME ="Tracing Level" VALUE ="Normal"/>
        </TRANSFORMATION>
        <TRANSFORMATION DESCRIPTION ="" NAME ="LKP_CSS55FF04T" OBJECTVERSION ="1" REUSABLE ="NO" TYPE ="Lookup Procedure" VERSIONNUMBER ="1">
            <TRANSFORMFIELD DATATYPE ="integer" DEFAULTVALUE ="" DESCRIPTION ="" NAME ="MONTH_ID" PICTURETEXT ="" PORTTYPE ="LOOKUP/OUTPUT" PRECISION ="10" SCALE ="0"/>
            <TRANSFORMFIELD DATATYPE ="string" DEFAULTVALUE ="" DESCRIPTION ="" NAME ="COUNTRY_CODE" PICTURETEXT ="" PORTTYPE ="LOOKUP/OUTPUT" PRECISION ="50" SCALE ="0"/>
            <TRANSFORMFIELD DATATYPE ="string" DEFAULTVALUE ="" DESCRIPTION ="" NAME ="LOCAL_CURRENCY" PICTURETEXT ="" PORTTYPE ="LOOKUP/OUTPUT" PRECISION ="4" SCALE ="0"/>
            <TRANSFORMFIELD DATATYPE ="string" DEFAULTVALUE ="" DESCRIPTION ="" NAME ="SUBMARKET_UNIT_ID" PICTURETEXT ="" PORTTYPE ="LOOKUP/OUTPUT" PRECISION ="50" SCALE ="0"/>
            <TRANSFORMFIELD DATATYPE ="decimal" DEFAULTVALUE ="" DESCRIPTION ="" NAME ="GWP" PICTURETEXT ="" PORTTYPE ="LOOKUP/RETURN/OUTPUT" PRECISION ="15" SCALE ="2"/>
            <TRANSFORMFIELD DATATYPE ="integer" DEFAULTVALUE ="" DESCRIPTION ="" NAME ="MONTH_ID_IN" PICTURETEXT ="" PORTTYPE ="INPUT" PRECISION ="10" SCALE ="0"/>
            <TRANSFORMFIELD DATATYPE ="string" DEFAULTVALUE ="" DESCRIPTION ="" NAME ="COUNTRY_CODE_IN" PICTURETEXT ="" PORTTYPE ="INPUT" PRECISION ="50" SCALE ="0"/>
            <TRANSFORMFIELD DATATYPE ="string" DEFAULTVALUE ="" DESCRIPTION ="" NAME ="LOCAL_CURRENCY_IN" PICTURETEXT ="" PORTTYPE ="INPUT" PRECISION ="4" SCALE ="0"/>
            <TRANSFORMFIELD DATATYPE ="string" DEFAULTVALUE ="" DESCRIPTION ="" NAME ="SUBMARKET_UNIT_ID_IN" PICTURETEXT ="" PORTTYPE ="INPUT" PRECISION ="50" SCALE ="0"/>
            <TABLEATTRIBUTE NAME ="Lookup Sql Override" VALUE =""/>
            <TABLEATTRIBUTE NAME ="Lookup table name" VALUE ="$$p_s_target_CSS55FF04T"/>
            <TABLEATTRIBUTE NAME ="Lookup Source Filter" VALUE =""/>
            <TABLEATTRIBUTE NAME ="Lookup caching enabled" VALUE ="YES"/>
            <TABLEATTRIBUTE NAME ="Lookup policy on multiple match" VALUE ="Use Any Value"/>
            <TABLEATTRIBUTE NAME ="Lookup condition" VALUE ="MONTH_ID = MONTH_ID_IN AND COUNTRY_CODE = COUNTRY_CODE_IN AND LOCAL_CURRENCY = LOCAL_CURRENCY_IN AND SUBMARKET_UNIT_ID = SUBMARKET_UNIT_ID_IN"/>
            <TABLEATTRIBUTE NAME ="Connection Information" VALUE ="$Target"/>
            <TABLEATTRIBUTE NAME ="Source Type" VALUE ="Database"/>
            <TABLEATTRIBUTE NAME ="Recache if Stale" VALUE ="NO"/>
            <TABLEATTRIBUTE NAME ="Tracing Level" VALUE ="Normal"/>
            <TABLEATTRIBUTE NAME ="Lookup cache directory name" VALUE ="$PMCacheDir"/>
            <TABLEATTRIBUTE NAME ="Lookup cache initialize" VALUE ="NO"/>
            <TABLEATTRIBUTE NAME ="Lookup cache persistent" VALUE ="NO"/>
            <TABLEATTRIBUTE NAME ="Lookup Data Cache Size" VALUE ="Auto"/>
            <TABLEATTRIBUTE NAME ="Lookup Index Cache Size" VALUE ="Auto"/>
            <TABLEATTRIBUTE NAME ="Dynamic Lookup Cache" VALUE ="NO"/>
            <TABLEATTRIBUTE NAME ="Synchronize Dynamic Cache" VALUE ="NO"/>
            <TABLEATTRIBUTE NAME ="Output Old Value On Update" VALUE ="NO"/>
            <TABLEATTRIBUTE NAME ="Update Dynamic Cache Condition" VALUE ="TRUE"/>
            <TABLEATTRIBUTE NAME ="Cache File Name Prefix" VALUE =""/>
            <TABLEATTRIBUTE NAME ="Re-cache from lookup source" VALUE ="NO"/>
            <TABLEATTRIBUTE NAME ="Insert Else Update" VALUE ="NO"/>
            <TABLEATTRIBUTE NAME ="Update Else Insert" VALUE ="NO"/>
            <TABLEATTRIBUTE NAME ="Datetime Format" VALUE =""/>
            <TABLEATTRIBUTE NAME ="Thousand Separator" VALUE ="None"/>
            <TABLEATTRIBUTE NAME ="Decimal Separator" VALUE ="."/>
            <TABLEATTRIBUTE NAME ="Case Sensitive String Comparison" VALUE ="NO"/>
            <TABLEATTRIBUTE NAME ="Null ordering" VALUE ="Null Is Highest Value"/>
            <TABLEATTRIBUTE NAME ="Sorted Input" VALUE ="NO"/>
            <TABLEATTRIBUTE NAME ="Lookup source is static" VALUE ="NO"/>
            <TABLEATTRIBUTE NAME ="Pre-build lookup cache" VALUE ="Auto"/>
            <TABLEATTRIBUTE NAME ="Subsecond Precision" VALUE ="6"/>
        </TRANSFORMATION>
        <TRANSFORMATION DESCRIPTION ="" NAME ="AGG_GWP" OBJECTVERSION ="1" REUSABLE ="NO" TYPE ="Aggregator" VERSIONNUMBER ="1">
            <TRANSFORMFIELD DATATYPE ="integer" DEFAULTVALUE ="" DESCRIPTION ="" EXPRESSION ="MONTH_ID" EXPRESSIONTYPE ="GROUPBY" NAME ="MONTH_ID" PICTURETEXT ="" PORTTYPE ="INPUT/OUTPUT" PRECISION ="10" SCALE ="0"/>
            <TRANSFORMFIELD DATATYPE ="string" DEFAULTVALUE ="" DESCRIPTION ="" EXPRESSION ="COUNTRY_CODE" EXPRESSIONTYPE ="GROUPBY" NAME ="COUNTRY_CODE" PICTURETEXT ="" PORTTYPE ="INPUT/OUTPUT" PRECISION ="50" SCALE ="0"/>
            <TRANSFORMFIELD DATATYPE ="string" DEFAULTVALUE ="" DESCRIPTION ="" EXPRESSION ="LOCAL_CURRENCY" EXPRESSIONTYPE ="GROUPBY" NAME ="LOCAL_CURRENCY" PICTURETEXT ="" PORTTYPE ="INPUT/OUTPUT" PRECISION ="4" SCALE ="0"/>
            <TRANSFORMFIELD DATATYPE ="string" DEFAULTVALUE ="" DESCRIPTION ="" EXPRESSION ="SUBMARKET_UNIT_ID" EXPRESSIONTYPE ="GROUPBY" NAME ="SUBMARKET_UNIT_ID" PICTURETEXT ="" PORTTYPE ="INPUT/OUTPUT" PRECISION ="50" SCALE ="0"/>
            <TRANSFORMFIELD DATATYPE ="decimal" DEFAULTVALUE ="" DESCRIPTION ="" NAME ="GWP_IN" PICTURETEXT ="" PORTTYPE ="INPUT" PRECISION ="15" SCALE ="2"/>
            <TRANSFORMFIELD DATATYPE ="decimal" DEFAULTVALUE ="ERROR(&apos;transformation error&apos;)" DESCRIPTION ="" EXPRESSION ="sum(GWP_IN)" EXPRESSIONTYPE ="GENERAL" NAME ="GWP" PICTURETEXT ="" PORTTYPE ="OUTPUT" PRECISION ="15" SCALE ="2"/>
            <TRANSFORMFIELD DATATYPE ="integer" DEFAULTVALUE ="ERROR(&apos;transformation error&apos;)" DESCRIPTION ="" EXPRESSION ="(TO_INTEGER(SUBSTR(MONTH_ID,0,4))-1)*100+12" EXPRESSIONTYPE ="GENERAL" NAME ="MONTH_ID_12" PICTURETEXT ="" PORTTYPE ="OUTPUT" PRECISION ="10" SCALE ="0"/>
            <TRANSFORMFIELD DATATYPE ="integer" DEFAULTVALUE ="ERROR(&apos;transformation error&apos;)" DESCRIPTION ="" EXPRESSION ="MONTH_ID-100" EXPRESSIONTYPE ="GENERAL" NAME ="MONTH_ID_13" PICTURETEXT ="" PORTTYPE ="OUTPUT" PRECISION ="10" SCALE ="0"/>
            <TABLEATTRIBUTE NAME ="Cache Directory" VALUE ="$PMCacheDir"/>
            <TABLEATTRIBUTE NAME ="Tracing Level" VALUE ="Normal"/>
            <TABLEATTRIBUTE NAME ="Sorted Input" VALUE ="YES"/>
            <TABLEATTRIBUTE NAME ="Aggregator Data Cache Size" VALUE ="Auto"/>
            <TABLEATTRIBUTE NAME ="Aggregator Index Cache Size" VALUE ="Auto"/>
            <TABLEATTRIBUTE NAME ="Transformation Scope" VALUE ="All Input"/>
        </TRANSFORMATION>
        <TRANSFORMATION DESCRIPTION ="" NAME ="AGG_CONTROL_TABLE" OBJECTVERSION ="1" REUSABLE ="NO" TYPE ="Aggregator" VERSIONNUMBER ="1">
            <TRANSFORMFIELD DATATYPE ="integer" DEFAULTVALUE ="" DESCRIPTION ="" EXPRESSION ="MONTH_ID_OUT" EXPRESSIONTYPE ="GENERAL" NAME ="MONTH_ID_OUT" PICTURETEXT ="" PORTTYPE ="INPUT/OUTPUT" PRECISION ="10" SCALE ="0"/>
            <TRANSFORMFIELD DATATYPE ="string" DEFAULTVALUE ="" DESCRIPTION ="" EXPRESSION ="COUNTRY_CODE_AR_OUT" EXPRESSIONTYPE ="GROUPBY" NAME ="COUNTRY_CODE_AR_OUT" PICTURETEXT ="" PORTTYPE ="INPUT/OUTPUT" PRECISION ="50" SCALE ="0"/>
            <TRANSFORMFIELD DATATYPE ="integer" DEFAULTVALUE ="ERROR(&apos;transformation error&apos;)" DESCRIPTION ="" EXPRESSION ="MAX(MONTH_ID_OUT)" EXPRESSIONTYPE ="GENERAL" NAME ="LATEST_MONTH" PICTURETEXT ="" PORTTYPE ="OUTPUT" PRECISION ="10" SCALE ="0"/>
            <TRANSFORMFIELD DATATYPE ="date/time" DEFAULTVALUE ="ERROR(&apos;transformation error&apos;)" DESCRIPTION ="" EXPRESSION ="SYSTIMESTAMP()" EXPRESSIONTYPE ="GROUPBY" NAME ="REFRESH_DATE" PICTURETEXT ="" PORTTYPE ="OUTPUT" PRECISION ="29" SCALE ="9"/>
            <TRANSFORMFIELD DATATYPE ="string" DEFAULTVALUE ="ERROR(&apos;transformation error&apos;)" DESCRIPTION ="" EXPRESSION ="&apos;AR&apos;" EXPRESSIONTYPE ="GROUPBY" NAME ="FUNCTION_ID" PICTURETEXT ="" PORTTYPE ="OUTPUT" PRECISION ="10" SCALE ="0"/>
            <TRANSFORMFIELD DATATYPE ="integer" DEFAULTVALUE ="ERROR(&apos;transformation error&apos;)" DESCRIPTION ="" EXPRESSION ="$$RUNID" EXPRESSIONTYPE ="GROUPBY" NAME ="RUN_ID" PICTURETEXT ="" PORTTYPE ="OUTPUT" PRECISION ="10" SCALE ="0"/>
            <TABLEATTRIBUTE NAME ="Cache Directory" VALUE ="$PMCacheDir"/>
            <TABLEATTRIBUTE NAME ="Tracing Level" VALUE ="Normal"/>
            <TABLEATTRIBUTE NAME ="Sorted Input" VALUE ="NO"/>
            <TABLEATTRIBUTE NAME ="Aggregator Data Cache Size" VALUE ="Auto"/>
            <TABLEATTRIBUTE NAME ="Aggregator Index Cache Size" VALUE ="Auto"/>
            <TABLEATTRIBUTE NAME ="Transformation Scope" VALUE ="All Input"/>
        </TRANSFORMATION>
        <TRANSFORMATION DESCRIPTION ="We don&apos;t want null values with the previous FULL OUTER JOIN, so where we can we fill the null values with the corresponding data from the other table." NAME ="EXP_NOT_NULL" OBJECTVERSION ="1" REUSABLE ="NO" TYPE ="Expression" VERSIONNUMBER ="1">
            <TRANSFORMFIELD DATATYPE ="integer" DEFAULTVALUE ="" DESCRIPTION ="" NAME ="MONTH_ID_AR" PICTURETEXT ="" PORTTYPE ="INPUT" PRECISION ="10" SCALE ="0"/>
            <TRANSFORMFIELD DATATYPE ="integer" DEFAULTVALUE ="" DESCRIPTION ="" NAME ="MONTH_ID_GWP" PICTURETEXT ="" PORTTYPE ="INPUT" PRECISION ="10" SCALE ="0"/>
            <TRANSFORMFIELD DATATYPE ="string" DEFAULTVALUE ="" DESCRIPTION ="" NAME ="SUBMARKET_UNIT_ID_AR" PICTURETEXT ="" PORTTYPE ="INPUT" PRECISION ="50" SCALE ="0"/>
            <TRANSFORMFIELD DATATYPE ="string" DEFAULTVALUE ="" DESCRIPTION ="" NAME ="SUBMARKET_UNIT_ID_GWP" PICTURETEXT ="" PORTTYPE ="INPUT" PRECISION ="50" SCALE ="0"/>
            <TRANSFORMFIELD DATATYPE ="string" DEFAULTVALUE ="" DESCRIPTION ="" NAME ="COUNTRY_CODE_AR" PICTURETEXT ="" PORTTYPE ="INPUT" PRECISION ="50" SCALE ="0"/>
            <TRANSFORMFIELD DATATYPE ="string" DEFAULTVALUE ="" DESCRIPTION ="" NAME ="COUNTRY_CODE_GWP" PICTURETEXT ="" PORTTYPE ="INPUT" PRECISION ="50" SCALE ="0"/>
            <TRANSFORMFIELD DATATYPE ="integer" DEFAULTVALUE ="ERROR(&apos;transformation error&apos;)" DESCRIPTION ="" EXPRESSION ="IIF(ISNULL(MONTH_ID_AR),MONTH_ID_GWP,MONTH_ID_AR)" EXPRESSIONTYPE ="GENERAL" NAME ="MONTH_ID_OUT" PICTURETEXT ="" PORTTYPE ="OUTPUT" PRECISION ="10" SCALE ="0"/>
            <TRANSFORMFIELD DATATYPE ="string" DEFAULTVALUE ="ERROR(&apos;transformation error&apos;)" DESCRIPTION ="" EXPRESSION ="IIF(ISNULL(SUBMARKET_UNIT_ID_AR),SUBMARKET_UNIT_ID_GWP,SUBMARKET_UNIT_ID_AR)" EXPRESSIONTYPE ="GENERAL" NAME ="SUBMARKET_UNIT_ID_OUT" PICTURETEXT ="" PORTTYPE ="OUTPUT" PRECISION ="50" SCALE ="0"/>
            <TRANSFORMFIELD DATATYPE ="string" DEFAULTVALUE ="ERROR(&apos;transformation error&apos;)" DESCRIPTION ="" EXPRESSION ="IIF(ISNULL(COUNTRY_CODE_AR),COUNTRY_CODE_GWP,COUNTRY_CODE_AR)" EXPRESSIONTYPE ="GENERAL" NAME ="COUNTRY_CODE_AR_OUT" PICTURETEXT ="" PORTTYPE ="OUTPUT" PRECISION ="50" SCALE ="0"/>
            <TRANSFORMFIELD DATATYPE ="decimal" DEFAULTVALUE ="" DESCRIPTION ="" EXPRESSION ="AR_AGG" EXPRESSIONTYPE ="GENERAL" NAME ="AR_AGG" PICTURETEXT ="" PORTTYPE ="INPUT/OUTPUT" PRECISION ="15" SCALE ="2"/>
            <TRANSFORMFIELD DATATYPE ="decimal" DEFAULTVALUE ="" DESCRIPTION ="" EXPRESSION ="GWP_1_YEAR_AGG" EXPRESSIONTYPE ="GENERAL" NAME ="GWP_1_YEAR_AGG" PICTURETEXT ="" PORTTYPE ="INPUT/OUTPUT" PRECISION ="15" SCALE ="2"/>
            <TRANSFORMFIELD DATATYPE ="string" DEFAULTVALUE ="" DESCRIPTION ="" NAME ="SPECIAL_PROGRAM_ID_IN" PICTURETEXT ="" PORTTYPE ="INPUT" PRECISION ="10" SCALE ="0"/>
            <TRANSFORMFIELD DATATYPE ="string" DEFAULTVALUE ="ERROR(&apos;transformation error&apos;)" DESCRIPTION ="" EXPRESSION ="IIF(ISNULL(SPECIAL_PROGRAM_ID_IN),&apos;0&apos;,SPECIAL_PROGRAM_ID_IN)" EXPRESSIONTYPE ="GENERAL" NAME ="SPECIAL_PROGRAM_ID" PICTURETEXT ="" PORTTYPE ="OUTPUT" PRECISION ="10" SCALE ="0"/>
            <TRANSFORMFIELD DATATYPE ="string" DEFAULTVALUE ="" DESCRIPTION ="" NAME ="CUSTOMER_ID_IN" PICTURETEXT ="" PORTTYPE ="INPUT" PRECISION ="50" SCALE ="0"/>
            <TRANSFORMFIELD DATATYPE ="string" DEFAULTVALUE ="ERROR(&apos;transformation error&apos;)" DESCRIPTION ="" EXPRESSION ="IIF(ISNULL(CUSTOMER_ID_IN),&apos;UNASSIGNED&apos;,CUSTOMER_ID_IN)" EXPRESSIONTYPE ="GENERAL" NAME ="CUSTOMER_ID" PICTURETEXT ="" PORTTYPE ="OUTPUT" PRECISION ="50" SCALE ="0"/>
            <TRANSFORMFIELD DATATYPE ="string" DEFAULTVALUE ="" DESCRIPTION ="" NAME ="LOB_ID_IN" PICTURETEXT ="" PORTTYPE ="INPUT" PRECISION ="50" SCALE ="0"/>
            <TRANSFORMFIELD DATATYPE ="string" DEFAULTVALUE ="ERROR(&apos;transformation error&apos;)" DESCRIPTION ="" EXPRESSION ="IIF(ISNULL(LOB_ID_IN),&apos;UNASSIGNED&apos;,LOB_ID_IN)" EXPRESSIONTYPE ="GENERAL" NAME ="LOB_ID" PICTURETEXT ="" PORTTYPE ="OUTPUT" PRECISION ="50" SCALE ="0"/>
            <TRANSFORMFIELD DATATYPE ="string" DEFAULTVALUE ="" DESCRIPTION ="" NAME ="BROKER_ID_IN" PICTURETEXT ="" PORTTYPE ="INPUT" PRECISION ="50" SCALE ="0"/>
            <TRANSFORMFIELD DATATYPE ="string" DEFAULTVALUE ="ERROR(&apos;transformation error&apos;)" DESCRIPTION ="" EXPRESSION ="IIF(ISNULL(BROKER_ID_IN),&apos;UNASSIGNED&apos;,BROKER_ID_IN)" EXPRESSIONTYPE ="GENERAL" NAME ="BROKER_ID" PICTURETEXT ="" PORTTYPE ="OUTPUT" PRECISION ="50" SCALE ="0"/>
            <TRANSFORMFIELD DATATYPE ="string" DEFAULTVALUE ="" DESCRIPTION ="" NAME ="SPECIAL_COLLECTION_ID_IN" PICTURETEXT ="" PORTTYPE ="INPUT" PRECISION ="20" SCALE ="0"/>
            <TRANSFORMFIELD DATATYPE ="string" DEFAULTVALUE ="ERROR(&apos;transformation error&apos;)" DESCRIPTION ="" EXPRESSION ="IIF(ISNULL(SPECIAL_COLLECTION_ID_IN),&apos;0&apos;,SPECIAL_COLLECTION_ID_IN)" EXPRESSIONTYPE ="GENERAL" NAME ="SPECIAL_COLLECTION_ID" PICTURETEXT ="" PORTTYPE ="OUTPUT" PRECISION ="20" SCALE ="0"/>
            <TRANSFORMFIELD DATATYPE ="string" DEFAULTVALUE ="" DESCRIPTION ="" NAME ="COA_IN" PICTURETEXT ="" PORTTYPE ="INPUT" PRECISION ="8" SCALE ="0"/>
            <TRANSFORMFIELD DATATYPE ="string" DEFAULTVALUE ="ERROR(&apos;transformation error&apos;)" DESCRIPTION ="" EXPRESSION ="IIF(ISNULL(COA_IN),&apos;0&apos;,COA_IN)" EXPRESSIONTYPE ="GENERAL" NAME ="COA" PICTURETEXT ="" PORTTYPE ="OUTPUT" PRECISION ="8" SCALE ="0"/>
            <TRANSFORMFIELD DATATYPE ="string" DEFAULTVALUE ="" DESCRIPTION ="" NAME ="LOCAL_CURRENCY_GWP_IN" PICTURETEXT ="" PORTTYPE ="INPUT" PRECISION ="4" SCALE ="0"/>
            <TRANSFORMFIELD DATATYPE ="string" DEFAULTVALUE ="ERROR(&apos;transformation error&apos;)" DESCRIPTION ="" EXPRESSION ="IIF(ISNULL(LOCAL_CURRENCY_GWP_IN),&apos;USD&apos;,LOCAL_CURRENCY_GWP_IN)" EXPRESSIONTYPE ="GENERAL" NAME ="LOCAL_CURRENCY_GWP_OUT" PICTURETEXT ="" PORTTYPE ="OUTPUT" PRECISION ="4" SCALE ="0"/>
            <TRANSFORMFIELD DATATYPE ="string" DEFAULTVALUE ="" DESCRIPTION ="" NAME ="AGE_BUCKET_ID_IN" PICTURETEXT ="" PORTTYPE ="INPUT" PRECISION ="20" SCALE ="0"/>
            <TRANSFORMFIELD DATATYPE ="string" DEFAULTVALUE ="ERROR(&apos;transformation error&apos;)" DESCRIPTION ="" EXPRESSION ="IIF(ISNULL(AGE_BUCKET_ID_IN),&apos;1&apos;,AGE_BUCKET_ID_IN)" EXPRESSIONTYPE ="GENERAL" NAME ="AGE_BUCKET_ID" PICTURETEXT ="" PORTTYPE ="OUTPUT" PRECISION ="20" SCALE ="0"/>
            <TRANSFORMFIELD DATATYPE ="integer" DEFAULTVALUE ="ERROR(&apos;transformation error&apos;)" DESCRIPTION ="" EXPRESSION ="$$RUNID" EXPRESSIONTYPE ="GENERAL" NAME ="RUN_ID" PICTURETEXT ="" PORTTYPE ="OUTPUT" PRECISION ="10" SCALE ="0"/>
            <TRANSFORMFIELD DATATYPE ="string" DEFAULTVALUE ="" DESCRIPTION ="" EXPRESSION ="SETMAXVARIABLE($$MONTHID,IIF(ISNULL(MONTH_ID_AR),MONTH_ID_GWP,MONTH_ID_AR))" EXPRESSIONTYPE ="GENERAL" NAME ="MONTH_ID_v" PICTURETEXT ="" PORTTYPE ="LOCAL VARIABLE" PRECISION ="10" SCALE ="0"/>
            <TABLEATTRIBUTE NAME ="Tracing Level" VALUE ="Normal"/>
        </TRANSFORMATION>
        <TRANSFORMATION DESCRIPTION ="" NAME ="AGG_AR" OBJECTVERSION ="1" REUSABLE ="NO" TYPE ="Aggregator" VERSIONNUMBER ="1">
            <TRANSFORMFIELD DATATYPE ="integer" DEFAULTVALUE ="" DESCRIPTION ="" EXPRESSION ="MONTH_ID" EXPRESSIONTYPE ="GROUPBY" NAME ="MONTH_ID" PICTURETEXT ="" PORTTYPE ="INPUT/OUTPUT" PRECISION ="10" SCALE ="0"/>
            <TRANSFORMFIELD DATATYPE ="string" DEFAULTVALUE ="" DESCRIPTION ="" EXPRESSION ="COUNTRY_CODE" EXPRESSIONTYPE ="GROUPBY" NAME ="COUNTRY_CODE" PICTURETEXT ="" PORTTYPE ="INPUT/OUTPUT" PRECISION ="50" SCALE ="0"/>
            <TRANSFORMFIELD DATATYPE ="string" DEFAULTVALUE ="" DESCRIPTION ="" EXPRESSION ="SPECIAL_PROGRAM_ID" EXPRESSIONTYPE ="GROUPBY" NAME ="SPECIAL_PROGRAM_ID" PICTURETEXT ="" PORTTYPE ="INPUT/OUTPUT" PRECISION ="10" SCALE ="0"/>
            <TRANSFORMFIELD DATATYPE ="string" DEFAULTVALUE ="" DESCRIPTION ="" EXPRESSION ="CUSTOMER_ID" EXPRESSIONTYPE ="GROUPBY" NAME ="CUSTOMER_ID" PICTURETEXT ="" PORTTYPE ="INPUT/OUTPUT" PRECISION ="50" SCALE ="0"/>
            <TRANSFORMFIELD DATATYPE ="string" DEFAULTVALUE ="" DESCRIPTION ="" EXPRESSION ="SUBMARKET_UNIT_ID" EXPRESSIONTYPE ="GROUPBY" NAME ="SUBMARKET_UNIT_ID" PICTURETEXT ="" PORTTYPE ="INPUT/OUTPUT" PRECISION ="50" SCALE ="0"/>
            <TRANSFORMFIELD DATATYPE ="string" DEFAULTVALUE ="" DESCRIPTION ="" EXPRESSION ="LOB_ID" EXPRESSIONTYPE ="GROUPBY" NAME ="LOB_ID" PICTURETEXT ="" PORTTYPE ="INPUT/OUTPUT" PRECISION ="50" SCALE ="0"/>
            <TRANSFORMFIELD DATATYPE ="string" DEFAULTVALUE ="" DESCRIPTION ="" EXPRESSION ="BROKER_ID" EXPRESSIONTYPE ="GROUPBY" NAME ="BROKER_ID" PICTURETEXT ="" PORTTYPE ="INPUT/OUTPUT" PRECISION ="50" SCALE ="0"/>
            <TRANSFORMFIELD DATATYPE ="string" DEFAULTVALUE ="" DESCRIPTION ="" EXPRESSION ="SPECIAL_COLLECTION_ID" EXPRESSIONTYPE ="GROUPBY" NAME ="SPECIAL_COLLECTION_ID" PICTURETEXT ="" PORTTYPE ="INPUT/OUTPUT" PRECISION ="20" SCALE ="0"/>
            <TRANSFORMFIELD DATATYPE ="string" DEFAULTVALUE ="" DESCRIPTION ="" EXPRESSION ="COA" EXPRESSIONTYPE ="GROUPBY" NAME ="COA" PICTURETEXT ="" PORTTYPE ="INPUT/OUTPUT" PRECISION ="8" SCALE ="0"/>
            <TRANSFORMFIELD DATATYPE ="string" DEFAULTVALUE ="" DESCRIPTION ="" EXPRESSION ="AGE_BUCKET_ID" EXPRESSIONTYPE ="GROUPBY" NAME ="AGE_BUCKET_ID" PICTURETEXT ="" PORTTYPE ="INPUT/OUTPUT" PRECISION ="20" SCALE ="0"/>
            <TRANSFORMFIELD DATATYPE ="decimal" DEFAULTVALUE ="" DESCRIPTION ="" NAME ="AR_IN" PICTURETEXT ="" PORTTYPE ="INPUT" PRECISION ="15" SCALE ="2"/>
            <TRANSFORMFIELD DATATYPE ="decimal" DEFAULTVALUE ="ERROR(&apos;transformation error&apos;)" DESCRIPTION ="" EXPRESSION ="SUM(AR_IN)" EXPRESSIONTYPE ="GENERAL" NAME ="AR_AGG" PICTURETEXT ="" PORTTYPE ="OUTPUT" PRECISION ="15" SCALE ="2"/>
            <TABLEATTRIBUTE NAME ="Cache Directory" VALUE ="$PMCacheDir"/>
            <TABLEATTRIBUTE NAME ="Tracing Level" VALUE ="Normal"/>
            <TABLEATTRIBUTE NAME ="Sorted Input" VALUE ="YES"/>
            <TABLEATTRIBUTE NAME ="Aggregator Data Cache Size" VALUE ="Auto"/>
            <TABLEATTRIBUTE NAME ="Aggregator Index Cache Size" VALUE ="Auto"/>
            <TABLEATTRIBUTE NAME ="Transformation Scope" VALUE ="All Input"/>
        </TRANSFORMATION>
        <TRANSFORMATION DESCRIPTION ="" NAME ="JNR_AR_GWP" OBJECTVERSION ="1" REUSABLE ="NO" TYPE ="Joiner" VERSIONNUMBER ="1">
            <TRANSFORMFIELD DATATYPE ="integer" DEFAULTVALUE ="" DESCRIPTION ="" NAME ="MONTH_ID_GWP" PICTURETEXT ="" PORTTYPE ="INPUT/OUTPUT/MASTER" PRECISION ="10" SCALE ="0"/>
            <TRANSFORMFIELD DATATYPE ="string" DEFAULTVALUE ="" DESCRIPTION ="" NAME ="COUNTRY_CODE" PICTURETEXT ="" PORTTYPE ="INPUT/OUTPUT/MASTER" PRECISION ="50" SCALE ="0"/>
            <TRANSFORMFIELD DATATYPE ="string" DEFAULTVALUE ="" DESCRIPTION ="" NAME ="LOCAL_CURRENCY_GWP" PICTURETEXT ="" PORTTYPE ="INPUT/OUTPUT/MASTER" PRECISION ="4" SCALE ="0"/>
            <TRANSFORMFIELD DATATYPE ="string" DEFAULTVALUE ="" DESCRIPTION ="" NAME ="SUBMARKET_UNIT_ID_GWP" PICTURETEXT ="" PORTTYPE ="INPUT/OUTPUT/MASTER" PRECISION ="50" SCALE ="0"/>
            <TRANSFORMFIELD DATATYPE ="decimal" DEFAULTVALUE ="" DESCRIPTION ="" NAME ="GWP_1_YEAR_AGG" PICTURETEXT ="" PORTTYPE ="INPUT/OUTPUT/MASTER" PRECISION ="15" SCALE ="2"/>
            <TRANSFORMFIELD DATATYPE ="integer" DEFAULTVALUE ="" DESCRIPTION ="" NAME ="MONTH_ID_AR" PICTURETEXT ="" PORTTYPE ="INPUT/OUTPUT" PRECISION ="10" SCALE ="0"/>
            <TRANSFORMFIELD DATATYPE ="string" DEFAULTVALUE ="" DESCRIPTION ="" NAME ="COUNTRY_CODE_AR" PICTURETEXT ="" PORTTYPE ="INPUT/OUTPUT" PRECISION ="50" SCALE ="0"/>
            <TRANSFORMFIELD DATATYPE ="string" DEFAULTVALUE ="" DESCRIPTION ="" NAME ="SPECIAL_PROGRAM_ID" PICTURETEXT ="" PORTTYPE ="INPUT/OUTPUT" PRECISION ="10" SCALE ="0"/>
            <TRANSFORMFIELD DATATYPE ="string" DEFAULTVALUE ="" DESCRIPTION ="" NAME ="CUSTOMER_ID" PICTURETEXT ="" PORTTYPE ="INPUT/OUTPUT" PRECISION ="50" SCALE ="0"/>
            <TRANSFORMFIELD DATATYPE ="string" DEFAULTVALUE ="" DESCRIPTION ="" NAME ="SUBMARKET_UNIT_ID" PICTURETEXT ="" PORTTYPE ="INPUT/OUTPUT" PRECISION ="50" SCALE ="0"/>
            <TRANSFORMFIELD DATATYPE ="string" DEFAULTVALUE ="" DESCRIPTION ="" NAME ="LOB_ID" PICTURETEXT ="" PORTTYPE ="INPUT/OUTPUT" PRECISION ="50" SCALE ="0"/>
            <TRANSFORMFIELD DATATYPE ="string" DEFAULTVALUE ="" DESCRIPTION ="" NAME ="BROKER_ID" PICTURETEXT ="" PORTTYPE ="INPUT/OUTPUT" PRECISION ="50" SCALE ="0"/>
            <TRANSFORMFIELD DATATYPE ="string" DEFAULTVALUE ="" DESCRIPTION ="" NAME ="SPECIAL_COLLECTION_ID" PICTURETEXT ="" PORTTYPE ="INPUT/OUTPUT" PRECISION ="20" SCALE ="0"/>
            <TRANSFORMFIELD DATATYPE ="string" DEFAULTVALUE ="" DESCRIPTION ="" NAME ="COA" PICTURETEXT ="" PORTTYPE ="INPUT/OUTPUT" PRECISION ="8" SCALE ="0"/>
            <TRANSFORMFIELD DATATYPE ="string" DEFAULTVALUE ="" DESCRIPTION ="" NAME ="AGE_BUCKET_ID" PICTURETEXT ="" PORTTYPE ="INPUT/OUTPUT" PRECISION ="20" SCALE ="0"/>
            <TRANSFORMFIELD DATATYPE ="decimal" DEFAULTVALUE ="" DESCRIPTION ="" NAME ="AR_AGG" PICTURETEXT ="" PORTTYPE ="INPUT/OUTPUT" PRECISION ="15" SCALE ="2"/>
            <TABLEATTRIBUTE NAME ="Case Sensitive String Comparison" VALUE ="YES"/>
            <TABLEATTRIBUTE NAME ="Cache Directory" VALUE ="$PMCacheDir"/>
            <TABLEATTRIBUTE NAME ="Join Condition" VALUE ="MONTH_ID_GWP = MONTH_ID_AR AND SUBMARKET_UNIT_ID_GWP = SUBMARKET_UNIT_ID"/>
            <TABLEATTRIBUTE NAME ="Join Type" VALUE ="Full Outer Join"/>
            <TABLEATTRIBUTE NAME ="Null ordering in master" VALUE ="Null Is Highest Value"/>
            <TABLEATTRIBUTE NAME ="Null ordering in detail" VALUE ="Null Is Highest Value"/>
            <TABLEATTRIBUTE NAME ="Tracing Level" VALUE ="Normal"/>
            <TABLEATTRIBUTE NAME ="Joiner Data Cache Size" VALUE ="Auto"/>
            <TABLEATTRIBUTE NAME ="Joiner Index Cache Size" VALUE ="Auto"/>
            <TABLEATTRIBUTE NAME ="Sorted Input" VALUE ="NO"/>
            <TABLEATTRIBUTE NAME ="Master Sort Order" VALUE ="Auto"/>
            <TABLEATTRIBUTE NAME ="Transformation Scope" VALUE ="All Input"/>
        </TRANSFORMATION>
        <INSTANCE DESCRIPTION ="" NAME ="CSS01LF01T_FILE" TRANSFORMATION_NAME ="CSS01LF01T" TRANSFORMATION_TYPE ="Target Definition" TYPE ="TARGET">
            <TABLEATTRIBUTE NAME ="Target Table Name" VALUE ="$p_s_target_CSS01LF01T"/>
        </INSTANCE>
        <INSTANCE DESCRIPTION ="" NAME ="CSS55FF05T_FILE" TRANSFORMATION_NAME ="CSS55FF05T" TRANSFORMATION_TYPE ="Target Definition" TYPE ="TARGET">
            <TABLEATTRIBUTE NAME ="Target Table Name" VALUE ="$p_s_target_CSS55FF05T"/>
        </INSTANCE>
        <INSTANCE DESCRIPTION ="" NAME ="SRT_DISTINCT" REUSABLE ="NO" TRANSFORMATION_NAME ="SRT_DISTINCT" TRANSFORMATION_TYPE ="Sorter" TYPE ="TRANSFORMATION"/>
        <INSTANCE DESCRIPTION ="" NAME ="SQ_CSS55FF03T" REUSABLE ="NO" TRANSFORMATION_NAME ="SQ_CSS55FF03T" TRANSFORMATION_TYPE ="Source Qualifier" TYPE ="TRANSFORMATION">
            <ASSOCIATED_SOURCE_INSTANCE NAME ="CSS55FF03T"/>
        </INSTANCE>
        <INSTANCE DBDNAME ="DB2" DESCRIPTION ="" NAME ="CSS55FF04T" TRANSFORMATION_NAME ="CSS55FF04T" TRANSFORMATION_TYPE ="Source Definition" TYPE ="SOURCE">
            <TABLEATTRIBUTE NAME ="Source Table Name" VALUE ="$p_s_target_CSS55FF04T"/>
        </INSTANCE>
        <INSTANCE DESCRIPTION ="" NAME ="SQ_CSS55FF04T" REUSABLE ="NO" TRANSFORMATION_NAME ="SQ_CSS55FF04T" TRANSFORMATION_TYPE ="Source Qualifier" TYPE ="TRANSFORMATION">
            <ASSOCIATED_SOURCE_INSTANCE NAME ="CSS55FF04T"/>
        </INSTANCE>
        <INSTANCE DESCRIPTION ="" NAME ="EXP_GWP" REUSABLE ="NO" TRANSFORMATION_NAME ="EXP_GWP" TRANSFORMATION_TYPE ="Expression" TYPE ="TRANSFORMATION"/>
        <INSTANCE DESCRIPTION ="" NAME ="LKP_CSS55FF04T" REUSABLE ="NO" TRANSFORMATION_NAME ="LKP_CSS55FF04T" TRANSFORMATION_TYPE ="Lookup Procedure" TYPE ="TRANSFORMATION"/>
        <INSTANCE DESCRIPTION ="" NAME ="AGG_GWP" REUSABLE ="NO" TRANSFORMATION_NAME ="AGG_GWP" TRANSFORMATION_TYPE ="Aggregator" TYPE ="TRANSFORMATION"/>
        <INSTANCE DESCRIPTION ="" NAME ="AGG_CONTROL_TABLE" REUSABLE ="NO" TRANSFORMATION_NAME ="AGG_CONTROL_TABLE" TRANSFORMATION_TYPE ="Aggregator" TYPE ="TRANSFORMATION"/>
        <INSTANCE DESCRIPTION ="We don&apos;t want null values with the previous FULL OUTER JOIN, so where we can we fill the null values with the corresponding data from the other table." NAME ="EXP_NOT_NULL" REUSABLE ="NO" TRANSFORMATION_NAME ="EXP_NOT_NULL" TRANSFORMATION_TYPE ="Expression" TYPE ="TRANSFORMATION"/>
        <INSTANCE DESCRIPTION ="" NAME ="AGG_AR" REUSABLE ="NO" TRANSFORMATION_NAME ="AGG_AR" TRANSFORMATION_TYPE ="Aggregator" TYPE ="TRANSFORMATION"/>
        <INSTANCE DBDNAME ="DB2" DESCRIPTION ="" NAME ="CSS55FF03T" TRANSFORMATION_NAME ="CSS55FF03T" TRANSFORMATION_TYPE ="Source Definition" TYPE ="SOURCE">
            <TABLEATTRIBUTE NAME ="Source Table Name" VALUE ="$p_s_target_CSS55FF03T"/>
        </INSTANCE>
        <INSTANCE DESCRIPTION ="" NAME ="JNR_AR_GWP" REUSABLE ="NO" TRANSFORMATION_NAME ="JNR_AR_GWP" TRANSFORMATION_TYPE ="Joiner" TYPE ="TRANSFORMATION"/>
        <CONNECTOR FROMFIELD ="COUNTRY_CODE_AR_OUT" FROMINSTANCE ="AGG_CONTROL_TABLE" FROMINSTANCETYPE ="Aggregator" TOFIELD ="COUNTRY_CODE" TOINSTANCE ="CSS01LF01T_FILE" TOINSTANCETYPE ="Target Definition"/>
        <CONNECTOR FROMFIELD ="FUNCTION_ID" FROMINSTANCE ="AGG_CONTROL_TABLE" FROMINSTANCETYPE ="Aggregator" TOFIELD ="FUNCTION_ID" TOINSTANCE ="CSS01LF01T_FILE" TOINSTANCETYPE ="Target Definition"/>
        <CONNECTOR FROMFIELD ="LATEST_MONTH" FROMINSTANCE ="AGG_CONTROL_TABLE" FROMINSTANCETYPE ="Aggregator" TOFIELD ="UAC_LASTEST_MONTH_ID" TOINSTANCE ="CSS01LF01T_FILE" TOINSTANCETYPE ="Target Definition"/>
        <CONNECTOR FROMFIELD ="REFRESH_DATE" FROMINSTANCE ="AGG_CONTROL_TABLE" FROMINSTANCETYPE ="Aggregator" TOFIELD ="UAC_REFRESH_DATE" TOINSTANCE ="CSS01LF01T_FILE" TOINSTANCETYPE ="Target Definition"/>
        <CONNECTOR FROMFIELD ="RUN_ID" FROMINSTANCE ="AGG_CONTROL_TABLE" FROMINSTANCETYPE ="Aggregator" TOFIELD ="RUN_ID" TOINSTANCE ="CSS01LF01T_FILE" TOINSTANCETYPE ="Target Definition"/>
        <CONNECTOR FROMFIELD ="SPECIAL_PROGRAM_ID" FROMINSTANCE ="SRT_DISTINCT" FROMINSTANCETYPE ="Sorter" TOFIELD ="SPECIAL_PROGRAM_ID" TOINSTANCE ="CSS55FF05T_FILE" TOINSTANCETYPE ="Target Definition"/>
        <CONNECTOR FROMFIELD ="CUSTOMER_ID" FROMINSTANCE ="SRT_DISTINCT" FROMINSTANCETYPE ="Sorter" TOFIELD ="CUSTOMER_ID" TOINSTANCE ="CSS55FF05T_FILE" TOINSTANCETYPE ="Target Definition"/>
        <CONNECTOR FROMFIELD ="SUBMARKET_UNIT_ID" FROMINSTANCE ="SRT_DISTINCT" FROMINSTANCETYPE ="Sorter" TOFIELD ="SUBMARKET_UNIT_ID" TOINSTANCE ="CSS55FF05T_FILE" TOINSTANCETYPE ="Target Definition"/>
        <CONNECTOR FROMFIELD ="LOB_ID" FROMINSTANCE ="SRT_DISTINCT" FROMINSTANCETYPE ="Sorter" TOFIELD ="LOB_ID" TOINSTANCE ="CSS55FF05T_FILE" TOINSTANCETYPE ="Target Definition"/>
        <CONNECTOR FROMFIELD ="BROKER_ID" FROMINSTANCE ="SRT_DISTINCT" FROMINSTANCETYPE ="Sorter" TOFIELD ="BROKER_ID" TOINSTANCE ="CSS55FF05T_FILE" TOINSTANCETYPE ="Target Definition"/>
        <CONNECTOR FROMFIELD ="SPECIAL_COLLECTION_ID" FROMINSTANCE ="SRT_DISTINCT" FROMINSTANCETYPE ="Sorter" TOFIELD ="SPECIAL_COLLECTION_ID" TOINSTANCE ="CSS55FF05T_FILE" TOINSTANCETYPE ="Target Definition"/>
        <CONNECTOR FROMFIELD ="COA" FROMINSTANCE ="SRT_DISTINCT" FROMINSTANCETYPE ="Sorter" TOFIELD ="COA" TOINSTANCE ="CSS55FF05T_FILE" TOINSTANCETYPE ="Target Definition"/>
        <CONNECTOR FROMFIELD ="AGE_BUCKET_ID" FROMINSTANCE ="SRT_DISTINCT" FROMINSTANCETYPE ="Sorter" TOFIELD ="AGE_BUCKET_ID" TOINSTANCE ="CSS55FF05T_FILE" TOINSTANCETYPE ="Target Definition"/>
        <CONNECTOR FROMFIELD ="MONTH_ID" FROMINSTANCE ="SRT_DISTINCT" FROMINSTANCETYPE ="Sorter" TOFIELD ="MONTH_ID" TOINSTANCE ="CSS55FF05T_FILE" TOINSTANCETYPE ="Target Definition"/>
        <CONNECTOR FROMFIELD ="COUNTRY_CODE" FROMINSTANCE ="SRT_DISTINCT" FROMINSTANCETYPE ="Sorter" TOFIELD ="COUNTRY_CODE" TOINSTANCE ="CSS55FF05T_FILE" TOINSTANCETYPE ="Target Definition"/>
        <CONNECTOR FROMFIELD ="LOCAL_CURRENCY" FROMINSTANCE ="SRT_DISTINCT" FROMINSTANCETYPE ="Sorter" TOFIELD ="LOCAL_CURRENCY" TOINSTANCE ="CSS55FF05T_FILE" TOINSTANCETYPE ="Target Definition"/>
        <CONNECTOR FROMFIELD ="AR" FROMINSTANCE ="SRT_DISTINCT" FROMINSTANCETYPE ="Sorter" TOFIELD ="AR" TOINSTANCE ="CSS55FF05T_FILE" TOINSTANCETYPE ="Target Definition"/>
        <CONNECTOR FROMFIELD ="GWP_1_YEAR" FROMINSTANCE ="SRT_DISTINCT" FROMINSTANCETYPE ="Sorter" TOFIELD ="GWP" TOINSTANCE ="CSS55FF05T_FILE" TOINSTANCETYPE ="Target Definition"/>
        <CONNECTOR FROMFIELD ="RUN_ID" FROMINSTANCE ="SRT_DISTINCT" FROMINSTANCETYPE ="Sorter" TOFIELD ="RUN_ID" TOINSTANCE ="CSS55FF05T_FILE" TOINSTANCETYPE ="Target Definition"/>
        <CONNECTOR FROMFIELD ="CUSTOMER_ID" FROMINSTANCE ="EXP_NOT_NULL" FROMINSTANCETYPE ="Expression" TOFIELD ="CUSTOMER_ID" TOINSTANCE ="SRT_DISTINCT" TOINSTANCETYPE ="Sorter"/>
        <CONNECTOR FROMFIELD ="LOB_ID" FROMINSTANCE ="EXP_NOT_NULL" FROMINSTANCETYPE ="Expression" TOFIELD ="LOB_ID" TOINSTANCE ="SRT_DISTINCT" TOINSTANCETYPE ="Sorter"/>
        <CONNECTOR FROMFIELD ="BROKER_ID" FROMINSTANCE ="EXP_NOT_NULL" FROMINSTANCETYPE ="Expression" TOFIELD ="BROKER_ID" TOINSTANCE ="SRT_DISTINCT" TOINSTANCETYPE ="Sorter"/>
        <CONNECTOR FROMFIELD ="SPECIAL_COLLECTION_ID" FROMINSTANCE ="EXP_NOT_NULL" FROMINSTANCETYPE ="Expression" TOFIELD ="SPECIAL_COLLECTION_ID" TOINSTANCE ="SRT_DISTINCT" TOINSTANCETYPE ="Sorter"/>
        <CONNECTOR FROMFIELD ="COA" FROMINSTANCE ="EXP_NOT_NULL" FROMINSTANCETYPE ="Expression" TOFIELD ="COA" TOINSTANCE ="SRT_DISTINCT" TOINSTANCETYPE ="Sorter"/>
        <CONNECTOR FROMFIELD ="AGE_BUCKET_ID" FROMINSTANCE ="EXP_NOT_NULL" FROMINSTANCETYPE ="Expression" TOFIELD ="AGE_BUCKET_ID" TOINSTANCE ="SRT_DISTINCT" TOINSTANCETYPE ="Sorter"/>
        <CONNECTOR FROMFIELD ="MONTH_ID_OUT" FROMINSTANCE ="EXP_NOT_NULL" FROMINSTANCETYPE ="Expression" TOFIELD ="MONTH_ID" TOINSTANCE ="SRT_DISTINCT" TOINSTANCETYPE ="Sorter"/>
        <CONNECTOR FROMFIELD ="SUBMARKET_UNIT_ID_OUT" FROMINSTANCE ="EXP_NOT_NULL" FROMINSTANCETYPE ="Expression" TOFIELD ="SUBMARKET_UNIT_ID" TOINSTANCE ="SRT_DISTINCT" TOINSTANCETYPE ="Sorter"/>
        <CONNECTOR FROMFIELD ="AR_AGG" FROMINSTANCE ="EXP_NOT_NULL" FROMINSTANCETYPE ="Expression" TOFIELD ="AR" TOINSTANCE ="SRT_DISTINCT" TOINSTANCETYPE ="Sorter"/>
        <CONNECTOR FROMFIELD ="GWP_1_YEAR_AGG" FROMINSTANCE ="EXP_NOT_NULL" FROMINSTANCETYPE ="Expression" TOFIELD ="GWP_1_YEAR" TOINSTANCE ="SRT_DISTINCT" TOINSTANCETYPE ="Sorter"/>
        <CONNECTOR FROMFIELD ="RUN_ID" FROMINSTANCE ="EXP_NOT_NULL" FROMINSTANCETYPE ="Expression" TOFIELD ="RUN_ID" TOINSTANCE ="SRT_DISTINCT" TOINSTANCETYPE ="Sorter"/>
        <CONNECTOR FROMFIELD ="LOCAL_CURRENCY_GWP_OUT" FROMINSTANCE ="EXP_NOT_NULL" FROMINSTANCETYPE ="Expression" TOFIELD ="LOCAL_CURRENCY" TOINSTANCE ="SRT_DISTINCT" TOINSTANCETYPE ="Sorter"/>
        <CONNECTOR FROMFIELD ="COUNTRY_CODE_AR_OUT" FROMINSTANCE ="EXP_NOT_NULL" FROMINSTANCETYPE ="Expression" TOFIELD ="COUNTRY_CODE" TOINSTANCE ="SRT_DISTINCT" TOINSTANCETYPE ="Sorter"/>
        <CONNECTOR FROMFIELD ="SPECIAL_PROGRAM_ID" FROMINSTANCE ="EXP_NOT_NULL" FROMINSTANCETYPE ="Expression" TOFIELD ="SPECIAL_PROGRAM_ID" TOINSTANCE ="SRT_DISTINCT" TOINSTANCETYPE ="Sorter"/>
        <CONNECTOR FROMFIELD ="LOB_ID" FROMINSTANCE ="SQ_CSS55FF03T" FROMINSTANCETYPE ="Source Qualifier" TOFIELD ="LOB_ID" TOINSTANCE ="AGG_AR" TOINSTANCETYPE ="Aggregator"/>
        <CONNECTOR FROMFIELD ="BROKER_ID" FROMINSTANCE ="SQ_CSS55FF03T" FROMINSTANCETYPE ="Source Qualifier" TOFIELD ="BROKER_ID" TOINSTANCE ="AGG_AR" TOINSTANCETYPE ="Aggregator"/>
        <CONNECTOR FROMFIELD ="SPECIAL_COLLECTION_ID" FROMINSTANCE ="SQ_CSS55FF03T" FROMINSTANCETYPE ="Source Qualifier" TOFIELD ="SPECIAL_COLLECTION_ID" TOINSTANCE ="AGG_AR" TOINSTANCETYPE ="Aggregator"/>
        <CONNECTOR FROMFIELD ="COA" FROMINSTANCE ="SQ_CSS55FF03T" FROMINSTANCETYPE ="Source Qualifier" TOFIELD ="COA" TOINSTANCE ="AGG_AR" TOINSTANCETYPE ="Aggregator"/>
        <CONNECTOR FROMFIELD ="COUNTRY_CODE" FROMINSTANCE ="SQ_CSS55FF03T" FROMINSTANCETYPE ="Source Qualifier" TOFIELD ="COUNTRY_CODE" TOINSTANCE ="AGG_AR" TOINSTANCETYPE ="Aggregator"/>
        <CONNECTOR FROMFIELD ="AGE_BUCKET_ID" FROMINSTANCE ="SQ_CSS55FF03T" FROMINSTANCETYPE ="Source Qualifier" TOFIELD ="AGE_BUCKET_ID" TOINSTANCE ="AGG_AR" TOINSTANCETYPE ="Aggregator"/>
        <CONNECTOR FROMFIELD ="MONTH_ID" FROMINSTANCE ="SQ_CSS55FF03T" FROMINSTANCETYPE ="Source Qualifier" TOFIELD ="MONTH_ID" TOINSTANCE ="AGG_AR" TOINSTANCETYPE ="Aggregator"/>
        <CONNECTOR FROMFIELD ="AR" FROMINSTANCE ="SQ_CSS55FF03T" FROMINSTANCETYPE ="Source Qualifier" TOFIELD ="AR_IN" TOINSTANCE ="AGG_AR" TOINSTANCETYPE ="Aggregator"/>
        <CONNECTOR FROMFIELD ="SPECIAL_PROGRAM_ID" FROMINSTANCE ="SQ_CSS55FF03T" FROMINSTANCETYPE ="Source Qualifier" TOFIELD ="SPECIAL_PROGRAM_ID" TOINSTANCE ="AGG_AR" TOINSTANCETYPE ="Aggregator"/>
        <CONNECTOR FROMFIELD ="CUSTOMER_ID" FROMINSTANCE ="SQ_CSS55FF03T" FROMINSTANCETYPE ="Source Qualifier" TOFIELD ="CUSTOMER_ID" TOINSTANCE ="AGG_AR" TOINSTANCETYPE ="Aggregator"/>
        <CONNECTOR FROMFIELD ="SUBMARKET_UNIT_ID" FROMINSTANCE ="SQ_CSS55FF03T" FROMINSTANCETYPE ="Source Qualifier" TOFIELD ="SUBMARKET_UNIT_ID" TOINSTANCE ="AGG_AR" TOINSTANCETYPE ="Aggregator"/>
        <CONNECTOR FROMFIELD ="POLICY_ID" FROMINSTANCE ="CSS55FF03T" FROMINSTANCETYPE ="Source Definition" TOFIELD ="POLICY_ID" TOINSTANCE ="SQ_CSS55FF03T" TOINSTANCETYPE ="Source Qualifier"/>
        <CONNECTOR FROMFIELD ="DUE_DATE" FROMINSTANCE ="CSS55FF03T" FROMINSTANCETYPE ="Source Definition" TOFIELD ="DUE_DATE" TOINSTANCE ="SQ_CSS55FF03T" TOINSTANCETYPE ="Source Qualifier"/>
        <CONNECTOR FROMFIELD ="BILLING_DATE" FROMINSTANCE ="CSS55FF03T" FROMINSTANCETYPE ="Source Definition" TOFIELD ="BILLING_DATE" TOINSTANCE ="SQ_CSS55FF03T" TOINSTANCETYPE ="Source Qualifier"/>
        <CONNECTOR FROMFIELD ="SPECIAL_PROGRAM_ID" FROMINSTANCE ="CSS55FF03T" FROMINSTANCETYPE ="Source Definition" TOFIELD ="SPECIAL_PROGRAM_ID" TOINSTANCE ="SQ_CSS55FF03T" TOINSTANCETYPE ="Source Qualifier"/>
        <CONNECTOR FROMFIELD ="DOCUMENT_NUMBER" FROMINSTANCE ="CSS55FF03T" FROMINSTANCETYPE ="Source Definition" TOFIELD ="DOCUMENT_NUMBER" TOINSTANCE ="SQ_CSS55FF03T" TOINSTANCETYPE ="Source Qualifier"/>
        <CONNECTOR FROMFIELD ="CUSTOMER_ID" FROMINSTANCE ="CSS55FF03T" FROMINSTANCETYPE ="Source Definition" TOFIELD ="CUSTOMER_ID" TOINSTANCE ="SQ_CSS55FF03T" TOINSTANCETYPE ="Source Qualifier"/>
        <CONNECTOR FROMFIELD ="SUBMARKET_UNIT_ID" FROMINSTANCE ="CSS55FF03T" FROMINSTANCETYPE ="Source Definition" TOFIELD ="SUBMARKET_UNIT_ID" TOINSTANCE ="SQ_CSS55FF03T" TOINSTANCETYPE ="Source Qualifier"/>
        <CONNECTOR FROMFIELD ="LOB_ID" FROMINSTANCE ="CSS55FF03T" FROMINSTANCETYPE ="Source Definition" TOFIELD ="LOB_ID" TOINSTANCE ="SQ_CSS55FF03T" TOINSTANCETYPE ="Source Qualifier"/>
        <CONNECTOR FROMFIELD ="BROKER_ID" FROMINSTANCE ="CSS55FF03T" FROMINSTANCETYPE ="Source Definition" TOFIELD ="BROKER_ID" TOINSTANCE ="SQ_CSS55FF03T" TOINSTANCETYPE ="Source Qualifier"/>
        <CONNECTOR FROMFIELD ="COUNTRY_CODE" FROMINSTANCE ="CSS55FF03T" FROMINSTANCETYPE ="Source Definition" TOFIELD ="COUNTRY_CODE" TOINSTANCE ="SQ_CSS55FF03T" TOINSTANCETYPE ="Source Qualifier"/>
        <CONNECTOR FROMFIELD ="AR" FROMINSTANCE ="CSS55FF03T" FROMINSTANCETYPE ="Source Definition" TOFIELD ="AR" TOINSTANCE ="SQ_CSS55FF03T" TOINSTANCETYPE ="Source Qualifier"/>
        <CONNECTOR FROMFIELD ="SPECIAL_COLLECTION_ID" FROMINSTANCE ="CSS55FF03T" FROMINSTANCETYPE ="Source Definition" TOFIELD ="SPECIAL_COLLECTION_ID" TOINSTANCE ="SQ_CSS55FF03T" TOINSTANCETYPE ="Source Qualifier"/>
        <CONNECTOR FROMFIELD ="COA" FROMINSTANCE ="CSS55FF03T" FROMINSTANCETYPE ="Source Definition" TOFIELD ="COA" TOINSTANCE ="SQ_CSS55FF03T" TOINSTANCETYPE ="Source Qualifier"/>
        <CONNECTOR FROMFIELD ="AGE_BUCKET_ID" FROMINSTANCE ="CSS55FF03T" FROMINSTANCETYPE ="Source Definition" TOFIELD ="AGE_BUCKET_ID" TOINSTANCE ="SQ_CSS55FF03T" TOINSTANCETYPE ="Source Qualifier"/>
        <CONNECTOR FROMFIELD ="MONTH_ID" FROMINSTANCE ="CSS55FF03T" FROMINSTANCETYPE ="Source Definition" TOFIELD ="MONTH_ID" TOINSTANCE ="SQ_CSS55FF03T" TOINSTANCETYPE ="Source Qualifier"/>
        <CONNECTOR FROMFIELD ="SUBMARKET_UNIT_ID" FROMINSTANCE ="CSS55FF04T" FROMINSTANCETYPE ="Source Definition" TOFIELD ="SUBMARKET_UNIT_ID" TOINSTANCE ="SQ_CSS55FF04T" TOINSTANCETYPE ="Source Qualifier"/>
        <CONNECTOR FROMFIELD ="GWP" FROMINSTANCE ="CSS55FF04T" FROMINSTANCETYPE ="Source Definition" TOFIELD ="GWP" TOINSTANCE ="SQ_CSS55FF04T" TOINSTANCETYPE ="Source Qualifier"/>
        <CONNECTOR FROMFIELD ="MONTH_ID" FROMINSTANCE ="CSS55FF04T" FROMINSTANCETYPE ="Source Definition" TOFIELD ="MONTH_ID" TOINSTANCE ="SQ_CSS55FF04T" TOINSTANCETYPE ="Source Qualifier"/>
        <CONNECTOR FROMFIELD ="COUNTRY_CODE" FROMINSTANCE ="CSS55FF04T" FROMINSTANCETYPE ="Source Definition" TOFIELD ="COUNTRY_CODE" TOINSTANCE ="SQ_CSS55FF04T" TOINSTANCETYPE ="Source Qualifier"/>
        <CONNECTOR FROMFIELD ="LOCAL_CURRENCY" FROMINSTANCE ="CSS55FF04T" FROMINSTANCETYPE ="Source Definition" TOFIELD ="LOCAL_CURRENCY" TOINSTANCE ="SQ_CSS55FF04T" TOINSTANCETYPE ="Source Qualifier"/>
        <CONNECTOR FROMFIELD ="GWP" FROMINSTANCE ="SQ_CSS55FF04T" FROMINSTANCETYPE ="Source Qualifier" TOFIELD ="GWP_IN" TOINSTANCE ="AGG_GWP" TOINSTANCETYPE ="Aggregator"/>
        <CONNECTOR FROMFIELD ="SUBMARKET_UNIT_ID" FROMINSTANCE ="SQ_CSS55FF04T" FROMINSTANCETYPE ="Source Qualifier" TOFIELD ="SUBMARKET_UNIT_ID" TOINSTANCE ="AGG_GWP" TOINSTANCETYPE ="Aggregator"/>
        <CONNECTOR FROMFIELD ="COUNTRY_CODE" FROMINSTANCE ="SQ_CSS55FF04T" FROMINSTANCETYPE ="Source Qualifier" TOFIELD ="COUNTRY_CODE" TOINSTANCE ="AGG_GWP" TOINSTANCETYPE ="Aggregator"/>
        <CONNECTOR FROMFIELD ="LOCAL_CURRENCY" FROMINSTANCE ="SQ_CSS55FF04T" FROMINSTANCETYPE ="Source Qualifier" TOFIELD ="LOCAL_CURRENCY" TOINSTANCE ="AGG_GWP" TOINSTANCETYPE ="Aggregator"/>
        <CONNECTOR FROMFIELD ="MONTH_ID" FROMINSTANCE ="SQ_CSS55FF04T" FROMINSTANCETYPE ="Source Qualifier" TOFIELD ="MONTH_ID" TOINSTANCE ="AGG_GWP" TOINSTANCETYPE ="Aggregator"/>
        <CONNECTOR FROMFIELD ="MONTH_ID" FROMINSTANCE ="AGG_GWP" FROMINSTANCETYPE ="Aggregator" TOFIELD ="MONTH_ID" TOINSTANCE ="EXP_GWP" TOINSTANCETYPE ="Expression"/>
        <CONNECTOR FROMFIELD ="MONTH_ID_12" FROMINSTANCE ="AGG_GWP" FROMINSTANCETYPE ="Aggregator" TOFIELD ="MONTH_ID_12" TOINSTANCE ="EXP_GWP" TOINSTANCETYPE ="Expression"/>
        <CONNECTOR FROMFIELD ="MONTH_ID_13" FROMINSTANCE ="AGG_GWP" FROMINSTANCETYPE ="Aggregator" TOFIELD ="MONTH_ID_13" TOINSTANCE ="EXP_GWP" TOINSTANCETYPE ="Expression"/>
        <CONNECTOR FROMFIELD ="GWP" FROMINSTANCE ="AGG_GWP" FROMINSTANCETYPE ="Aggregator" TOFIELD ="GWP_IN" TOINSTANCE ="EXP_GWP" TOINSTANCETYPE ="Expression"/>
        <CONNECTOR FROMFIELD ="SUBMARKET_UNIT_ID" FROMINSTANCE ="AGG_GWP" FROMINSTANCETYPE ="Aggregator" TOFIELD ="SUBMARKET_UNIT_ID" TOINSTANCE ="EXP_GWP" TOINSTANCETYPE ="Expression"/>
        <CONNECTOR FROMFIELD ="COUNTRY_CODE" FROMINSTANCE ="AGG_GWP" FROMINSTANCETYPE ="Aggregator" TOFIELD ="COUNTRY_CODE" TOINSTANCE ="EXP_GWP" TOINSTANCETYPE ="Expression"/>
        <CONNECTOR FROMFIELD ="LOCAL_CURRENCY" FROMINSTANCE ="AGG_GWP" FROMINSTANCETYPE ="Aggregator" TOFIELD ="LOCAL_CURRENCY" TOINSTANCE ="EXP_GWP" TOINSTANCETYPE ="Expression"/>
        <CONNECTOR FROMFIELD ="SUBMARKET_UNIT_ID" FROMINSTANCE ="EXP_GWP" FROMINSTANCETYPE ="Expression" TOFIELD ="SUBMARKET_UNIT_ID_GWP" TOINSTANCE ="JNR_AR_GWP" TOINSTANCETYPE ="Joiner"/>
        <CONNECTOR FROMFIELD ="GWP_OUT" FROMINSTANCE ="EXP_GWP" FROMINSTANCETYPE ="Expression" TOFIELD ="GWP_1_YEAR_AGG" TOINSTANCE ="JNR_AR_GWP" TOINSTANCETYPE ="Joiner"/>
        <CONNECTOR FROMFIELD ="COUNTRY_CODE" FROMINSTANCE ="EXP_GWP" FROMINSTANCETYPE ="Expression" TOFIELD ="COUNTRY_CODE" TOINSTANCE ="JNR_AR_GWP" TOINSTANCETYPE ="Joiner"/>
        <CONNECTOR FROMFIELD ="MONTH_ID" FROMINSTANCE ="EXP_GWP" FROMINSTANCETYPE ="Expression" TOFIELD ="MONTH_ID_GWP" TOINSTANCE ="JNR_AR_GWP" TOINSTANCETYPE ="Joiner"/>
        <CONNECTOR FROMFIELD ="LOCAL_CURRENCY" FROMINSTANCE ="EXP_GWP" FROMINSTANCETYPE ="Expression" TOFIELD ="LOCAL_CURRENCY_GWP" TOINSTANCE ="JNR_AR_GWP" TOINSTANCETYPE ="Joiner"/>
        <CONNECTOR FROMFIELD ="MONTH_ID_OUT" FROMINSTANCE ="EXP_NOT_NULL" FROMINSTANCETYPE ="Expression" TOFIELD ="MONTH_ID_OUT" TOINSTANCE ="AGG_CONTROL_TABLE" TOINSTANCETYPE ="Aggregator"/>
        <CONNECTOR FROMFIELD ="COUNTRY_CODE_AR_OUT" FROMINSTANCE ="EXP_NOT_NULL" FROMINSTANCETYPE ="Expression" TOFIELD ="COUNTRY_CODE_AR_OUT" TOINSTANCE ="AGG_CONTROL_TABLE" TOINSTANCETYPE ="Aggregator"/>
        <CONNECTOR FROMFIELD ="CUSTOMER_ID" FROMINSTANCE ="JNR_AR_GWP" FROMINSTANCETYPE ="Joiner" TOFIELD ="CUSTOMER_ID_IN" TOINSTANCE ="EXP_NOT_NULL" TOINSTANCETYPE ="Expression"/>
        <CONNECTOR FROMFIELD ="SUBMARKET_UNIT_ID" FROMINSTANCE ="JNR_AR_GWP" FROMINSTANCETYPE ="Joiner" TOFIELD ="SUBMARKET_UNIT_ID_AR" TOINSTANCE ="EXP_NOT_NULL" TOINSTANCETYPE ="Expression"/>
        <CONNECTOR FROMFIELD ="LOB_ID" FROMINSTANCE ="JNR_AR_GWP" FROMINSTANCETYPE ="Joiner" TOFIELD ="LOB_ID_IN" TOINSTANCE ="EXP_NOT_NULL" TOINSTANCETYPE ="Expression"/>
        <CONNECTOR FROMFIELD ="COUNTRY_CODE" FROMINSTANCE ="JNR_AR_GWP" FROMINSTANCETYPE ="Joiner" TOFIELD ="COUNTRY_CODE_GWP" TOINSTANCE ="EXP_NOT_NULL" TOINSTANCETYPE ="Expression"/>
        <CONNECTOR FROMFIELD ="BROKER_ID" FROMINSTANCE ="JNR_AR_GWP" FROMINSTANCETYPE ="Joiner" TOFIELD ="BROKER_ID_IN" TOINSTANCE ="EXP_NOT_NULL" TOINSTANCETYPE ="Expression"/>
        <CONNECTOR FROMFIELD ="SPECIAL_COLLECTION_ID" FROMINSTANCE ="JNR_AR_GWP" FROMINSTANCETYPE ="Joiner" TOFIELD ="SPECIAL_COLLECTION_ID_IN" TOINSTANCE ="EXP_NOT_NULL" TOINSTANCETYPE ="Expression"/>
        <CONNECTOR FROMFIELD ="COA" FROMINSTANCE ="JNR_AR_GWP" FROMINSTANCETYPE ="Joiner" TOFIELD ="COA_IN" TOINSTANCE ="EXP_NOT_NULL" TOINSTANCETYPE ="Expression"/>
        <CONNECTOR FROMFIELD ="SUBMARKET_UNIT_ID_GWP" FROMINSTANCE ="JNR_AR_GWP" FROMINSTANCETYPE ="Joiner" TOFIELD ="SUBMARKET_UNIT_ID_GWP" TOINSTANCE ="EXP_NOT_NULL" TOINSTANCETYPE ="Expression"/>
        <CONNECTOR FROMFIELD ="COUNTRY_CODE_AR" FROMINSTANCE ="JNR_AR_GWP" FROMINSTANCETYPE ="Joiner" TOFIELD ="COUNTRY_CODE_AR" TOINSTANCE ="EXP_NOT_NULL" TOINSTANCETYPE ="Expression"/>
        <CONNECTOR FROMFIELD ="LOCAL_CURRENCY_GWP" FROMINSTANCE ="JNR_AR_GWP" FROMINSTANCETYPE ="Joiner" TOFIELD ="LOCAL_CURRENCY_GWP_IN" TOINSTANCE ="EXP_NOT_NULL" TOINSTANCETYPE ="Expression"/>
        <CONNECTOR FROMFIELD ="AGE_BUCKET_ID" FROMINSTANCE ="JNR_AR_GWP" FROMINSTANCETYPE ="Joiner" TOFIELD ="AGE_BUCKET_ID_IN" TOINSTANCE ="EXP_NOT_NULL" TOINSTANCETYPE ="Expression"/>
        <CONNECTOR FROMFIELD ="MONTH_ID_AR" FROMINSTANCE ="JNR_AR_GWP" FROMINSTANCETYPE ="Joiner" TOFIELD ="MONTH_ID_AR" TOINSTANCE ="EXP_NOT_NULL" TOINSTANCETYPE ="Expression"/>
        <CONNECTOR FROMFIELD ="AR_AGG" FROMINSTANCE ="JNR_AR_GWP" FROMINSTANCETYPE ="Joiner" TOFIELD ="AR_AGG" TOINSTANCE ="EXP_NOT_NULL" TOINSTANCETYPE ="Expression"/>
        <CONNECTOR FROMFIELD ="MONTH_ID_GWP" FROMINSTANCE ="JNR_AR_GWP" FROMINSTANCETYPE ="Joiner" TOFIELD ="MONTH_ID_GWP" TOINSTANCE ="EXP_NOT_NULL" TOINSTANCETYPE ="Expression"/>
        <CONNECTOR FROMFIELD ="GWP_1_YEAR_AGG" FROMINSTANCE ="JNR_AR_GWP" FROMINSTANCETYPE ="Joiner" TOFIELD ="GWP_1_YEAR_AGG" TOINSTANCE ="EXP_NOT_NULL" TOINSTANCETYPE ="Expression"/>
        <CONNECTOR FROMFIELD ="SPECIAL_PROGRAM_ID" FROMINSTANCE ="JNR_AR_GWP" FROMINSTANCETYPE ="Joiner" TOFIELD ="SPECIAL_PROGRAM_ID_IN" TOINSTANCE ="EXP_NOT_NULL" TOINSTANCETYPE ="Expression"/>
        <CONNECTOR FROMFIELD ="AR_AGG" FROMINSTANCE ="AGG_AR" FROMINSTANCETYPE ="Aggregator" TOFIELD ="AR_AGG" TOINSTANCE ="JNR_AR_GWP" TOINSTANCETYPE ="Joiner"/>
        <CONNECTOR FROMFIELD ="SPECIAL_PROGRAM_ID" FROMINSTANCE ="AGG_AR" FROMINSTANCETYPE ="Aggregator" TOFIELD ="SPECIAL_PROGRAM_ID" TOINSTANCE ="JNR_AR_GWP" TOINSTANCETYPE ="Joiner"/>
        <CONNECTOR FROMFIELD ="CUSTOMER_ID" FROMINSTANCE ="AGG_AR" FROMINSTANCETYPE ="Aggregator" TOFIELD ="CUSTOMER_ID" TOINSTANCE ="JNR_AR_GWP" TOINSTANCETYPE ="Joiner"/>
        <CONNECTOR FROMFIELD ="SUBMARKET_UNIT_ID" FROMINSTANCE ="AGG_AR" FROMINSTANCETYPE ="Aggregator" TOFIELD ="SUBMARKET_UNIT_ID" TOINSTANCE ="JNR_AR_GWP" TOINSTANCETYPE ="Joiner"/>
        <CONNECTOR FROMFIELD ="LOB_ID" FROMINSTANCE ="AGG_AR" FROMINSTANCETYPE ="Aggregator" TOFIELD ="LOB_ID" TOINSTANCE ="JNR_AR_GWP" TOINSTANCETYPE ="Joiner"/>
        <CONNECTOR FROMFIELD ="BROKER_ID" FROMINSTANCE ="AGG_AR" FROMINSTANCETYPE ="Aggregator" TOFIELD ="BROKER_ID" TOINSTANCE ="JNR_AR_GWP" TOINSTANCETYPE ="Joiner"/>
        <CONNECTOR FROMFIELD ="SPECIAL_COLLECTION_ID" FROMINSTANCE ="AGG_AR" FROMINSTANCETYPE ="Aggregator" TOFIELD ="SPECIAL_COLLECTION_ID" TOINSTANCE ="JNR_AR_GWP" TOINSTANCETYPE ="Joiner"/>
        <CONNECTOR FROMFIELD ="COA" FROMINSTANCE ="AGG_AR" FROMINSTANCETYPE ="Aggregator" TOFIELD ="COA" TOINSTANCE ="JNR_AR_GWP" TOINSTANCETYPE ="Joiner"/>
        <CONNECTOR FROMFIELD ="COUNTRY_CODE" FROMINSTANCE ="AGG_AR" FROMINSTANCETYPE ="Aggregator" TOFIELD ="COUNTRY_CODE_AR" TOINSTANCE ="JNR_AR_GWP" TOINSTANCETYPE ="Joiner"/>
        <CONNECTOR FROMFIELD ="AGE_BUCKET_ID" FROMINSTANCE ="AGG_AR" FROMINSTANCETYPE ="Aggregator" TOFIELD ="AGE_BUCKET_ID" TOINSTANCE ="JNR_AR_GWP" TOINSTANCETYPE ="Joiner"/>
        <CONNECTOR FROMFIELD ="MONTH_ID" FROMINSTANCE ="AGG_AR" FROMINSTANCETYPE ="Aggregator" TOFIELD ="MONTH_ID_AR" TOINSTANCE ="JNR_AR_GWP" TOINSTANCETYPE ="Joiner"/>
        <TARGETLOADORDER ORDER ="1" TARGETINSTANCE ="CSS01LF01T_FILE"/>
        <TARGETLOADORDER ORDER ="1" TARGETINSTANCE ="CSS55FF05T_FILE"/>
        <MAPPINGVARIABLE DATATYPE ="string" DEFAULTVALUE ="CSS55FF04T" DESCRIPTION ="" ISEXPRESSIONVARIABLE ="NO" ISPARAM ="YES" NAME ="$$p_s_target_CSS55FF04T" PRECISION ="300" SCALE ="0" USERDEFINED ="YES"/>
        <MAPPINGVARIABLE AGGFUNCTION ="MAX" DATATYPE ="integer" DEFAULTVALUE ="" DESCRIPTION ="" ISEXPRESSIONVARIABLE ="NO" ISPARAM ="NO" NAME ="$$RUNID" PRECISION ="10" SCALE ="0" USERDEFINED ="YES"/>
        <MAPPINGVARIABLE AGGFUNCTION ="MAX" DATATYPE ="integer" DEFAULTVALUE ="" DESCRIPTION ="" ISEXPRESSIONVARIABLE ="NO" ISPARAM ="NO" NAME ="$$MONTHID" PRECISION ="10" SCALE ="0" USERDEFINED ="YES"/>
        <ERPINFO/>
    </MAPPING>
    <CONFIG DESCRIPTION ="Default session configuration object" ISDEFAULT ="YES" NAME ="default_session_config" VERSIONNUMBER ="1">
        <ATTRIBUTE NAME ="Advanced" VALUE =""/>
        <ATTRIBUTE NAME ="Constraint based load ordering" VALUE ="NO"/>
        <ATTRIBUTE NAME ="Cache LOOKUP() function" VALUE ="YES"/>
        <ATTRIBUTE NAME ="Default buffer block size" VALUE ="Auto"/>
        <ATTRIBUTE NAME ="Line Sequential buffer length" VALUE ="1024"/>
        <ATTRIBUTE NAME ="Maximum Memory Allowed For Auto Memory Attributes" VALUE ="1024MB"/>
        <ATTRIBUTE NAME ="Maximum Percentage of Total Memory Allowed For Auto Memory Attributes" VALUE ="5"/>
        <ATTRIBUTE NAME ="Additional Concurrent Pipelines for Lookup Cache Creation" VALUE ="0"/>
        <ATTRIBUTE NAME ="Custom Properties" VALUE =""/>
        <ATTRIBUTE NAME ="Pre-build lookup cache" VALUE ="Auto"/>
        <ATTRIBUTE NAME ="Optimization Level" VALUE ="Medium"/>
        <ATTRIBUTE NAME ="DateTime Format String" VALUE ="YYYY-MM-DD HH24:MI:SS.US"/>
        <ATTRIBUTE NAME ="Pre 85 Timestamp Compatibility" VALUE ="NO"/>
        <ATTRIBUTE NAME ="Log Options" VALUE ="0"/>
        <ATTRIBUTE NAME ="Save session log by" VALUE ="Session runs"/>
        <ATTRIBUTE NAME ="Save session log for these runs" VALUE ="0"/>
        <ATTRIBUTE NAME ="Session Log File Max Size" VALUE ="0"/>
        <ATTRIBUTE NAME ="Session Log File Max Time Period" VALUE ="0"/>
        <ATTRIBUTE NAME ="Maximum Partial Session Log Files" VALUE ="1"/>
        <ATTRIBUTE NAME ="Writer Commit Statistics Log Frequency" VALUE ="1"/>
        <ATTRIBUTE NAME ="Writer Commit Statistics Log Interval" VALUE ="0"/>
        <ATTRIBUTE NAME ="Error handling" VALUE =""/>
        <ATTRIBUTE NAME ="Stop on errors" VALUE ="$PMSessionErrorThreshold"/>
        <ATTRIBUTE NAME ="Override tracing" VALUE ="None"/>
        <ATTRIBUTE NAME ="On Stored Procedure error" VALUE ="Stop"/>
        <ATTRIBUTE NAME ="On Pre-session command task error" VALUE ="Stop"/>
        <ATTRIBUTE NAME ="On Pre-Post SQL error" VALUE ="Stop"/>
        <ATTRIBUTE NAME ="Enable Recovery" VALUE ="NO"/>
        <ATTRIBUTE NAME ="Error Log Type" VALUE ="None"/>
        <ATTRIBUTE NAME ="Error Log Table Name Prefix" VALUE =""/>
        <ATTRIBUTE NAME ="Error Log File Name" VALUE ="PMError.log"/>
        <ATTRIBUTE NAME ="Log Source Row Data" VALUE ="NO"/>
        <ATTRIBUTE NAME ="Data Column Delimiter" VALUE ="|"/>
        <ATTRIBUTE NAME ="Partitioning Options" VALUE =""/>
        <ATTRIBUTE NAME ="Dynamic Partitioning" VALUE ="Disabled"/>
        <ATTRIBUTE NAME ="Number of Partitions" VALUE ="1"/>
        <ATTRIBUTE NAME ="Multiplication Factor" VALUE ="Auto"/>
        <ATTRIBUTE NAME ="Session on Grid" VALUE =""/>
        <ATTRIBUTE NAME ="Is Enabled" VALUE ="NO"/>
    </CONFIG>
    <WORKFLOW DESCRIPTION ="These workflows are created from the Workflow Generation Wizard." ISENABLED ="YES" ISRUNNABLESERVICE ="NO" ISSERVICE ="NO" ISVALID ="YES" NAME ="wf_CSS55_AR_AGG_GWP" REUSABLE_SCHEDULER ="NO" SCHEDULERNAME ="Scheduler" SERVERNAME ="dipcis01" SERVER_DOMAINNAME ="dinfadm01" SUSPEND_ON_ERROR ="NO" TASKS_MUST_RUN_ON_SERVER ="NO" VERSIONNUMBER ="1">
        <SCHEDULER DESCRIPTION ="" NAME ="Scheduler" REUSABLE ="NO" VERSIONNUMBER ="1">
            <SCHEDULEINFO SCHEDULETYPE ="ONDEMAND"/>
        </SCHEDULER>
        <TASK DESCRIPTION ="" NAME ="Start" REUSABLE ="NO" TYPE ="Start" VERSIONNUMBER ="1"/>
        <SESSION DESCRIPTION ="This wf imports the data from table CSS55FF04T and CSS55FF04T, calculates the aggregates of AR and GWP, and exports it to the file css55XPUaragg.out which is loaded by XPU into the table CSS55FF05T" ISVALID ="YES" MAPPINGNAME ="m_CSS55_AR_AGG_GWP" NAME ="s_m_CSS55_AR_AGG_GWP" REUSABLE ="NO" SORTORDER ="Binary" VERSIONNUMBER ="1">
            <SESSTRANSFORMATIONINST ISREPARTITIONPOINT ="NO" PIPELINE ="0" SINSTANCENAME ="CSS55FF03T" STAGE ="0" TRANSFORMATIONNAME ="CSS55FF03T" TRANSFORMATIONTYPE ="Source Definition">
                <ATTRIBUTE NAME ="Source Table Name" VALUE =""/>
            </SESSTRANSFORMATIONINST>
            <SESSTRANSFORMATIONINST ISREPARTITIONPOINT ="YES" PARTITIONTYPE ="PASS THROUGH" PIPELINE ="1" SINSTANCENAME ="SQ_CSS55FF03T" STAGE ="1" TRANSFORMATIONNAME ="SQ_CSS55FF03T" TRANSFORMATIONTYPE ="Source Qualifier">
                <ATTRIBUTE NAME ="Number Of Sorted Ports" VALUE ="10"/>
                <ATTRIBUTE NAME ="Select Distinct" VALUE ="NO"/>
            </SESSTRANSFORMATIONINST>
            <SESSTRANSFORMATIONINST ISREPARTITIONPOINT ="NO" PIPELINE ="0" SINSTANCENAME ="CSS55FF04T" STAGE ="0" TRANSFORMATIONNAME ="CSS55FF04T" TRANSFORMATIONTYPE ="Source Definition">
                <ATTRIBUTE NAME ="Source Table Name" VALUE =""/>
            </SESSTRANSFORMATIONINST>
            <SESSTRANSFORMATIONINST ISREPARTITIONPOINT ="YES" PARTITIONTYPE ="PASS THROUGH" PIPELINE ="2" SINSTANCENAME ="SQ_CSS55FF04T" STAGE ="2" TRANSFORMATIONNAME ="SQ_CSS55FF04T" TRANSFORMATIONTYPE ="Source Qualifier">
                <ATTRIBUTE NAME ="User Defined Join" VALUE =""/>
                <ATTRIBUTE NAME ="Number Of Sorted Ports" VALUE ="4"/>
            </SESSTRANSFORMATIONINST>
            <SESSTRANSFORMATIONINST ISREPARTITIONPOINT ="YES" PARTITIONTYPE ="PASS THROUGH" PIPELINE ="1" SINSTANCENAME ="AGG_AR" STAGE ="3" TRANSFORMATIONNAME ="AGG_AR" TRANSFORMATIONTYPE ="Aggregator"/>
            <SESSTRANSFORMATIONINST ISREPARTITIONPOINT ="NO" PIPELINE ="1" SINSTANCENAME ="JNR_AR_GWP" STAGE ="3" TRANSFORMATIONNAME ="JNR_AR_GWP" TRANSFORMATIONTYPE ="Joiner">
                <PARTITION DESCRIPTION ="" NAME ="Partition #1"/>
            </SESSTRANSFORMATIONINST>
            <SESSTRANSFORMATIONINST ISREPARTITIONPOINT ="YES" PARTITIONTYPE ="PASS THROUGH" PIPELINE ="1" SINSTANCENAME ="CSS55FF05T_FILE" STAGE ="5" TRANSFORMATIONNAME ="CSS55FF05T_FILE" TRANSFORMATIONTYPE ="Target Definition">
                <FLATFILE CODEPAGE ="MS1252" CONSECDELIMITERSASONE ="NO" DELIMITED ="NO" DELIMITERS ="," ESCAPE_CHARACTER ="" KEEPESCAPECHAR ="NO" LINESEQUENTIAL ="NO" MULTIDELIMITERSASAND ="NO" NULLCHARTYPE ="ASCII" NULL_CHARACTER ="*" PADBYTES ="1" QUOTE_CHARACTER ="NONE" REPEATABLE ="NO" ROWDELIMITER ="0" SKIPROWS ="0" STRIPTRAILINGBLANKS ="NO"/>
                <ATTRIBUTE NAME ="Target Table Name" VALUE =""/>
            </SESSTRANSFORMATIONINST>
            <SESSTRANSFORMATIONINST ISREPARTITIONPOINT ="YES" PARTITIONTYPE ="PASS THROUGH" PIPELINE ="2" SINSTANCENAME ="AGG_GWP" STAGE ="6" TRANSFORMATIONNAME ="AGG_GWP" TRANSFORMATIONTYPE ="Aggregator"/>
            <SESSTRANSFORMATIONINST ISREPARTITIONPOINT ="NO" PIPELINE ="1" SINSTANCENAME ="SRT_DISTINCT" STAGE ="3" TRANSFORMATIONNAME ="SRT_DISTINCT" TRANSFORMATIONTYPE ="Sorter">
                <PARTITION DESCRIPTION ="" NAME ="Partition #1"/>
            </SESSTRANSFORMATIONINST>
            <SESSTRANSFORMATIONINST ISREPARTITIONPOINT ="NO" PIPELINE ="0" SINSTANCENAME ="LKP_CSS55FF04T" STAGE ="0" TRANSFORMATIONNAME ="LKP_CSS55FF04T" TRANSFORMATIONTYPE ="Lookup Procedure">
                <ATTRIBUTE NAME ="Connection Information" VALUE ="$DBConnectionCSS"/>
            </SESSTRANSFORMATIONINST>
            <SESSTRANSFORMATIONINST ISREPARTITIONPOINT ="NO" PIPELINE ="2" SINSTANCENAME ="EXP_GWP" STAGE ="6" TRANSFORMATIONNAME ="EXP_GWP" TRANSFORMATIONTYPE ="Expression">
                <PARTITION DESCRIPTION ="" NAME ="Partition #1"/>
            </SESSTRANSFORMATIONINST>
            <SESSTRANSFORMATIONINST ISREPARTITIONPOINT ="NO" PIPELINE ="1" SINSTANCENAME ="EXP_NOT_NULL" STAGE ="3" TRANSFORMATIONNAME ="EXP_NOT_NULL" TRANSFORMATIONTYPE ="Expression">
                <PARTITION DESCRIPTION ="" NAME ="Partition #1"/>
            </SESSTRANSFORMATIONINST>
            <SESSTRANSFORMATIONINST ISREPARTITIONPOINT ="YES" PARTITIONTYPE ="PASS THROUGH" PIPELINE ="1" SINSTANCENAME ="CSS01LF01T_FILE" STAGE ="7" TRANSFORMATIONNAME ="CSS01LF01T_FILE" TRANSFORMATIONTYPE ="Target Definition">
                <FLATFILE CODEPAGE ="MS1252" CONSECDELIMITERSASONE ="NO" DELIMITED ="NO" DELIMITERS ="," ESCAPE_CHARACTER ="" KEEPESCAPECHAR ="NO" LINESEQUENTIAL ="NO" MULTIDELIMITERSASAND ="NO" NULLCHARTYPE ="ASCII" NULL_CHARACTER ="*" PADBYTES ="1" QUOTE_CHARACTER ="NONE" REPEATABLE ="NO" ROWDELIMITER ="0" SKIPROWS ="0" STRIPTRAILINGBLANKS ="NO"/>
            </SESSTRANSFORMATIONINST>
            <SESSTRANSFORMATIONINST ISREPARTITIONPOINT ="YES" PARTITIONTYPE ="HASH AUTO KEYS" PIPELINE ="1" SINSTANCENAME ="AGG_CONTROL_TABLE" STAGE ="8" TRANSFORMATIONNAME ="AGG_CONTROL_TABLE" TRANSFORMATIONTYPE ="Aggregator">
                <PARTITION DESCRIPTION ="" NAME ="Partition #1"/>
            </SESSTRANSFORMATIONINST>
            <CONFIGREFERENCE REFOBJECTNAME ="default_session_config" TYPE ="Session config">
                <ATTRIBUTE NAME ="Stop on errors" VALUE ="$PMSessionErrorThreshold"/>
            </CONFIGREFERENCE>
            <SESSIONCOMPONENT REFOBJECTNAME ="presession_variable_assignment" REUSABLE ="NO" TYPE ="Pre-session variable assignment">
                <TASK DESCRIPTION ="" NAME ="presession_variable_assignment" REUSABLE ="NO" TYPE ="Command" VERSIONNUMBER ="1">
                    <ATTRIBUTE NAME ="Fail task if any command fails" VALUE ="NO"/>
                    <ATTRIBUTE NAME ="Recovery Strategy" VALUE ="Fail task and continue workflow"/>
                </TASK>
            </SESSIONCOMPONENT>
            <SESSIONCOMPONENT REFOBJECTNAME ="postsession_success_variable_assignment" REUSABLE ="NO" TYPE ="Post-session success variable assignment">
                <TASK DESCRIPTION ="" NAME ="postsession_success_variable_assignment" REUSABLE ="NO" TYPE ="Command" VERSIONNUMBER ="1">
                    <ATTRIBUTE NAME ="Fail task if any command fails" VALUE ="NO"/>
                    <ATTRIBUTE NAME ="Recovery Strategy" VALUE ="Fail task and continue workflow"/>
                </TASK>
            </SESSIONCOMPONENT>
            <SESSIONCOMPONENT REFOBJECTNAME ="postsession_failure_variable_assignment" REUSABLE ="NO" TYPE ="Post-session failure variable assignment">
                <TASK DESCRIPTION ="" NAME ="postsession_failure_variable_assignment" REUSABLE ="NO" TYPE ="Command" VERSIONNUMBER ="1">
                    <ATTRIBUTE NAME ="Fail task if any command fails" VALUE ="NO"/>
                    <ATTRIBUTE NAME ="Recovery Strategy" VALUE ="Fail task and continue workflow"/>
                </TASK>
            </SESSIONCOMPONENT>
            <SESSIONEXTENSION DSQINSTNAME ="SQ_CSS55FF03T" DSQINSTTYPE ="Source Qualifier" NAME ="Relational Reader" SINSTANCENAME ="CSS55FF03T" SUBTYPE ="Relational Reader" TRANSFORMATIONTYPE ="Source Definition" TYPE ="READER"/>
            <SESSIONEXTENSION NAME ="Relational Reader" SINSTANCENAME ="SQ_CSS55FF03T" SUBTYPE ="Relational Reader" TRANSFORMATIONTYPE ="Source Qualifier" TYPE ="READER">
                <CONNECTIONREFERENCE CNXREFNAME ="DB Connection" CONNECTIONNAME ="" CONNECTIONNUMBER ="1" CONNECTIONSUBTYPE ="" CONNECTIONTYPE ="Relational" VARIABLE ="$DBConnectionCSS"/>
            </SESSIONEXTENSION>
            <SESSIONEXTENSION DSQINSTNAME ="SQ_CSS55FF04T" DSQINSTTYPE ="Source Qualifier" NAME ="Relational Reader" SINSTANCENAME ="CSS55FF04T" SUBTYPE ="Relational Reader" TRANSFORMATIONTYPE ="Source Definition" TYPE ="READER"/>
            <SESSIONEXTENSION NAME ="Relational Reader" SINSTANCENAME ="SQ_CSS55FF04T" SUBTYPE ="Relational Reader" TRANSFORMATIONTYPE ="Source Qualifier" TYPE ="READER">
                <CONNECTIONREFERENCE CNXREFNAME ="DB Connection" CONNECTIONNAME ="" CONNECTIONNUMBER ="1" CONNECTIONSUBTYPE ="" CONNECTIONTYPE ="Relational" VARIABLE ="$DBConnectionCSS"/>
            </SESSIONEXTENSION>
            <SESSIONEXTENSION NAME ="File Writer" SINSTANCENAME ="CSS55FF05T_FILE" SUBTYPE ="File Writer" TRANSFORMATIONTYPE ="Target Definition" TYPE ="WRITER">
                <CONNECTIONREFERENCE CNXREFNAME ="Connection" CONNECTIONNAME ="" CONNECTIONNUMBER ="1" CONNECTIONSUBTYPE ="" CONNECTIONTYPE ="" VARIABLE =""/>
                <ATTRIBUTE NAME ="Merge Type" VALUE ="No Merge"/>
                <ATTRIBUTE NAME ="Merge File Directory" VALUE ="$PMTargetFileDir&#x5c;"/>
                <ATTRIBUTE NAME ="Merge File Name" VALUE ="css55ff05t_file.out"/>
                <ATTRIBUTE NAME ="Append if Exists" VALUE ="NO"/>
                <ATTRIBUTE NAME ="Create Target Directory" VALUE ="NO"/>
                <ATTRIBUTE NAME ="Header Options" VALUE ="No Header"/>
                <ATTRIBUTE NAME ="Header Command" VALUE =""/>
                <ATTRIBUTE NAME ="Footer Command" VALUE =""/>
                <ATTRIBUTE NAME ="Output Type" VALUE ="File"/>
                <ATTRIBUTE NAME ="Merge Command" VALUE =""/>
                <ATTRIBUTE NAME ="Output file directory" VALUE ="$PMTargetFileDir&#x5c;"/>
                <ATTRIBUTE NAME ="Output filename" VALUE ="$OutputFile01"/>
                <ATTRIBUTE NAME ="Reject file directory" VALUE ="$PMBadFileDir&#x5c;"/>
                <ATTRIBUTE NAME ="Reject filename" VALUE ="$BadFile01"/>
                <ATTRIBUTE NAME ="Command" VALUE =""/>
                <ATTRIBUTE NAME ="Codepage Parameter" VALUE =""/>
            </SESSIONEXTENSION>
            <SESSIONEXTENSION NAME ="Relational Lookup" SINSTANCENAME ="LKP_CSS55FF04T" SUBTYPE ="Relational Lookup" TRANSFORMATIONTYPE ="Lookup Procedure" TYPE ="LOOKUPEXTENSION">
                <CONNECTIONREFERENCE CNXREFNAME ="DB Connection" CONNECTIONNAME ="" CONNECTIONNUMBER ="1" CONNECTIONSUBTYPE ="" CONNECTIONTYPE ="Relational" VARIABLE ="$DBConnectionCSS"/>
            </SESSIONEXTENSION>
            <SESSIONEXTENSION NAME ="File Writer" SINSTANCENAME ="CSS01LF01T_FILE" SUBTYPE ="File Writer" TRANSFORMATIONTYPE ="Target Definition" TYPE ="WRITER">
                <CONNECTIONREFERENCE CNXREFNAME ="Connection" CONNECTIONNAME ="" CONNECTIONNUMBER ="1" CONNECTIONSUBTYPE ="" CONNECTIONTYPE ="" VARIABLE =""/>
                <ATTRIBUTE NAME ="Merge Type" VALUE ="No Merge"/>
                <ATTRIBUTE NAME ="Merge File Directory" VALUE ="$PMTargetFileDir&#x5c;"/>
                <ATTRIBUTE NAME ="Merge File Name" VALUE ="css01lf01t_file.out"/>
                <ATTRIBUTE NAME ="Append if Exists" VALUE ="NO"/>
                <ATTRIBUTE NAME ="Create Target Directory" VALUE ="NO"/>
                <ATTRIBUTE NAME ="Header Options" VALUE ="No Header"/>
                <ATTRIBUTE NAME ="Header Command" VALUE =""/>
                <ATTRIBUTE NAME ="Footer Command" VALUE =""/>
                <ATTRIBUTE NAME ="Output Type" VALUE ="File"/>
                <ATTRIBUTE NAME ="Merge Command" VALUE =""/>
                <ATTRIBUTE NAME ="Output file directory" VALUE ="$PMTargetFileDir&#x5c;"/>
                <ATTRIBUTE NAME ="Output filename" VALUE ="$OutputFile02"/>
                <ATTRIBUTE NAME ="Reject file directory" VALUE ="$PMBadFileDir&#x5c;"/>
                <ATTRIBUTE NAME ="Reject filename" VALUE ="$BadFile02"/>
                <ATTRIBUTE NAME ="Command" VALUE =""/>
                <ATTRIBUTE NAME ="Codepage Parameter" VALUE =""/>
            </SESSIONEXTENSION>
            <ATTRIBUTE NAME ="General Options" VALUE =""/>
            <ATTRIBUTE NAME ="Write Backward Compatible Session Log File" VALUE ="NO"/>
            <ATTRIBUTE NAME ="Session Log File Name" VALUE ="$PMSessionLogFile"/>
            <ATTRIBUTE NAME ="Session Log File directory" VALUE ="$PMSessionLogDir&#x5c;"/>
            <ATTRIBUTE NAME ="Parameter Filename" VALUE ="$PMSourceFileDir/xdcssd/paramfiles/ipccss.param"/>
            <ATTRIBUTE NAME ="Enable Test Load" VALUE ="NO"/>
            <ATTRIBUTE NAME ="$Source connection value" VALUE =""/>
            <ATTRIBUTE NAME ="$Target connection value" VALUE =""/>
            <ATTRIBUTE NAME ="Treat source rows as" VALUE ="Insert"/>
            <ATTRIBUTE NAME ="Commit Type" VALUE ="Target"/>
            <ATTRIBUTE NAME ="Commit Interval" VALUE ="10000"/>
            <ATTRIBUTE NAME ="Commit On End Of File" VALUE ="YES"/>
            <ATTRIBUTE NAME ="Rollback Transactions on Errors" VALUE ="NO"/>
            <ATTRIBUTE NAME ="Recovery Strategy" VALUE ="Fail task and continue workflow"/>
            <ATTRIBUTE NAME ="Java Classpath" VALUE =""/>
            <ATTRIBUTE NAME ="Performance" VALUE =""/>
            <ATTRIBUTE NAME ="DTM buffer size" VALUE ="24000000"/>
            <ATTRIBUTE NAME ="Collect performance data" VALUE ="NO"/>
            <ATTRIBUTE NAME ="Write performance data to repository" VALUE ="NO"/>
            <ATTRIBUTE NAME ="Incremental Aggregation" VALUE ="NO"/>
            <ATTRIBUTE NAME ="Session retry on deadlock" VALUE ="NO"/>
            <ATTRIBUTE NAME ="Pushdown Optimization" VALUE ="None"/>
            <ATTRIBUTE NAME ="Allow Temporary View for Pushdown" VALUE ="NO"/>
            <ATTRIBUTE NAME ="Allow Temporary Sequence for Pushdown" VALUE ="NO"/>
            <ATTRIBUTE NAME ="Allow Pushdown for User Incompatible Connections" VALUE ="NO"/>
        </SESSION>
        <TASKINSTANCE DESCRIPTION ="" ISENABLED ="YES" NAME ="Start" REUSABLE ="NO" TASKNAME ="Start" TASKTYPE ="Start"/>
        <TASKINSTANCE DESCRIPTION ="This wf imports the data from table CSS55FF04T and CSS55FF04T, calculates the aggregates of AR and GWP, and exports it to the file css55XPUaragg.out which is loaded by XPU into the table CSS55FF05T" FAIL_PARENT_IF_INSTANCE_DID_NOT_RUN ="NO" FAIL_PARENT_IF_INSTANCE_FAILS ="YES" ISENABLED ="YES" NAME ="s_m_CSS55_AR_AGG_GWP" REUSABLE ="NO" TASKNAME ="s_m_CSS55_AR_AGG_GWP" TASKTYPE ="Session" TREAT_INPUTLINK_AS_AND ="YES"/>
        <WORKFLOWLINK CONDITION ="" FROMTASK ="Start" TOTASK ="s_m_CSS55_AR_AGG_GWP"/>
        <WORKFLOWVARIABLE DATATYPE ="date/time" DEFAULTVALUE ="" DESCRIPTION ="The time this task started" ISNULL ="NO" ISPERSISTENT ="NO" NAME ="$Start.StartTime" USERDEFINED ="NO"/>
        <WORKFLOWVARIABLE DATATYPE ="date/time" DEFAULTVALUE ="" DESCRIPTION ="The time this task completed" ISNULL ="NO" ISPERSISTENT ="NO" NAME ="$Start.EndTime" USERDEFINED ="NO"/>
        <WORKFLOWVARIABLE DATATYPE ="integer" DEFAULTVALUE ="" DESCRIPTION ="Status of this task&apos;s execution" ISNULL ="NO" ISPERSISTENT ="NO" NAME ="$Start.Status" USERDEFINED ="NO"/>
        <WORKFLOWVARIABLE DATATYPE ="integer" DEFAULTVALUE ="" DESCRIPTION ="Status of the previous task that is not disabled" ISNULL ="NO" ISPERSISTENT ="NO" NAME ="$Start.PrevTaskStatus" USERDEFINED ="NO"/>
        <WORKFLOWVARIABLE DATATYPE ="integer" DEFAULTVALUE ="" DESCRIPTION ="Error code for this task&apos;s execution" ISNULL ="NO" ISPERSISTENT ="NO" NAME ="$Start.ErrorCode" USERDEFINED ="NO"/>
        <WORKFLOWVARIABLE DATATYPE ="string" DEFAULTVALUE ="" DESCRIPTION ="Error message for this task&apos;s execution" ISNULL ="NO" ISPERSISTENT ="NO" NAME ="$Start.ErrorMsg" USERDEFINED ="NO"/>
        <WORKFLOWVARIABLE DATATYPE ="date/time" DEFAULTVALUE ="" DESCRIPTION ="The time this task started" ISNULL ="NO" ISPERSISTENT ="NO" NAME ="$s_m_CSS55_AR_AGG_GWP.StartTime" USERDEFINED ="NO"/>
        <WORKFLOWVARIABLE DATATYPE ="date/time" DEFAULTVALUE ="" DESCRIPTION ="The time this task completed" ISNULL ="NO" ISPERSISTENT ="NO" NAME ="$s_m_CSS55_AR_AGG_GWP.EndTime" USERDEFINED ="NO"/>
        <WORKFLOWVARIABLE DATATYPE ="integer" DEFAULTVALUE ="" DESCRIPTION ="Status of this task&apos;s execution" ISNULL ="NO" ISPERSISTENT ="NO" NAME ="$s_m_CSS55_AR_AGG_GWP.Status" USERDEFINED ="NO"/>
        <WORKFLOWVARIABLE DATATYPE ="integer" DEFAULTVALUE ="" DESCRIPTION ="Status of the previous task that is not disabled" ISNULL ="NO" ISPERSISTENT ="NO" NAME ="$s_m_CSS55_AR_AGG_GWP.PrevTaskStatus" USERDEFINED ="NO"/>
        <WORKFLOWVARIABLE DATATYPE ="integer" DEFAULTVALUE ="" DESCRIPTION ="Error code for this task&apos;s execution" ISNULL ="NO" ISPERSISTENT ="NO" NAME ="$s_m_CSS55_AR_AGG_GWP.ErrorCode" USERDEFINED ="NO"/>
        <WORKFLOWVARIABLE DATATYPE ="string" DEFAULTVALUE ="" DESCRIPTION ="Error message for this task&apos;s execution" ISNULL ="NO" ISPERSISTENT ="NO" NAME ="$s_m_CSS55_AR_AGG_GWP.ErrorMsg" USERDEFINED ="NO"/>
        <WORKFLOWVARIABLE DATATYPE ="integer" DEFAULTVALUE ="" DESCRIPTION ="Rows successfully read" ISNULL ="NO" ISPERSISTENT ="NO" NAME ="$s_m_CSS55_AR_AGG_GWP.SrcSuccessRows" USERDEFINED ="NO"/>
        <WORKFLOWVARIABLE DATATYPE ="integer" DEFAULTVALUE ="" DESCRIPTION ="Rows failed to read" ISNULL ="NO" ISPERSISTENT ="NO" NAME ="$s_m_CSS55_AR_AGG_GWP.SrcFailedRows" USERDEFINED ="NO"/>
        <WORKFLOWVARIABLE DATATYPE ="integer" DEFAULTVALUE ="" DESCRIPTION ="Rows successfully loaded" ISNULL ="NO" ISPERSISTENT ="NO" NAME ="$s_m_CSS55_AR_AGG_GWP.TgtSuccessRows" USERDEFINED ="NO"/>
        <WORKFLOWVARIABLE DATATYPE ="integer" DEFAULTVALUE ="" DESCRIPTION ="Rows failed to load" ISNULL ="NO" ISPERSISTENT ="NO" NAME ="$s_m_CSS55_AR_AGG_GWP.TgtFailedRows" USERDEFINED ="NO"/>
        <WORKFLOWVARIABLE DATATYPE ="integer" DEFAULTVALUE ="" DESCRIPTION ="Total number of transformation errors" ISNULL ="NO" ISPERSISTENT ="NO" NAME ="$s_m_CSS55_AR_AGG_GWP.TotalTransErrors" USERDEFINED ="NO"/>
        <WORKFLOWVARIABLE DATATYPE ="integer" DEFAULTVALUE ="" DESCRIPTION ="First error code" ISNULL ="NO" ISPERSISTENT ="NO" NAME ="$s_m_CSS55_AR_AGG_GWP.FirstErrorCode" USERDEFINED ="NO"/>
        <WORKFLOWVARIABLE DATATYPE ="string" DEFAULTVALUE ="" DESCRIPTION ="First error message" ISNULL ="NO" ISPERSISTENT ="NO" NAME ="$s_m_CSS55_AR_AGG_GWP.FirstErrorMsg" USERDEFINED ="NO"/>
        <ATTRIBUTE NAME ="Parameter Filename" VALUE =""/>
        <ATTRIBUTE NAME ="Write Backward Compatible Workflow Log File" VALUE ="NO"/>
        <ATTRIBUTE NAME ="Workflow Log File Name" VALUE ="wf_CSS55_AR_AGG_GWP.log"/>
        <ATTRIBUTE NAME ="Workflow Log File Directory" VALUE ="$PMWorkflowLogDir&#x5c;"/>
        <ATTRIBUTE NAME ="Save Workflow log by" VALUE ="By runs"/>
        <ATTRIBUTE NAME ="Save workflow log for these runs" VALUE ="0"/>
        <ATTRIBUTE NAME ="Service Name" VALUE =""/>
        <ATTRIBUTE NAME ="Service Timeout" VALUE ="0"/>
        <ATTRIBUTE NAME ="Is Service Visible" VALUE ="NO"/>
        <ATTRIBUTE NAME ="Is Service Protected" VALUE ="NO"/>
        <ATTRIBUTE NAME ="Fail task after wait time" VALUE ="0"/>
        <ATTRIBUTE NAME ="Enable HA recovery" VALUE ="NO"/>
        <ATTRIBUTE NAME ="Automatically recover terminated tasks" VALUE ="NO"/>
        <ATTRIBUTE NAME ="Service Level Name" VALUE ="Default"/>
        <ATTRIBUTE NAME ="Allow concurrent run with unique run instance name" VALUE ="NO"/>
        <ATTRIBUTE NAME ="Allow concurrent run with same run instance name" VALUE ="NO"/>
        <ATTRIBUTE NAME ="Maximum number of concurrent runs" VALUE ="0"/>
        <ATTRIBUTE NAME ="Assigned Web Services Hubs" VALUE =""/>
        <ATTRIBUTE NAME ="Maximum number of concurrent runs per Hub" VALUE ="1000"/>
        <ATTRIBUTE NAME ="Expected Service Time" VALUE ="1"/>
    </WORKFLOW>
</FOLDER>
</REPOSITORY>
</POWERMART>