<?xml version="1.0" encoding="ISO-8859-1" standalone="yes"?>
<!DOCTYPE POWERMART SYSTEM "powrmart.dtd">
<POWERMART CREATION_DATE="30-11-2016" REPOSITORY_VERSION="1">
    <REPOSITORY NAME="NEWREP" DATABASETYPE="DB2" CODEPAGE="Latin1" VERSION="1">
        <FOLDER NAME="EXP_CALCULATE_MONTH_folder" DESCRIPTION="" SHARED="NOTSHARED" OWNER="EVERIS" GROUP="" PERMISSIONS="rwx---r--" UUID="">
            <SOURCE NAME="" DBDNAME="DB2" BUSINESSNAME="" DESCRIPTION="" OBJECTVERSION="1" OWNERNAME="OWNERNAME" DATABASETYPE="DB2" VERSIONNUMBER="1">
                <SOURCEFIELD NAME="BASE_MONTH_ACCUM_ID" BUSINESSNAME="" DESCRIPTION="" DATATYPE="integer" KEYTYPE="NOT A KEY" PRECISION="10" SCALE="0" NULLABLE="NULL" USAGE_FLAGS="" LEVEL="" FIELDTYPE="ELEMITEM" PICTURETEXT="" OCCURS="0" LENGTH="10" PHYSICALOFFSET="0" PHYSICALLENGTH="10" FIELDNUMBER="1" FIELDPROPERTY="0" HIDDEN="NO"/>
                <SOURCEFIELD NAME="MONTHLY_ACCUM_ID" BUSINESSNAME="" DESCRIPTION="" DATATYPE="smallint" KEYTYPE="NOT A KEY" PRECISION="5" SCALE="0" NULLABLE="NULL" USAGE_FLAGS="" LEVEL="" FIELDTYPE="ELEMITEM" PICTURETEXT="" OCCURS="0" LENGTH="5" PHYSICALOFFSET="10" PHYSICALLENGTH="5" FIELDNUMBER="2" FIELDPROPERTY="0" HIDDEN="NO"/>
                <SOURCEFIELD NAME="MONTH_ID" BUSINESSNAME="" DESCRIPTION="" DATATYPE="integer" KEYTYPE="NOT A KEY" PRECISION="10" SCALE="0" NULLABLE="NULL" USAGE_FLAGS="" LEVEL="" FIELDTYPE="ELEMITEM" PICTURETEXT="" OCCURS="0" LENGTH="10" PHYSICALOFFSET="15" PHYSICALLENGTH="10" FIELDNUMBER="3" FIELDPROPERTY="0" HIDDEN="NO"/>
            </SOURCE>
            <TARGET NAME="CSS01LF03T" BUSINESSNAME="" DESCRIPTION="" OBJECTVERSION="1" CONSTRAINT="" TABLEOPTIONS="" DATABASETYPE="DB2" VERSIONNUMBER="1">
                <TARGETFIELD NAME="BASE_MONTH_ACCUM_ID" BUSINESSNAME="" DESCRIPTION="" DATATYPE="integer" KEYTYPE="NOT A KEY" PRECISION="10" SCALE="0" FIELDNUMBER="1" NULLABLE="NULL" PICTURETEXT=""/>
                <TARGETFIELD NAME="MONTHLY_ACCUM_ID" BUSINESSNAME="" DESCRIPTION="" DATATYPE="smallint" KEYTYPE="NOT A KEY" PRECISION="5" SCALE="0" FIELDNUMBER="2" NULLABLE="NULL" PICTURETEXT=""/>
                <TARGETFIELD NAME="MONTH_ID" BUSINESSNAME="" DESCRIPTION="" DATATYPE="integer" KEYTYPE="NOT A KEY" PRECISION="10" SCALE="0" FIELDNUMBER="3" NULLABLE="NULL" PICTURETEXT=""/>
            </TARGET>
            <MAPPING NAME="m_EXP_CALCULATE_MONTH" DESCRIPTION="" OBJECTVERSION="1" ISVALID="YES" VERSIONNUMBER="1">
                <TRANSFORMATION NAME="SQ_EXP_CALCULATE_MONTH" TYPE="Source Qualifier" OBJECTVERSION="1" REUSABLE="NO" VERSIONNUMBER="1">
                    <TRANSFORMFIELD NAME="MONTH_ID" DESCRIPTION="" DATATYPE="integer" PORTTYPE="INPUT/OUTPUT" PRECISION="10" SCALE="0" PICTURETEXT="" DEFAULTVALUE="" EXPRESSION="MONTH_ID" EXPRESSIONTYPE="GENERAL"/>
                    <TABLEATTRIBUTE NAME="SQL Query" VALUE=""/>
                    <TABLEATTRIBUTE NAME="User Defined Join" VALUE=""/>
                    <TABLEATTRIBUTE NAME="Source Filter" VALUE=""/>
                    <TABLEATTRIBUTE NAME="Number Of Sorted Ports" VALUE="0"/>
                    <TABLEATTRIBUTE NAME="Tracing Level" VALUE="Normal"/>
                    <TABLEATTRIBUTE NAME="Select Distinct" VALUE="NO"/>
                    <TABLEATTRIBUTE NAME="Is Partitionable" VALUE="NO"/>
                    <TABLEATTRIBUTE NAME="Pre SQL" VALUE=""/>
                    <TABLEATTRIBUTE NAME="Post SQL" VALUE=""/>
                    <TABLEATTRIBUTE NAME="Output is deterministic" VALUE="NO"/>
                    <TABLEATTRIBUTE NAME="Output is repeatable" VALUE="NEVER"/>
                </TRANSFORMATION>
                <TRANSFORMATION NAME="EXP_CALCULATE_MONTH" DESCRIPTION="" TYPE="Expression" OBJECTVERSION="1" REUSABLE="NO" VERSIONNUMBER="1">
                    <TRANSFORMFIELD NAME="MONTH_ID" DESCRIPTION="" DATATYPE="integer" PORTTYPE="INPUT/OUTPUT" PRECISION="10" SCALE="0" PICTURETEXT="" DEFAULTVALUE="" EXPRESSION="MONTH_ID" EXPRESSIONTYPE="GENERAL"/>
                    <TRANSFORMFIELD NAME="MONTH_ID_v" DESCRIPTION="" DATATYPE="integer" PORTTYPE="LOCAL VARIABLE" PRECISION="10" SCALE="0" PICTURETEXT="" DEFAULTVALUE="" EXPRESSION="MONTH_ID" EXPRESSIONTYPE="GENERAL"/>
                    <TRANSFORMFIELD NAME="MONTH_PREV_1" DESCRIPTION="" DATATYPE="integer" PORTTYPE="OUTPUT" PRECISION="10" SCALE="0" PICTURETEXT="" DEFAULTVALUE="ERROR('transformation error')" EXPRESSION="DECODE(TRUE,    Substr(MONTH_ID_v,5,2) = '01', (TO_INTEGER(Substr(MONTH_ID_v,0,4))-1)*100+12,    MONTH_ID_v - 1 )" EXPRESSIONTYPE="GENERAL"/>
                    <TRANSFORMFIELD NAME="MONTH_PREV_2" DESCRIPTION="" DATATYPE="integer" PORTTYPE="OUTPUT" PRECISION="10" SCALE="0" PICTURETEXT="" DEFAULTVALUE="ERROR('transformation error')" EXPRESSION="DECODE(TRUE,    Substr(MONTH_ID_v,5,2) = '01', (TO_INTEGER(Substr(MONTH_ID_v,0,4))-1)*100+11,  Substr(MONTH_ID_v,5,2) = '02', (TO_INTEGER(Substr(MONTH_ID_v,0,4))-1)*100+12,    MONTH_ID_v - 2 )" EXPRESSIONTYPE="GENERAL"/>
                    <TRANSFORMFIELD NAME="MONTH_PREV_3" DESCRIPTION="" DATATYPE="integer" PORTTYPE="OUTPUT" PRECISION="10" SCALE="0" PICTURETEXT="" DEFAULTVALUE="ERROR('transformation error')" EXPRESSION="DECODE(TRUE,    Substr(MONTH_ID_v,5,2) = '01', (TO_INTEGER(Substr(MONTH_ID_v,0,4))-1)*100+10,  Substr(MONTH_ID_v,5,2) = '02', (TO_INTEGER(Substr(MONTH_ID_v,0,4))-1)*100+11,  Substr(MONTH_ID_v,5,2) = '03', (TO_INTEGER(Substr(MONTH_ID_v,0,4))-1)*100+12,    MONTH_ID_v - 3)" EXPRESSIONTYPE="GENERAL"/>
                    <TRANSFORMFIELD NAME="MONTH_PREV_4" DESCRIPTION="" DATATYPE="integer" PORTTYPE="OUTPUT" PRECISION="10" SCALE="0" PICTURETEXT="" DEFAULTVALUE="ERROR('transformation error')" EXPRESSION="DECODE(TRUE,    Substr(MONTH_ID_v,5,2) = '01', (TO_INTEGER(Substr(MONTH_ID_v,0,4))-1)*100+9,  Substr(MONTH_ID_v,5,2) = '02', (TO_INTEGER(Substr(MONTH_ID_v,0,4))-1)*100+10,  Substr(MONTH_ID_v,5,2) = '03', (TO_INTEGER(Substr(MONTH_ID_v,0,4))-1)*100+11,  Substr(MONTH_ID_v,5,2) = '04', (TO_INTEGER(Substr(MONTH_ID_v,0,4))-1)*100+12,    MONTH_ID_v - 4)" EXPRESSIONTYPE="GENERAL"/>
                    <TRANSFORMFIELD NAME="MONTH_PREV_5" DESCRIPTION="" DATATYPE="integer" PORTTYPE="OUTPUT" PRECISION="10" SCALE="0" PICTURETEXT="" DEFAULTVALUE="ERROR('transformation error')" EXPRESSION="DECODE(TRUE,    Substr(MONTH_ID_v,5,2) = '01', (TO_INTEGER(Substr(MONTH_ID_v,0,4))-1)*100+8,  Substr(MONTH_ID_v,5,2) = '02', (TO_INTEGER(Substr(MONTH_ID_v,0,4))-1)*100+9,  Substr(MONTH_ID_v,5,2) = '03', (TO_INTEGER(Substr(MONTH_ID_v,0,4))-1)*100+10,  Substr(MONTH_ID_v,5,2) = '04', (TO_INTEGER(Substr(MONTH_ID_v,0,4))-1)*100+11,  Substr(MONTH_ID_v,5,2) = '05', (TO_INTEGER(Substr(MONTH_ID_v,0,4))-1)*100+12,    MONTH_ID_v - 5)" EXPRESSIONTYPE="GENERAL"/>
                    <TRANSFORMFIELD NAME="MONTH_PREV_6" DESCRIPTION="" DATATYPE="integer" PORTTYPE="OUTPUT" PRECISION="10" SCALE="0" PICTURETEXT="" DEFAULTVALUE="ERROR('transformation error')" EXPRESSION="DECODE(TRUE,    Substr(MONTH_ID_v,5,2) = '01', (TO_INTEGER(Substr(MONTH_ID_v,0,4))-1)*100+7,  Substr(MONTH_ID_v,5,2) = '02', (TO_INTEGER(Substr(MONTH_ID_v,0,4))-1)*100+8,  Substr(MONTH_ID_v,5,2) = '03', (TO_INTEGER(Substr(MONTH_ID_v,0,4))-1)*100+9,  Substr(MONTH_ID_v,5,2) = '04', (TO_INTEGER(Substr(MONTH_ID_v,0,4))-1)*100+10,  Substr(MONTH_ID_v,5,2) = '05', (TO_INTEGER(Substr(MONTH_ID_v,0,4))-1)*100+11,  Substr(MONTH_ID_v,5,2) = '06', (TO_INTEGER(Substr(MONTH_ID_v,0,4))-1)*100+12,    MONTH_ID_v - 6)" EXPRESSIONTYPE="GENERAL"/>
                    <TRANSFORMFIELD NAME="MONTH_PREV_7" DESCRIPTION="" DATATYPE="integer" PORTTYPE="OUTPUT" PRECISION="10" SCALE="0" PICTURETEXT="" DEFAULTVALUE="ERROR('transformation error')" EXPRESSION="DECODE(TRUE,    Substr(MONTH_ID_v,5,2) = '01', (TO_INTEGER(Substr(MONTH_ID_v,0,4))-1)*100+6,  Substr(MONTH_ID_v,5,2) = '02', (TO_INTEGER(Substr(MONTH_ID_v,0,4))-1)*100+7,  Substr(MONTH_ID_v,5,2) = '03', (TO_INTEGER(Substr(MONTH_ID_v,0,4))-1)*100+8,  Substr(MONTH_ID_v,5,2) = '04', (TO_INTEGER(Substr(MONTH_ID_v,0,4))-1)*100+9,  Substr(MONTH_ID_v,5,2) = '05', (TO_INTEGER(Substr(MONTH_ID_v,0,4))-1)*100+10,  Substr(MONTH_ID_v,5,2) = '06', (TO_INTEGER(Substr(MONTH_ID_v,0,4))-1)*100+11,  Substr(MONTH_ID_v,5,2) = '07', (TO_INTEGER(Substr(MONTH_ID_v,0,4))-1)*100+12,    MONTH_ID_v - 7)" EXPRESSIONTYPE="GENERAL"/>
                    <TRANSFORMFIELD NAME="MONTH_PREV_8" DESCRIPTION="" DATATYPE="integer" PORTTYPE="OUTPUT" PRECISION="10" SCALE="0" PICTURETEXT="" DEFAULTVALUE="ERROR('transformation error')" EXPRESSION="DECODE(TRUE,    Substr(MONTH_ID_v,5,2) = '01', (TO_INTEGER(Substr(MONTH_ID_v,0,4))-1)*100+5,  Substr(MONTH_ID_v,5,2) = '02', (TO_INTEGER(Substr(MONTH_ID_v,0,4))-1)*100+6,  Substr(MONTH_ID_v,5,2) = '03', (TO_INTEGER(Substr(MONTH_ID_v,0,4))-1)*100+7,  Substr(MONTH_ID_v,5,2) = '04', (TO_INTEGER(Substr(MONTH_ID_v,0,4))-1)*100+8,  Substr(MONTH_ID_v,5,2) = '05', (TO_INTEGER(Substr(MONTH_ID_v,0,4))-1)*100+9,  Substr(MONTH_ID_v,5,2) = '06', (TO_INTEGER(Substr(MONTH_ID_v,0,4))-1)*100+10,  Substr(MONTH_ID_v,5,2) = '07', (TO_INTEGER(Substr(MONTH_ID_v,0,4))-1)*100+11,  Substr(MONTH_ID_v,5,2) = '08', (TO_INTEGER(Substr(MONTH_ID_v,0,4))-1)*100+12,    MONTH_ID_v - 8)" EXPRESSIONTYPE="GENERAL"/>
                    <TRANSFORMFIELD NAME="MONTH_PREV_9" DESCRIPTION="" DATATYPE="integer" PORTTYPE="OUTPUT" PRECISION="10" SCALE="0" PICTURETEXT="" DEFAULTVALUE="ERROR('transformation error')" EXPRESSION="DECODE(TRUE,    Substr(MONTH_ID_v,5,2) = '01', (TO_INTEGER(Substr(MONTH_ID_v,0,4))-1)*100+4,  Substr(MONTH_ID_v,5,2) = '02', (TO_INTEGER(Substr(MONTH_ID_v,0,4))-1)*100+5,  Substr(MONTH_ID_v,5,2) = '03', (TO_INTEGER(Substr(MONTH_ID_v,0,4))-1)*100+6,  Substr(MONTH_ID_v,5,2) = '04', (TO_INTEGER(Substr(MONTH_ID_v,0,4))-1)*100+7,  Substr(MONTH_ID_v,5,2) = '05', (TO_INTEGER(Substr(MONTH_ID_v,0,4))-1)*100+8,  Substr(MONTH_ID_v,5,2) = '06', (TO_INTEGER(Substr(MONTH_ID_v,0,4))-1)*100+9,  Substr(MONTH_ID_v,5,2) = '07', (TO_INTEGER(Substr(MONTH_ID_v,0,4))-1)*100+10,  Substr(MONTH_ID_v,5,2) = '08', (TO_INTEGER(Substr(MONTH_ID_v,0,4))-1)*100+11,  Substr(MONTH_ID_v,5,2) = '09', (TO_INTEGER(Substr(MONTH_ID_v,0,4))-1)*100+12,    MONTH_ID_v - 9)" EXPRESSIONTYPE="GENERAL"/>
                    <TRANSFORMFIELD NAME="MONTH_PREV_10" DESCRIPTION="" DATATYPE="integer" PORTTYPE="OUTPUT" PRECISION="10" SCALE="0" PICTURETEXT="" DEFAULTVALUE="ERROR('transformation error')" EXPRESSION="DECODE(TRUE,    Substr(MONTH_ID_v,5,2) = '01', (TO_INTEGER(Substr(MONTH_ID_v,0,4))-1)*100+3,  Substr(MONTH_ID_v,5,2) = '02', (TO_INTEGER(Substr(MONTH_ID_v,0,4))-1)*100+4,  Substr(MONTH_ID_v,5,2) = '03', (TO_INTEGER(Substr(MONTH_ID_v,0,4))-1)*100+5,  Substr(MONTH_ID_v,5,2) = '04', (TO_INTEGER(Substr(MONTH_ID_v,0,4))-1)*100+6,  Substr(MONTH_ID_v,5,2) = '05', (TO_INTEGER(Substr(MONTH_ID_v,0,4))-1)*100+7,  Substr(MONTH_ID_v,5,2) = '06', (TO_INTEGER(Substr(MONTH_ID_v,0,4))-1)*100+8,  Substr(MONTH_ID_v,5,2) = '07', (TO_INTEGER(Substr(MONTH_ID_v,0,4))-1)*100+9,  Substr(MONTH_ID_v,5,2) = '08', (TO_INTEGER(Substr(MONTH_ID_v,0,4))-1)*100+10,  Substr(MONTH_ID_v,5,2) = '09', (TO_INTEGER(Substr(MONTH_ID_v,0,4))-1)*100+11,  Substr(MONTH_ID_v,5,2) = '10', (TO_INTEGER(Substr(MONTH_ID_v,0,4))-1)*100+12,    MONTH_ID_v - 10)" EXPRESSIONTYPE="GENERAL"/>
                    <TRANSFORMFIELD NAME="MONTH_PREV_11" DESCRIPTION="" DATATYPE="integer" PORTTYPE="OUTPUT" PRECISION="10" SCALE="0" PICTURETEXT="" DEFAULTVALUE="ERROR('transformation error')" EXPRESSION="DECODE(TRUE,    Substr(MONTH_ID_v,5,2) = '01', (TO_INTEGER(Substr(MONTH_ID_v,0,4))-1)*100+2,  Substr(MONTH_ID_v,5,2) = '02', (TO_INTEGER(Substr(MONTH_ID_v,0,4))-1)*100+3,  Substr(MONTH_ID_v,5,2) = '03', (TO_INTEGER(Substr(MONTH_ID_v,0,4))-1)*100+4,  Substr(MONTH_ID_v,5,2) = '04', (TO_INTEGER(Substr(MONTH_ID_v,0,4))-1)*100+5,  Substr(MONTH_ID_v,5,2) = '05', (TO_INTEGER(Substr(MONTH_ID_v,0,4))-1)*100+6,  Substr(MONTH_ID_v,5,2) = '06', (TO_INTEGER(Substr(MONTH_ID_v,0,4))-1)*100+7,  Substr(MONTH_ID_v,5,2) = '07', (TO_INTEGER(Substr(MONTH_ID_v,0,4))-1)*100+8,  Substr(MONTH_ID_v,5,2) = '08', (TO_INTEGER(Substr(MONTH_ID_v,0,4))-1)*100+9,  Substr(MONTH_ID_v,5,2) = '09', (TO_INTEGER(Substr(MONTH_ID_v,0,4))-1)*100+10,  Substr(MONTH_ID_v,5,2) = '10', (TO_INTEGER(Substr(MONTH_ID_v,0,4))-1)*100+11,  Substr(MONTH_ID_v,5,2) = '11', (TO_INTEGER(Substr(MONTH_ID_v,0,4))-1)*100+12,    MONTH_ID_v - 11)" EXPRESSIONTYPE="GENERAL"/>
                    <TRANSFORMFIELD NAME="MONTH_PREV_YEAR" DESCRIPTION="" DATATYPE="integer" PORTTYPE="OUTPUT" PRECISION="10" SCALE="0" PICTURETEXT="" DEFAULTVALUE="ERROR('transformation error')" EXPRESSION="MONTH_ID_v -100" EXPRESSIONTYPE="GENERAL"/>
                    <TRANSFORMFIELD NAME="MONTHLY_ACCUM_ID_1" DESCRIPTION="" DATATYPE="small integer" PORTTYPE="OUTPUT" PRECISION="5" SCALE="0" PICTURETEXT="" DEFAULTVALUE="ERROR('transformation error')" EXPRESSION="1" EXPRESSIONTYPE="GENERAL"/>
                    <TRANSFORMFIELD NAME="MONTHLY_ACCUM_ID_2" DESCRIPTION="" DATATYPE="small integer" PORTTYPE="OUTPUT" PRECISION="5" SCALE="0" PICTURETEXT="" DEFAULTVALUE="ERROR('transformation error')" EXPRESSION="2" EXPRESSIONTYPE="GENERAL"/>
                    <TRANSFORMFIELD NAME="MONTHLY_ACCUM_ID_3" DESCRIPTION="" DATATYPE="small integer" PORTTYPE="OUTPUT" PRECISION="5" SCALE="0" PICTURETEXT="" DEFAULTVALUE="ERROR('transformation error')" EXPRESSION="3" EXPRESSIONTYPE="GENERAL"/>
                    <TRANSFORMFIELD NAME="MONTHLY_ACCUM_ID_4" DESCRIPTION="" DATATYPE="small integer" PORTTYPE="OUTPUT" PRECISION="5" SCALE="0" PICTURETEXT="" DEFAULTVALUE="ERROR('transformation error')" EXPRESSION="4" EXPRESSIONTYPE="GENERAL"/>
                    <TRANSFORMFIELD NAME="MONTHLY_ACCUM_ID_5" DESCRIPTION="" DATATYPE="small integer" PORTTYPE="OUTPUT" PRECISION="5" SCALE="0" PICTURETEXT="" DEFAULTVALUE="ERROR('transformation error')" EXPRESSION="5" EXPRESSIONTYPE="GENERAL"/>
                    <TABLEATTRIBUTE NAME="Tracing Level" VALUE="Normal"/>
                </TRANSFORMATION>
                <INSTANCE NAME="" TYPE="SOURCE" REUSABLE="NO" TRANSFORMATION_TYPE="Source Definition" TRANSFORMATION_NAME="" DBDNAME="DB2"/>
                <INSTANCE NAME="CSS01LF03T" TYPE="TARGET" REUSABLE="NO" TRANSFORMATION_TYPE="Target Definition" TRANSFORMATION_NAME="CSS01LF03T"/>
                <INSTANCE NAME="EXP_CALCULATE_MONTH" TYPE="TRANSFORMATION" REUSABLE="NO" TRANSFORMATION_TYPE="Expression" TRANSFORMATION_NAME="EXP_CALCULATE_MONTH"/>
                <INSTANCE NAME="SQ_EXP_CALCULATE_MONTH" TYPE="TRANSFORMATION" REUSABLE="NO" TRANSFORMATION_TYPE="Source Qualifier" TRANSFORMATION_NAME="SQ_EXP_CALCULATE_MONTH">
                    <ASSOCIATED_SOURCE_INSTANCE NAME=""/>
                </INSTANCE>
                <CONNECTOR FROMINSTANCE="" FROMINSTANCETYPE="Source Definition" FROMFIELD="MONTH_ID" TOINSTANCE="SQ_EXP_CALCULATE_MONTH" TOINSTANCETYPE="Source Qualifier" TOFIELD="MONTH_ID"/>
                <CONNECTOR FROMINSTANCE="SQ_EXP_CALCULATE_MONTH" FROMINSTANCETYPE="Source Qualifier" FROMFIELD="MONTH_ID" TOINSTANCE="EXP_CALCULATE_MONTH" TOINSTANCETYPE="Expression" TOFIELD="MONTH_ID"/>
                <CONNECTOR FROMINSTANCE="EXP_CALCULATE_MONTH" FROMINSTANCETYPE="Expression" FROMFIELD="MONTH_ID" TOINSTANCE="CSS01LF03T" TOINSTANCETYPE="Target Definition" TOFIELD="MONTH_ID"/>
                <TARGETLOADORDER TARGETINSTANCE="CSS01LF03T" ORDER="1"/>
            </MAPPING>
        </FOLDER>
    </REPOSITORY>
</POWERMART>
