<?xml version="1.0" encoding="ISO-8859-1" standalone="yes"?>
<!DOCTYPE POWERMART SYSTEM "powrmart.dtd">
<POWERMART CREATION_DATE="30-11-2016" REPOSITORY_VERSION="1">
    <REPOSITORY NAME="NEWREP" DATABASETYPE="DB2" CODEPAGE="Latin1" VERSION="1">
        <FOLDER NAME="EXP_EXISTS_folder" DESCRIPTION="" SHARED="NOTSHARED" OWNER="EVERIS" GROUP="" PERMISSIONS="rwx---r--" UUID="">
            <SOURCE NAME="TGT_EXP_EXISTS" DBDNAME="DB2" BUSINESSNAME="" DESCRIPTION="" OBJECTVERSION="1" OWNERNAME="OWNERNAME" DATABASETYPE="DB2" VERSIONNUMBER="1">
                <SOURCEFIELD NAME="MONTH_ID_IN" BUSINESSNAME="" DESCRIPTION="" DATATYPE="integer" KEYTYPE="NOT A KEY" PRECISION="10" SCALE="0" NULLABLE="NULL" USAGE_FLAGS="" LEVEL="0" FIELDTYPE="ELEMITEM" PICTURETEXT="" OCCURS="0" LENGTH="10" PHYSICALOFFSET="0" PHYSICALLENGTH="10" FIELDNUMBER="1" FIELDPROPERTY="0" HIDDEN="NO"/>
            </SOURCE>
            <TARGET NAME="TGT_FTR_EXISTS" OBJECTVERSION="1" DATABASETYPE="DB2" VERSIONNUMBER="1">
                <TARGETFIELD NAME="MONTH_ID" DATATYPE="integer" KEYTYPE="NOT A KEY" PRECISION="10" SCALE="0" FIELDNUMBER="1" NULLABLE="NULL"/>
            </TARGET>
            <MAPPING NAME="m_EXP_EXISTS" DESCRIPTION="" OBJECTVERSION="1" ISVALID="YES" VERSIONNUMBER="1">
                <TRANSFORMATION NAME="SQ_EXP_EXISTS" TYPE="Source Qualifier" OBJECTVERSION="1" REUSABLE="NO" VERSIONNUMBER="1">
                    <TRANSFORMFIELD NAME="MONTH_ID_IN" DESCRIPTION="" DATATYPE="integer" PORTTYPE="INPUT/OUTPUT" PRECISION="10" SCALE="0" PICTURETEXT="" DEFAULTVALUE=""/>
                    <TABLEATTRIBUTE NAME="SQL Query" VALUE=""/>
                    <TABLEATTRIBUTE NAME="User Defined Join" VALUE=""/>
                    <TABLEATTRIBUTE NAME="Source Filter" VALUE=""/>
                    <TABLEATTRIBUTE NAME="Number Of Sorted Ports" VALUE="0"/>
                    <TABLEATTRIBUTE NAME="Tracing Level" VALUE="Normal"/>
                    <TABLEATTRIBUTE NAME="Select Distinct" VALUE="NO"/>
                    <TABLEATTRIBUTE NAME="Is Partitionable" VALUE="NO"/>
                    <TABLEATTRIBUTE NAME="Pre SQL" VALUE=""/>
                    <TABLEATTRIBUTE NAME="Post SQL" VALUE=""/>
                    <TABLEATTRIBUTE NAME="Output is deterministic" VALUE="NO"/>
                    <TABLEATTRIBUTE NAME="Output is repeatable" VALUE="NEVER"/>
                </TRANSFORMATION>
                <TRANSFORMATION NAME="EXP_EXISTS" DESCRIPTION="" TYPE="Expression" OBJECTVERSION="1" REUSABLE="NO" VERSIONNUMBER="1">
                    <TRANSFORMFIELD NAME="MONTH_ID_IN" DESCRIPTION="" DATATYPE="integer" PORTTYPE="INPUT" PRECISION="10" SCALE="0" PICTURETEXT="" DEFAULTVALUE=""/>
                    <TRANSFORMFIELD NAME="MONTH_ID_v" DESCRIPTION="" DATATYPE="integer" PORTTYPE="LOCAL VARIABLE" PRECISION="10" SCALE="0" PICTURETEXT="" DEFAULTVALUE="" EXPRESSION="MONTH_ID_IN" EXPRESSIONTYPE="GENERAL"/>
                    <TRANSFORMFIELD NAME="MONTH_ID" DESCRIPTION="" DATATYPE="integer" PORTTYPE="OUTPUT" PRECISION="10" SCALE="0" PICTURETEXT="" DEFAULTVALUE="ERROR('transformation error')" EXPRESSION="IIF (ISNULL (:LKP.LKP_CSS01LF03T(MONTH_ID_v)),MONTH_ID_v,1)      " EXPRESSIONTYPE="GENERAL"/>
                    <TABLEATTRIBUTE NAME="Tracing Level" VALUE="Normal"/>
                </TRANSFORMATION>
                <INSTANCE NAME="TGT_EXP_EXISTS" TYPE="SOURCE" REUSABLE="NO" TRANSFORMATION_TYPE="Source Definition" TRANSFORMATION_NAME="TGT_EXP_EXISTS" DBDNAME="DB2"/>
                <INSTANCE NAME="TGT_FTR_EXISTS" TYPE="TARGET" REUSABLE="NO" TRANSFORMATION_TYPE="Target Definition" TRANSFORMATION_NAME="TGT_FTR_EXISTS"/>
                <INSTANCE NAME="EXP_EXISTS" TYPE="TRANSFORMATION" REUSABLE="NO" TRANSFORMATION_TYPE="Expression" TRANSFORMATION_NAME="EXP_EXISTS"/>
                <INSTANCE NAME="SQ_EXP_EXISTS" TYPE="TRANSFORMATION" REUSABLE="NO" TRANSFORMATION_TYPE="Source Qualifier" TRANSFORMATION_NAME="SQ_EXP_EXISTS">
                    <ASSOCIATED_SOURCE_INSTANCE NAME="TGT_EXP_EXISTS"/>
                </INSTANCE>
                <CONNECTOR FROMINSTANCE="TGT_EXP_EXISTS" FROMINSTANCETYPE="Source Definition" FROMFIELD="MONTH_ID_IN" TOINSTANCE="SQ_EXP_EXISTS" TOINSTANCETYPE="Source Qualifier" TOFIELD="MONTH_ID_IN"/>
                <CONNECTOR FROMINSTANCE="SQ_EXP_EXISTS" FROMINSTANCETYPE="Source Qualifier" FROMFIELD="MONTH_ID_IN" TOINSTANCE="EXP_EXISTS" TOINSTANCETYPE="Expression" TOFIELD="MONTH_ID_IN"/>
                <CONNECTOR FROMINSTANCE="EXP_EXISTS" FROMINSTANCETYPE="Expression" FROMFIELD="MONTH_ID" TOINSTANCE="TGT_FTR_EXISTS" TOINSTANCETYPE="Target Definition" TOFIELD="MONTH_ID"/>
                <TARGETLOADORDER TARGETINSTANCE="TGT_FTR_EXISTS" ORDER="1"/>
            </MAPPING>
        </FOLDER>
    </REPOSITORY>
</POWERMART>
