<?xml version="1.0" encoding="ISO-8859-1" standalone="yes"?>
<!DOCTYPE POWERMART SYSTEM "powrmart.dtd">
<POWERMART CREATION_DATE="30-11-2016" REPOSITORY_VERSION="1">
    <REPOSITORY NAME="NEWREP" DATABASETYPE="DB2" CODEPAGE="Latin1" VERSION="1">
        <FOLDER NAME="EXP_PREVIOUS_QUARTER_folder" DESCRIPTION="" SHARED="NOTSHARED" OWNER="EVERIS" GROUP="" PERMISSIONS="rwx---r--" UUID="">
            <SOURCE NAME="TGT_UN_QUARTER4" DBDNAME="DB2" BUSINESSNAME="" DESCRIPTION="" OBJECTVERSION="1" OWNERNAME="OWNERNAME" DATABASETYPE="DB2" VERSIONNUMBER="1">
                <SOURCEFIELD NAME="BASE_QUARTER_ACCUM_ID" BUSINESSNAME="" DESCRIPTION="" DATATYPE="integer" KEYTYPE="NOT A KEY" PRECISION="10" SCALE="0" NULLABLE="NULL" USAGE_FLAGS="" LEVEL="" FIELDTYPE="ELEMITEM" PICTURETEXT="" OCCURS="0" LENGTH="10" PHYSICALOFFSET="0" PHYSICALLENGTH="10" FIELDNUMBER="1" FIELDPROPERTY="0" HIDDEN="NO"/>
                <SOURCEFIELD NAME="QUARTER_ACCUM_ID" BUSINESSNAME="" DESCRIPTION="" DATATYPE="smallint" KEYTYPE="NOT A KEY" PRECISION="5" SCALE="0" NULLABLE="NULL" USAGE_FLAGS="" LEVEL="" FIELDTYPE="ELEMITEM" PICTURETEXT="" OCCURS="0" LENGTH="5" PHYSICALOFFSET="10" PHYSICALLENGTH="5" FIELDNUMBER="2" FIELDPROPERTY="0" HIDDEN="NO"/>
                <SOURCEFIELD NAME="QUARTER_ID" BUSINESSNAME="" DESCRIPTION="" DATATYPE="integer" KEYTYPE="NOT A KEY" PRECISION="10" SCALE="0" NULLABLE="NULL" USAGE_FLAGS="" LEVEL="" FIELDTYPE="ELEMITEM" PICTURETEXT="" OCCURS="0" LENGTH="10" PHYSICALOFFSET="15" PHYSICALLENGTH="10" FIELDNUMBER="3" FIELDPROPERTY="0" HIDDEN="NO"/>
            </SOURCE>
            <TARGET NAME="TGT_UN_QUARTER4" BUSINESSNAME="" DESCRIPTION="" OBJECTVERSION="1" CONSTRAINT="" TABLEOPTIONS="" DATABASETYPE="DB2" VERSIONNUMBER="1">
                <TARGETFIELD NAME="BASE_QUARTER_ACCUM_ID" BUSINESSNAME="" DESCRIPTION="" DATATYPE="integer" KEYTYPE="NOT A KEY" PRECISION="10" SCALE="0" FIELDNUMBER="1" NULLABLE="NULL" PICTURETEXT=""/>
                <TARGETFIELD NAME="QUARTER_ACCUM_ID" BUSINESSNAME="" DESCRIPTION="" DATATYPE="smallint" KEYTYPE="NOT A KEY" PRECISION="5" SCALE="0" FIELDNUMBER="2" NULLABLE="NULL" PICTURETEXT=""/>
                <TARGETFIELD NAME="QUARTER_ID" BUSINESSNAME="" DESCRIPTION="" DATATYPE="integer" KEYTYPE="NOT A KEY" PRECISION="10" SCALE="0" FIELDNUMBER="3" NULLABLE="NULL" PICTURETEXT=""/>
            </TARGET>
            <MAPPING NAME="m_EXP_PREVIOUS_QUARTER" DESCRIPTION="" OBJECTVERSION="1" ISVALID="YES" VERSIONNUMBER="1">
                <TRANSFORMATION NAME="SQ_EXP_PREVIOUS_QUARTER" TYPE="Source Qualifier" OBJECTVERSION="1" REUSABLE="NO" VERSIONNUMBER="1">
                    <TRANSFORMFIELD NAME="QUARTER_ID" DESCRIPTION="" DATATYPE="integer" PORTTYPE="INPUT/OUTPUT" PRECISION="10" SCALE="0" PICTURETEXT="" DEFAULTVALUE="" EXPRESSION="QUARTER_ID" EXPRESSIONTYPE="GENERAL"/>
                    <TABLEATTRIBUTE NAME="SQL Query" VALUE=""/>
                    <TABLEATTRIBUTE NAME="User Defined Join" VALUE=""/>
                    <TABLEATTRIBUTE NAME="Source Filter" VALUE=""/>
                    <TABLEATTRIBUTE NAME="Number Of Sorted Ports" VALUE="0"/>
                    <TABLEATTRIBUTE NAME="Tracing Level" VALUE="Normal"/>
                    <TABLEATTRIBUTE NAME="Select Distinct" VALUE="NO"/>
                    <TABLEATTRIBUTE NAME="Is Partitionable" VALUE="NO"/>
                    <TABLEATTRIBUTE NAME="Pre SQL" VALUE=""/>
                    <TABLEATTRIBUTE NAME="Post SQL" VALUE=""/>
                    <TABLEATTRIBUTE NAME="Output is deterministic" VALUE="NO"/>
                    <TABLEATTRIBUTE NAME="Output is repeatable" VALUE="NEVER"/>
                </TRANSFORMATION>
                <TRANSFORMATION NAME="EXP_PREVIOUS_QUARTER" DESCRIPTION="" TYPE="Expression" OBJECTVERSION="1" REUSABLE="NO" VERSIONNUMBER="1">
                    <TRANSFORMFIELD NAME="QUARTER_ID" DESCRIPTION="" DATATYPE="integer" PORTTYPE="INPUT/OUTPUT" PRECISION="10" SCALE="0" PICTURETEXT="" DEFAULTVALUE="" EXPRESSION="QUARTER_ID" EXPRESSIONTYPE="GENERAL"/>
                    <TRANSFORMFIELD NAME="QUARTER_PREV_MONTH_ID" DESCRIPTION="" DATATYPE="integer" PORTTYPE="OUTPUT" PRECISION="10" SCALE="0" PICTURETEXT="" DEFAULTVALUE="ERROR('transformation error')" EXPRESSION="DECODE(TRUE,    Substr(QUARTER_ID,5,2) = '01', (TO_INTEGER(Substr(QUARTER_ID,0,4))-1)*100+4,    QUARTER_ID-1)" EXPRESSIONTYPE="GENERAL"/>
                    <TRANSFORMFIELD NAME="QUARTER_PREV_YEAR_ID" DESCRIPTION="" DATATYPE="integer" PORTTYPE="OUTPUT" PRECISION="10" SCALE="0" PICTURETEXT="" DEFAULTVALUE="ERROR('transformation error')" EXPRESSION="QUARTER_ID - 100" EXPRESSIONTYPE="GENERAL"/>
                    <TRANSFORMFIELD NAME="QUARTER_PREV_2MONTH" DESCRIPTION="" DATATYPE="integer" PORTTYPE="OUTPUT" PRECISION="10" SCALE="0" PICTURETEXT="" DEFAULTVALUE="ERROR('transformation error')" EXPRESSION="DECODE(TRUE,    Substr(QUARTER_ID,5,2) = '01', (TO_INTEGER(Substr(QUARTER_ID,0,4))-1)*100+3,  Substr(QUARTER_ID,5,2) = '02', (TO_INTEGER(Substr(QUARTER_ID,0,4))-1)*100+4,    QUARTER_ID-2)" EXPRESSIONTYPE="GENERAL"/>
                    <TRANSFORMFIELD NAME="QUARTER_PREV_3MONTH" DESCRIPTION="" DATATYPE="integer" PORTTYPE="OUTPUT" PRECISION="10" SCALE="0" PICTURETEXT="" DEFAULTVALUE="ERROR('transformation error')" EXPRESSION="DECODE(TRUE,    Substr(QUARTER_ID,5,2) = '01', (TO_INTEGER(Substr(QUARTER_ID,0,4))-1)*100+2,  Substr(QUARTER_ID,5,2) = '02', (TO_INTEGER(Substr(QUARTER_ID,0,4))-1)*100+3,  Substr(QUARTER_ID,5,2) = '03', (TO_INTEGER(Substr(QUARTER_ID,0,4))-1)*100+4,    QUARTER_ID-3)" EXPRESSIONTYPE="GENERAL"/>
                    <TRANSFORMFIELD NAME="QUARTER_ACCUM_ID1" DESCRIPTION="" DATATYPE="string" PORTTYPE="OUTPUT" PRECISION="10" SCALE="0" PICTURETEXT="" DEFAULTVALUE="ERROR('transformation error')" EXPRESSION="1" EXPRESSIONTYPE="GENERAL"/>
                    <TRANSFORMFIELD NAME="QUARTER_ACCUM_ID2" DESCRIPTION="" DATATYPE="string" PORTTYPE="OUTPUT" PRECISION="10" SCALE="0" PICTURETEXT="" DEFAULTVALUE="ERROR('transformation error')" EXPRESSION="2" EXPRESSIONTYPE="GENERAL"/>
                    <TRANSFORMFIELD NAME="QUARTER_ACCUM_ID3" DESCRIPTION="" DATATYPE="string" PORTTYPE="OUTPUT" PRECISION="10" SCALE="0" PICTURETEXT="" DEFAULTVALUE="ERROR('transformation error')" EXPRESSION="3" EXPRESSIONTYPE="GENERAL"/>
                    <TRANSFORMFIELD NAME="QUARTER_ACCUM_ID4" DESCRIPTION="" DATATYPE="string" PORTTYPE="OUTPUT" PRECISION="10" SCALE="0" PICTURETEXT="" DEFAULTVALUE="ERROR('transformation error')" EXPRESSION="4" EXPRESSIONTYPE="GENERAL"/>
                    <TRANSFORMFIELD NAME="QUARTER_ACCUM_ID5" DESCRIPTION="" DATATYPE="string" PORTTYPE="OUTPUT" PRECISION="10" SCALE="0" PICTURETEXT="" DEFAULTVALUE="ERROR('transformation error')" EXPRESSION="5" EXPRESSIONTYPE="GENERAL"/>
                    <TABLEATTRIBUTE NAME="Tracing Level" VALUE="Normal"/>
                </TRANSFORMATION>
                <INSTANCE NAME="TGT_UN_QUARTER4" TYPE="SOURCE" REUSABLE="NO" TRANSFORMATION_TYPE="Source Definition" TRANSFORMATION_NAME="TGT_UN_QUARTER4" DBDNAME="DB2"/>
                <INSTANCE NAME="TGT_UN_QUARTER4" TYPE="TARGET" REUSABLE="NO" TRANSFORMATION_TYPE="Target Definition" TRANSFORMATION_NAME="TGT_UN_QUARTER4"/>
                <INSTANCE NAME="EXP_PREVIOUS_QUARTER" TYPE="TRANSFORMATION" REUSABLE="NO" TRANSFORMATION_TYPE="Expression" TRANSFORMATION_NAME="EXP_PREVIOUS_QUARTER"/>
                <INSTANCE NAME="SQ_EXP_PREVIOUS_QUARTER" TYPE="TRANSFORMATION" REUSABLE="NO" TRANSFORMATION_TYPE="Source Qualifier" TRANSFORMATION_NAME="SQ_EXP_PREVIOUS_QUARTER">
                    <ASSOCIATED_SOURCE_INSTANCE NAME="TGT_UN_QUARTER4"/>
                </INSTANCE>
                <CONNECTOR FROMINSTANCE="TGT_UN_QUARTER4" FROMINSTANCETYPE="Source Definition" FROMFIELD="QUARTER_ID" TOINSTANCE="SQ_EXP_PREVIOUS_QUARTER" TOINSTANCETYPE="Source Qualifier" TOFIELD="QUARTER_ID"/>
                <CONNECTOR FROMINSTANCE="SQ_EXP_PREVIOUS_QUARTER" FROMINSTANCETYPE="Source Qualifier" FROMFIELD="QUARTER_ID" TOINSTANCE="EXP_PREVIOUS_QUARTER" TOINSTANCETYPE="Expression" TOFIELD="QUARTER_ID"/>
                <CONNECTOR FROMINSTANCE="EXP_PREVIOUS_QUARTER" FROMINSTANCETYPE="Expression" FROMFIELD="QUARTER_ID" TOINSTANCE="TGT_UN_QUARTER4" TOINSTANCETYPE="Target Definition" TOFIELD="QUARTER_ID"/>
                <TARGETLOADORDER TARGETINSTANCE="TGT_UN_QUARTER4" ORDER="1"/>
            </MAPPING>
        </FOLDER>
    </REPOSITORY>
</POWERMART>
