<?xml version="1.0" encoding="ISO-8859-1" standalone="yes"?>
<!DOCTYPE POWERMART SYSTEM "powrmart.dtd">
<POWERMART CREATION_DATE="30-11-2016" REPOSITORY_VERSION="1">
    <REPOSITORY NAME="NEWREP" DATABASETYPE="DB2" CODEPAGE="Latin1" VERSION="1">
        <FOLDER NAME="FIL_EXISTING_QUARTER_folder" DESCRIPTION="" SHARED="NOTSHARED" OWNER="EVERIS" GROUP="" PERMISSIONS="rwx---r--" UUID="">
            <SOURCE NAME="TGT_FIL_EXISTING_QUARTER" DBDNAME="DB2" BUSINESSNAME="" DESCRIPTION="" OBJECTVERSION="1" OWNERNAME="OWNERNAME" DATABASETYPE="DB2" VERSIONNUMBER="1">
                <SOURCEFIELD NAME="QUARTER_ID" BUSINESSNAME="" DESCRIPTION="" DATATYPE="integer" KEYTYPE="NOT A KEY" PRECISION="10" SCALE="0" NULLABLE="NULL" USAGE_FLAGS="" LEVEL="0" FIELDTYPE="ELEMITEM" PICTURETEXT="" OCCURS="0" LENGTH="10" PHYSICALOFFSET="0" PHYSICALLENGTH="10" FIELDNUMBER="1" FIELDPROPERTY="0" HIDDEN="NO"/>
            </SOURCE>
            <TARGET NAME="TGT_EXP_PREVIOUS_QUARTER" OBJECTVERSION="1" DATABASETYPE="DB2" VERSIONNUMBER="1">
                <TARGETFIELD NAME="QUARTER_ID" DATATYPE="integer" KEYTYPE="NOT A KEY" PRECISION="10" SCALE="0" FIELDNUMBER="1" NULLABLE="NULL"/>
            </TARGET>
            <MAPPING NAME="m_FIL_EXISTING_QUARTER" DESCRIPTION="" OBJECTVERSION="1" ISVALID="YES" VERSIONNUMBER="1">
                <TRANSFORMATION NAME="SQ_FIL_EXISTING_QUARTER" TYPE="Source Qualifier" OBJECTVERSION="1" REUSABLE="NO" VERSIONNUMBER="1">
                    <TRANSFORMFIELD NAME="QUARTER_ID" DESCRIPTION="" DATATYPE="integer" PORTTYPE="INPUT/OUTPUT" PRECISION="10" SCALE="0" PICTURETEXT="" DEFAULTVALUE=""/>
                    <TABLEATTRIBUTE NAME="SQL Query" VALUE=""/>
                    <TABLEATTRIBUTE NAME="User Defined Join" VALUE=""/>
                    <TABLEATTRIBUTE NAME="Source Filter" VALUE=""/>
                    <TABLEATTRIBUTE NAME="Number Of Sorted Ports" VALUE="0"/>
                    <TABLEATTRIBUTE NAME="Tracing Level" VALUE="Normal"/>
                    <TABLEATTRIBUTE NAME="Select Distinct" VALUE="NO"/>
                    <TABLEATTRIBUTE NAME="Is Partitionable" VALUE="NO"/>
                    <TABLEATTRIBUTE NAME="Pre SQL" VALUE=""/>
                    <TABLEATTRIBUTE NAME="Post SQL" VALUE=""/>
                    <TABLEATTRIBUTE NAME="Output is deterministic" VALUE="NO"/>
                    <TABLEATTRIBUTE NAME="Output is repeatable" VALUE="NEVER"/>
                </TRANSFORMATION>
                <TRANSFORMATION NAME="FIL_EXISTING_QUARTER" DESCRIPTION="" TYPE="Filter" OBJECTVERSION="1" REUSABLE="NO" VERSIONNUMBER="1">
                    <TRANSFORMFIELD NAME="QUARTER_ID" DESCRIPTION="" DATATYPE="integer" PORTTYPE="INPUT/OUTPUT" PRECISION="10" SCALE="0" PICTURETEXT="" DEFAULTVALUE=""/>
                    <TABLEATTRIBUTE NAME="Filter Condition" VALUE="QUARTER_ID != 1"/>
                    <TABLEATTRIBUTE NAME="Tracing Level" VALUE="Normal"/>
                </TRANSFORMATION>
                <INSTANCE NAME="TGT_FIL_EXISTING_QUARTER" TYPE="SOURCE" REUSABLE="NO" TRANSFORMATION_TYPE="Source Definition" TRANSFORMATION_NAME="TGT_FIL_EXISTING_QUARTER" DBDNAME="DB2"/>
                <INSTANCE NAME="TGT_EXP_PREVIOUS_QUARTER" TYPE="TARGET" REUSABLE="NO" TRANSFORMATION_TYPE="Target Definition" TRANSFORMATION_NAME="TGT_EXP_PREVIOUS_QUARTER"/>
                <INSTANCE NAME="FIL_EXISTING_QUARTER" TYPE="TRANSFORMATION" REUSABLE="NO" TRANSFORMATION_TYPE="Filter" TRANSFORMATION_NAME="FIL_EXISTING_QUARTER"/>
                <INSTANCE NAME="SQ_FIL_EXISTING_QUARTER" TYPE="TRANSFORMATION" REUSABLE="NO" TRANSFORMATION_TYPE="Source Qualifier" TRANSFORMATION_NAME="SQ_FIL_EXISTING_QUARTER">
                    <ASSOCIATED_SOURCE_INSTANCE NAME="TGT_FIL_EXISTING_QUARTER"/>
                </INSTANCE>
                <CONNECTOR FROMINSTANCE="TGT_FIL_EXISTING_QUARTER" FROMINSTANCETYPE="Source Definition" FROMFIELD="QUARTER_ID" TOINSTANCE="SQ_FIL_EXISTING_QUARTER" TOINSTANCETYPE="Source Qualifier" TOFIELD="QUARTER_ID"/>
                <CONNECTOR FROMINSTANCE="SQ_FIL_EXISTING_QUARTER" FROMINSTANCETYPE="Source Qualifier" FROMFIELD="QUARTER_ID" TOINSTANCE="FIL_EXISTING_QUARTER" TOINSTANCETYPE="Filter" TOFIELD="QUARTER_ID"/>
                <CONNECTOR FROMINSTANCE="FIL_EXISTING_QUARTER" FROMINSTANCETYPE="Filter" FROMFIELD="QUARTER_ID" TOINSTANCE="TGT_EXP_PREVIOUS_QUARTER" TOINSTANCETYPE="Target Definition" TOFIELD="QUARTER_ID"/>
                <TARGETLOADORDER TARGETINSTANCE="TGT_EXP_PREVIOUS_QUARTER" ORDER="1"/>
            </MAPPING>
        </FOLDER>
    </REPOSITORY>
</POWERMART>
