<?xml version="1.0" encoding="ISO-8859-1" standalone="yes"?>
<!DOCTYPE POWERMART SYSTEM "powrmart.dtd">
<POWERMART CREATION_DATE="30-11-2016" REPOSITORY_VERSION="1">
    <REPOSITORY NAME="NEWREP" DATABASETYPE="DB2" CODEPAGE="Latin1" VERSION="1">
        <FOLDER NAME="SQ_CSS01HF02T_folder" DESCRIPTION="" SHARED="NOTSHARED" OWNER="EVERIS" GROUP="" PERMISSIONS="rwx---r--" UUID="">
            <SOURCE NAME="SQ_CSS01HF02T" DBDNAME="DB2" BUSINESSNAME="" DESCRIPTION="" OBJECTVERSION="1" OWNERNAME="OWNERNAME" DATABASETYPE="DB2" VERSIONNUMBER="1">
                <SOURCEFIELD NAME="MONTH_ID" BUSINESSNAME="" DESCRIPTION="" DATATYPE="integer" KEYTYPE="NOT A KEY" PRECISION="10" SCALE="0" NULLABLE="NULL" USAGE_FLAGS="" LEVEL="0" FIELDTYPE="ELEMITEM" PICTURETEXT="" OCCURS="0" LENGTH="10" PHYSICALOFFSET="0" PHYSICALLENGTH="10" FIELDNUMBER="1" FIELDPROPERTY="0" HIDDEN="NO"/>
                <SOURCEFIELD NAME="MONTH_DESC" BUSINESSNAME="" DESCRIPTION="" DATATYPE="varchar" KEYTYPE="NOT A KEY" PRECISION="10" SCALE="0" NULLABLE="NULL" USAGE_FLAGS="" LEVEL="0" FIELDTYPE="ELEMITEM" PICTURETEXT="" OCCURS="0" LENGTH="10" PHYSICALOFFSET="10" PHYSICALLENGTH="10" FIELDNUMBER="2" FIELDPROPERTY="0" HIDDEN="NO"/>
                <SOURCEFIELD NAME="MONTH_SHORT_DESC" BUSINESSNAME="" DESCRIPTION="" DATATYPE="varchar" KEYTYPE="NOT A KEY" PRECISION="10" SCALE="0" NULLABLE="NULL" USAGE_FLAGS="" LEVEL="0" FIELDTYPE="ELEMITEM" PICTURETEXT="" OCCURS="0" LENGTH="10" PHYSICALOFFSET="20" PHYSICALLENGTH="10" FIELDNUMBER="3" FIELDPROPERTY="0" HIDDEN="NO"/>
                <SOURCEFIELD NAME="QUARTER_ID" BUSINESSNAME="" DESCRIPTION="" DATATYPE="integer" KEYTYPE="NOT A KEY" PRECISION="10" SCALE="0" NULLABLE="NULL" USAGE_FLAGS="" LEVEL="0" FIELDTYPE="ELEMITEM" PICTURETEXT="" OCCURS="0" LENGTH="10" PHYSICALOFFSET="30" PHYSICALLENGTH="10" FIELDNUMBER="4" FIELDPROPERTY="0" HIDDEN="NO"/>
                <SOURCEFIELD NAME="YEAR_ID" BUSINESSNAME="" DESCRIPTION="" DATATYPE="integer" KEYTYPE="NOT A KEY" PRECISION="10" SCALE="0" NULLABLE="NULL" USAGE_FLAGS="" LEVEL="0" FIELDTYPE="ELEMITEM" PICTURETEXT="" OCCURS="0" LENGTH="10" PHYSICALOFFSET="40" PHYSICALLENGTH="10" FIELDNUMBER="5" FIELDPROPERTY="0" HIDDEN="NO"/>
                <SOURCEFIELD NAME="PREVIOUS_MONTH" BUSINESSNAME="" DESCRIPTION="" DATATYPE="integer" KEYTYPE="NOT A KEY" PRECISION="10" SCALE="0" NULLABLE="NULL" USAGE_FLAGS="" LEVEL="0" FIELDTYPE="ELEMITEM" PICTURETEXT="" OCCURS="0" LENGTH="10" PHYSICALOFFSET="50" PHYSICALLENGTH="10" FIELDNUMBER="6" FIELDPROPERTY="0" HIDDEN="NO"/>
                <SOURCEFIELD NAME="MONTH_PREVIOUS_YEAR" BUSINESSNAME="" DESCRIPTION="" DATATYPE="integer" KEYTYPE="NOT A KEY" PRECISION="10" SCALE="0" NULLABLE="NULL" USAGE_FLAGS="" LEVEL="0" FIELDTYPE="ELEMITEM" PICTURETEXT="" OCCURS="0" LENGTH="10" PHYSICALOFFSET="60" PHYSICALLENGTH="10" FIELDNUMBER="7" FIELDPROPERTY="0" HIDDEN="NO"/>
                <SOURCEFIELD NAME="MONTH_OF_THE_YEAR_ID" BUSINESSNAME="" DESCRIPTION="" DATATYPE="integer" KEYTYPE="NOT A KEY" PRECISION="10" SCALE="0" NULLABLE="NULL" USAGE_FLAGS="" LEVEL="0" FIELDTYPE="ELEMITEM" PICTURETEXT="" OCCURS="0" LENGTH="10" PHYSICALOFFSET="70" PHYSICALLENGTH="10" FIELDNUMBER="8" FIELDPROPERTY="0" HIDDEN="NO"/>
                <SOURCEFIELD NAME="RUN_ID" BUSINESSNAME="" DESCRIPTION="" DATATYPE="integer" KEYTYPE="NOT A KEY" PRECISION="10" SCALE="0" NULLABLE="NULL" USAGE_FLAGS="" LEVEL="0" FIELDTYPE="ELEMITEM" PICTURETEXT="" OCCURS="0" LENGTH="10" PHYSICALOFFSET="80" PHYSICALLENGTH="10" FIELDNUMBER="9" FIELDPROPERTY="0" HIDDEN="NO"/>
            </SOURCE>
            <TARGET NAME="TGT_EXP_MONTH_ID" OBJECTVERSION="1" DATABASETYPE="DB2" VERSIONNUMBER="1">
                <TARGETFIELD NAME="MONTH_ID" DATATYPE="integer" KEYTYPE="NOT A KEY" PRECISION="10" SCALE="0" FIELDNUMBER="1" NULLABLE="NULL"/>
            </TARGET>
            <MAPPING NAME="m_SQ_CSS01HF02T" DESCRIPTION="" OBJECTVERSION="1" ISVALID="YES" VERSIONNUMBER="1">
                <TRANSFORMATION NAME="SQ_SQ_CSS01HF02T" TYPE="Source Qualifier" OBJECTVERSION="1" REUSABLE="NO" VERSIONNUMBER="1">
                    <TRANSFORMFIELD NAME="MONTH_ID" DESCRIPTION="" DATATYPE="integer" PORTTYPE="INPUT/OUTPUT" PRECISION="10" SCALE="0" PICTURETEXT="" DEFAULTVALUE=""/>
                    <TRANSFORMFIELD NAME="MONTH_DESC" DESCRIPTION="" DATATYPE="string" PORTTYPE="INPUT/OUTPUT" PRECISION="50" SCALE="0" PICTURETEXT="" DEFAULTVALUE=""/>
                    <TRANSFORMFIELD NAME="MONTH_SHORT_DESC" DESCRIPTION="" DATATYPE="string" PORTTYPE="INPUT/OUTPUT" PRECISION="10" SCALE="0" PICTURETEXT="" DEFAULTVALUE=""/>
                    <TRANSFORMFIELD NAME="QUARTER_ID" DESCRIPTION="" DATATYPE="integer" PORTTYPE="INPUT/OUTPUT" PRECISION="10" SCALE="0" PICTURETEXT="" DEFAULTVALUE=""/>
                    <TRANSFORMFIELD NAME="YEAR_ID" DESCRIPTION="" DATATYPE="integer" PORTTYPE="INPUT/OUTPUT" PRECISION="10" SCALE="0" PICTURETEXT="" DEFAULTVALUE=""/>
                    <TRANSFORMFIELD NAME="PREVIOUS_MONTH" DESCRIPTION="" DATATYPE="integer" PORTTYPE="INPUT/OUTPUT" PRECISION="10" SCALE="0" PICTURETEXT="" DEFAULTVALUE=""/>
                    <TRANSFORMFIELD NAME="MONTH_PREVIOUS_YEAR" DESCRIPTION="" DATATYPE="integer" PORTTYPE="INPUT/OUTPUT" PRECISION="10" SCALE="0" PICTURETEXT="" DEFAULTVALUE=""/>
                    <TRANSFORMFIELD NAME="MONTH_OF_THE_YEAR_ID" DESCRIPTION="" DATATYPE="integer" PORTTYPE="INPUT/OUTPUT" PRECISION="10" SCALE="0" PICTURETEXT="" DEFAULTVALUE=""/>
                    <TRANSFORMFIELD NAME="RUN_ID" DESCRIPTION="" DATATYPE="integer" PORTTYPE="INPUT/OUTPUT" PRECISION="10" SCALE="0" PICTURETEXT="" DEFAULTVALUE=""/>
                    <TABLEATTRIBUTE NAME="SQL Query" VALUE=""/>
                    <TABLEATTRIBUTE NAME="User Defined Join" VALUE=""/>
                    <TABLEATTRIBUTE NAME="Source Filter" VALUE=""/>
                    <TABLEATTRIBUTE NAME="Number Of Sorted Ports" VALUE="0"/>
                    <TABLEATTRIBUTE NAME="Tracing Level" VALUE="Normal"/>
                    <TABLEATTRIBUTE NAME="Select Distinct" VALUE="NO"/>
                    <TABLEATTRIBUTE NAME="Is Partitionable" VALUE="NO"/>
                    <TABLEATTRIBUTE NAME="Pre SQL" VALUE=""/>
                    <TABLEATTRIBUTE NAME="Post SQL" VALUE=""/>
                    <TABLEATTRIBUTE NAME="Output is deterministic" VALUE="NO"/>
                    <TABLEATTRIBUTE NAME="Output is repeatable" VALUE="NEVER"/>
                </TRANSFORMATION>
                <TRANSFORMATION NAME="SQ_CSS01HF02T" DESCRIPTION="" TYPE="Source Qualifier" OBJECTVERSION="1" REUSABLE="NO" VERSIONNUMBER="1">
                    <TRANSFORMFIELD NAME="MONTH_ID" DESCRIPTION="" DATATYPE="integer" PORTTYPE="INPUT/OUTPUT" PRECISION="10" SCALE="0" PICTURETEXT="" DEFAULTVALUE=""/>
                    <TRANSFORMFIELD NAME="MONTH_DESC" DESCRIPTION="" DATATYPE="string" PORTTYPE="INPUT/OUTPUT" PRECISION="50" SCALE="0" PICTURETEXT="" DEFAULTVALUE=""/>
                    <TRANSFORMFIELD NAME="MONTH_SHORT_DESC" DESCRIPTION="" DATATYPE="string" PORTTYPE="INPUT/OUTPUT" PRECISION="10" SCALE="0" PICTURETEXT="" DEFAULTVALUE=""/>
                    <TRANSFORMFIELD NAME="QUARTER_ID" DESCRIPTION="" DATATYPE="integer" PORTTYPE="INPUT/OUTPUT" PRECISION="10" SCALE="0" PICTURETEXT="" DEFAULTVALUE=""/>
                    <TRANSFORMFIELD NAME="YEAR_ID" DESCRIPTION="" DATATYPE="integer" PORTTYPE="INPUT/OUTPUT" PRECISION="10" SCALE="0" PICTURETEXT="" DEFAULTVALUE=""/>
                    <TRANSFORMFIELD NAME="PREVIOUS_MONTH" DESCRIPTION="" DATATYPE="integer" PORTTYPE="INPUT/OUTPUT" PRECISION="10" SCALE="0" PICTURETEXT="" DEFAULTVALUE=""/>
                    <TRANSFORMFIELD NAME="MONTH_PREVIOUS_YEAR" DESCRIPTION="" DATATYPE="integer" PORTTYPE="INPUT/OUTPUT" PRECISION="10" SCALE="0" PICTURETEXT="" DEFAULTVALUE=""/>
                    <TRANSFORMFIELD NAME="MONTH_OF_THE_YEAR_ID" DESCRIPTION="" DATATYPE="integer" PORTTYPE="INPUT/OUTPUT" PRECISION="10" SCALE="0" PICTURETEXT="" DEFAULTVALUE=""/>
                    <TRANSFORMFIELD NAME="RUN_ID" DESCRIPTION="" DATATYPE="integer" PORTTYPE="INPUT/OUTPUT" PRECISION="10" SCALE="0" PICTURETEXT="" DEFAULTVALUE=""/>
                    <TABLEATTRIBUTE NAME="Sql Query" VALUE=""/>
                    <TABLEATTRIBUTE NAME="User Defined Join" VALUE=""/>
                    <TABLEATTRIBUTE NAME="Source Filter" VALUE=""/>
                    <TABLEATTRIBUTE NAME="Number Of Sorted Ports" VALUE="0"/>
                    <TABLEATTRIBUTE NAME="Tracing Level" VALUE="Normal"/>
                    <TABLEATTRIBUTE NAME="Select Distinct" VALUE="NO"/>
                    <TABLEATTRIBUTE NAME="Is Partitionable" VALUE="NO"/>
                    <TABLEATTRIBUTE NAME="Pre SQL" VALUE=""/>
                    <TABLEATTRIBUTE NAME="Post SQL" VALUE=""/>
                    <TABLEATTRIBUTE NAME="Output is deterministic" VALUE="NO"/>
                    <TABLEATTRIBUTE NAME="Output is repeatable" VALUE="Never"/>
                </TRANSFORMATION>
                <INSTANCE NAME="SQ_CSS01HF02T" TYPE="SOURCE" REUSABLE="NO" TRANSFORMATION_TYPE="Source Definition" TRANSFORMATION_NAME="SQ_CSS01HF02T" DBDNAME="DB2"/>
                <INSTANCE NAME="TGT_EXP_MONTH_ID" TYPE="TARGET" REUSABLE="NO" TRANSFORMATION_TYPE="Target Definition" TRANSFORMATION_NAME="TGT_EXP_MONTH_ID"/>
                <INSTANCE NAME="SQ_CSS01HF02T" TYPE="TRANSFORMATION" REUSABLE="NO" TRANSFORMATION_TYPE="Source Qualifier" TRANSFORMATION_NAME="SQ_CSS01HF02T"/>
                <INSTANCE NAME="SQ_SQ_CSS01HF02T" TYPE="TRANSFORMATION" REUSABLE="NO" TRANSFORMATION_TYPE="Source Qualifier" TRANSFORMATION_NAME="SQ_SQ_CSS01HF02T">
                    <ASSOCIATED_SOURCE_INSTANCE NAME="SQ_CSS01HF02T"/>
                </INSTANCE>
                <CONNECTOR FROMINSTANCE="SQ_CSS01HF02T" FROMINSTANCETYPE="Source Definition" FROMFIELD="MONTH_ID" TOINSTANCE="SQ_SQ_CSS01HF02T" TOINSTANCETYPE="Source Qualifier" TOFIELD="MONTH_ID"/>
                <CONNECTOR FROMINSTANCE="SQ_SQ_CSS01HF02T" FROMINSTANCETYPE="Source Qualifier" FROMFIELD="MONTH_ID" TOINSTANCE="SQ_CSS01HF02T" TOINSTANCETYPE="Source Qualifier" TOFIELD="MONTH_ID"/>
                <CONNECTOR FROMINSTANCE="SQ_CSS01HF02T" FROMINSTANCETYPE="Source Qualifier" FROMFIELD="MONTH_ID" TOINSTANCE="TGT_EXP_MONTH_ID" TOINSTANCETYPE="Target Definition" TOFIELD="MONTH_ID"/>
                <CONNECTOR FROMINSTANCE="SQ_CSS01HF02T" FROMINSTANCETYPE="Source Definition" FROMFIELD="MONTH_DESC" TOINSTANCE="SQ_SQ_CSS01HF02T" TOINSTANCETYPE="Source Qualifier" TOFIELD="MONTH_DESC"/>
                <CONNECTOR FROMINSTANCE="SQ_SQ_CSS01HF02T" FROMINSTANCETYPE="Source Qualifier" FROMFIELD="MONTH_DESC" TOINSTANCE="SQ_CSS01HF02T" TOINSTANCETYPE="Source Qualifier" TOFIELD="MONTH_DESC"/>
                <CONNECTOR FROMINSTANCE="SQ_CSS01HF02T" FROMINSTANCETYPE="Source Qualifier" FROMFIELD="MONTH_DESC" TOINSTANCE="TGT_EXP_MONTH_ID" TOINSTANCETYPE="Target Definition" TOFIELD="MONTH_DESC"/>
                <CONNECTOR FROMINSTANCE="SQ_CSS01HF02T" FROMINSTANCETYPE="Source Definition" FROMFIELD="MONTH_SHORT_DESC" TOINSTANCE="SQ_SQ_CSS01HF02T" TOINSTANCETYPE="Source Qualifier" TOFIELD="MONTH_SHORT_DESC"/>
                <CONNECTOR FROMINSTANCE="SQ_SQ_CSS01HF02T" FROMINSTANCETYPE="Source Qualifier" FROMFIELD="MONTH_SHORT_DESC" TOINSTANCE="SQ_CSS01HF02T" TOINSTANCETYPE="Source Qualifier" TOFIELD="MONTH_SHORT_DESC"/>
                <CONNECTOR FROMINSTANCE="SQ_CSS01HF02T" FROMINSTANCETYPE="Source Qualifier" FROMFIELD="MONTH_SHORT_DESC" TOINSTANCE="TGT_EXP_MONTH_ID" TOINSTANCETYPE="Target Definition" TOFIELD="MONTH_SHORT_DESC"/>
                <CONNECTOR FROMINSTANCE="SQ_CSS01HF02T" FROMINSTANCETYPE="Source Definition" FROMFIELD="QUARTER_ID" TOINSTANCE="SQ_SQ_CSS01HF02T" TOINSTANCETYPE="Source Qualifier" TOFIELD="QUARTER_ID"/>
                <CONNECTOR FROMINSTANCE="SQ_SQ_CSS01HF02T" FROMINSTANCETYPE="Source Qualifier" FROMFIELD="QUARTER_ID" TOINSTANCE="SQ_CSS01HF02T" TOINSTANCETYPE="Source Qualifier" TOFIELD="QUARTER_ID"/>
                <CONNECTOR FROMINSTANCE="SQ_CSS01HF02T" FROMINSTANCETYPE="Source Qualifier" FROMFIELD="QUARTER_ID" TOINSTANCE="TGT_EXP_MONTH_ID" TOINSTANCETYPE="Target Definition" TOFIELD="QUARTER_ID"/>
                <CONNECTOR FROMINSTANCE="SQ_CSS01HF02T" FROMINSTANCETYPE="Source Definition" FROMFIELD="YEAR_ID" TOINSTANCE="SQ_SQ_CSS01HF02T" TOINSTANCETYPE="Source Qualifier" TOFIELD="YEAR_ID"/>
                <CONNECTOR FROMINSTANCE="SQ_SQ_CSS01HF02T" FROMINSTANCETYPE="Source Qualifier" FROMFIELD="YEAR_ID" TOINSTANCE="SQ_CSS01HF02T" TOINSTANCETYPE="Source Qualifier" TOFIELD="YEAR_ID"/>
                <CONNECTOR FROMINSTANCE="SQ_CSS01HF02T" FROMINSTANCETYPE="Source Qualifier" FROMFIELD="YEAR_ID" TOINSTANCE="TGT_EXP_MONTH_ID" TOINSTANCETYPE="Target Definition" TOFIELD="YEAR_ID"/>
                <CONNECTOR FROMINSTANCE="SQ_CSS01HF02T" FROMINSTANCETYPE="Source Definition" FROMFIELD="PREVIOUS_MONTH" TOINSTANCE="SQ_SQ_CSS01HF02T" TOINSTANCETYPE="Source Qualifier" TOFIELD="PREVIOUS_MONTH"/>
                <CONNECTOR FROMINSTANCE="SQ_SQ_CSS01HF02T" FROMINSTANCETYPE="Source Qualifier" FROMFIELD="PREVIOUS_MONTH" TOINSTANCE="SQ_CSS01HF02T" TOINSTANCETYPE="Source Qualifier" TOFIELD="PREVIOUS_MONTH"/>
                <CONNECTOR FROMINSTANCE="SQ_CSS01HF02T" FROMINSTANCETYPE="Source Qualifier" FROMFIELD="PREVIOUS_MONTH" TOINSTANCE="TGT_EXP_MONTH_ID" TOINSTANCETYPE="Target Definition" TOFIELD="PREVIOUS_MONTH"/>
                <CONNECTOR FROMINSTANCE="SQ_CSS01HF02T" FROMINSTANCETYPE="Source Definition" FROMFIELD="MONTH_PREVIOUS_YEAR" TOINSTANCE="SQ_SQ_CSS01HF02T" TOINSTANCETYPE="Source Qualifier" TOFIELD="MONTH_PREVIOUS_YEAR"/>
                <CONNECTOR FROMINSTANCE="SQ_SQ_CSS01HF02T" FROMINSTANCETYPE="Source Qualifier" FROMFIELD="MONTH_PREVIOUS_YEAR" TOINSTANCE="SQ_CSS01HF02T" TOINSTANCETYPE="Source Qualifier" TOFIELD="MONTH_PREVIOUS_YEAR"/>
                <CONNECTOR FROMINSTANCE="SQ_CSS01HF02T" FROMINSTANCETYPE="Source Qualifier" FROMFIELD="MONTH_PREVIOUS_YEAR" TOINSTANCE="TGT_EXP_MONTH_ID" TOINSTANCETYPE="Target Definition" TOFIELD="MONTH_PREVIOUS_YEAR"/>
                <CONNECTOR FROMINSTANCE="SQ_CSS01HF02T" FROMINSTANCETYPE="Source Definition" FROMFIELD="MONTH_OF_THE_YEAR_ID" TOINSTANCE="SQ_SQ_CSS01HF02T" TOINSTANCETYPE="Source Qualifier" TOFIELD="MONTH_OF_THE_YEAR_ID"/>
                <CONNECTOR FROMINSTANCE="SQ_SQ_CSS01HF02T" FROMINSTANCETYPE="Source Qualifier" FROMFIELD="MONTH_OF_THE_YEAR_ID" TOINSTANCE="SQ_CSS01HF02T" TOINSTANCETYPE="Source Qualifier" TOFIELD="MONTH_OF_THE_YEAR_ID"/>
                <CONNECTOR FROMINSTANCE="SQ_CSS01HF02T" FROMINSTANCETYPE="Source Qualifier" FROMFIELD="MONTH_OF_THE_YEAR_ID" TOINSTANCE="TGT_EXP_MONTH_ID" TOINSTANCETYPE="Target Definition" TOFIELD="MONTH_OF_THE_YEAR_ID"/>
                <CONNECTOR FROMINSTANCE="SQ_CSS01HF02T" FROMINSTANCETYPE="Source Definition" FROMFIELD="RUN_ID" TOINSTANCE="SQ_SQ_CSS01HF02T" TOINSTANCETYPE="Source Qualifier" TOFIELD="RUN_ID"/>
                <CONNECTOR FROMINSTANCE="SQ_SQ_CSS01HF02T" FROMINSTANCETYPE="Source Qualifier" FROMFIELD="RUN_ID" TOINSTANCE="SQ_CSS01HF02T" TOINSTANCETYPE="Source Qualifier" TOFIELD="RUN_ID"/>
                <CONNECTOR FROMINSTANCE="SQ_CSS01HF02T" FROMINSTANCETYPE="Source Qualifier" FROMFIELD="RUN_ID" TOINSTANCE="TGT_EXP_MONTH_ID" TOINSTANCETYPE="Target Definition" TOFIELD="RUN_ID"/>
                <TARGETLOADORDER TARGETINSTANCE="TGT_EXP_MONTH_ID" ORDER="1"/>
            </MAPPING>
        </FOLDER>
    </REPOSITORY>
</POWERMART>
