<?xml version="1.0" encoding="ISO-8859-1" standalone="yes"?>
<!DOCTYPE POWERMART SYSTEM "powrmart.dtd">
<POWERMART CREATION_DATE="30-11-2016" REPOSITORY_VERSION="1">
    <REPOSITORY NAME="NEWREP" DATABASETYPE="DB2" CODEPAGE="Latin1" VERSION="1">
        <FOLDER NAME="TGT_UN_QUARTER12_folder" DESCRIPTION="" SHARED="NOTSHARED" OWNER="EVERIS" GROUP="" PERMISSIONS="rwx---r--" UUID="">
            <SOURCE NAME="TGT_UN_QUARTER12" DBDNAME="DB2" BUSINESSNAME="" DESCRIPTION="" OBJECTVERSION="1" OWNERNAME="OWNERNAME" DATABASETYPE="DB2" VERSIONNUMBER="1">
                <SOURCEFIELD NAME="BASE_QUARTER_ACCUM_ID" BUSINESSNAME="" DESCRIPTION="" DATATYPE="integer" KEYTYPE="NOT A KEY" PRECISION="10" SCALE="0" NULLABLE="NULL" USAGE_FLAGS="" LEVEL="" FIELDTYPE="ELEMITEM" PICTURETEXT="" OCCURS="0" LENGTH="10" PHYSICALOFFSET="0" PHYSICALLENGTH="10" FIELDNUMBER="1" FIELDPROPERTY="0" HIDDEN="NO"/>
                <SOURCEFIELD NAME="QUARTER_ACCUM_ID" BUSINESSNAME="" DESCRIPTION="" DATATYPE="smallint" KEYTYPE="NOT A KEY" PRECISION="5" SCALE="0" NULLABLE="NULL" USAGE_FLAGS="" LEVEL="" FIELDTYPE="ELEMITEM" PICTURETEXT="" OCCURS="0" LENGTH="5" PHYSICALOFFSET="10" PHYSICALLENGTH="5" FIELDNUMBER="2" FIELDPROPERTY="0" HIDDEN="NO"/>
                <SOURCEFIELD NAME="QUARTER_ID" BUSINESSNAME="" DESCRIPTION="" DATATYPE="integer" KEYTYPE="NOT A KEY" PRECISION="10" SCALE="0" NULLABLE="NULL" USAGE_FLAGS="" LEVEL="" FIELDTYPE="ELEMITEM" PICTURETEXT="" OCCURS="0" LENGTH="10" PHYSICALOFFSET="15" PHYSICALLENGTH="10" FIELDNUMBER="3" FIELDPROPERTY="0" HIDDEN="NO"/>
            </SOURCE>
            <TARGET NAME="TGT_UN_QUARTER12" BUSINESSNAME="" DESCRIPTION="" OBJECTVERSION="1" CONSTRAINT="" TABLEOPTIONS="" DATABASETYPE="DB2" VERSIONNUMBER="1">
                <TARGETFIELD NAME="BASE_QUARTER_ACCUM_ID" BUSINESSNAME="" DESCRIPTION="" DATATYPE="integer" KEYTYPE="NOT A KEY" PRECISION="10" SCALE="0" FIELDNUMBER="1" NULLABLE="NULL" PICTURETEXT=""/>
                <TARGETFIELD NAME="QUARTER_ACCUM_ID" BUSINESSNAME="" DESCRIPTION="" DATATYPE="smallint" KEYTYPE="NOT A KEY" PRECISION="5" SCALE="0" FIELDNUMBER="2" NULLABLE="NULL" PICTURETEXT=""/>
                <TARGETFIELD NAME="QUARTER_ID" BUSINESSNAME="" DESCRIPTION="" DATATYPE="integer" KEYTYPE="NOT A KEY" PRECISION="10" SCALE="0" FIELDNUMBER="3" NULLABLE="NULL" PICTURETEXT=""/>
            </TARGET>
            <MAPPING NAME="m_TGT_UN_QUARTER12" DESCRIPTION="" OBJECTVERSION="1" ISVALID="YES" VERSIONNUMBER="1">
                <TRANSFORMATION NAME="SQ_TGT_UN_QUARTER12" TYPE="Source Qualifier" OBJECTVERSION="1" REUSABLE="NO" VERSIONNUMBER="1">
                    <TRANSFORMFIELD NAME="BASE_QUARTER_ACCUM_ID" DATATYPE="integer" PORTTYPE="INPUT/OUTPUT" PRECISION="10" SCALE="0"/>
                    <TRANSFORMFIELD NAME="QUARTER_ACCUM_ID" DATATYPE="smallint" PORTTYPE="INPUT/OUTPUT" PRECISION="5" SCALE="0"/>
                    <TRANSFORMFIELD NAME="QUARTER_ID" DATATYPE="integer" PORTTYPE="INPUT/OUTPUT" PRECISION="10" SCALE="0"/>
                    <TABLEATTRIBUTE NAME="SQL Query" VALUE=""/>
                    <TABLEATTRIBUTE NAME="User Defined Join" VALUE=""/>
                    <TABLEATTRIBUTE NAME="Source Filter" VALUE=""/>
                    <TABLEATTRIBUTE NAME="Number Of Sorted Ports" VALUE="0"/>
                    <TABLEATTRIBUTE NAME="Tracing Level" VALUE="Normal"/>
                    <TABLEATTRIBUTE NAME="Select Distinct" VALUE="NO"/>
                    <TABLEATTRIBUTE NAME="Is Partitionable" VALUE="NO"/>
                    <TABLEATTRIBUTE NAME="Pre SQL" VALUE=""/>
                    <TABLEATTRIBUTE NAME="Post SQL" VALUE=""/>
                    <TABLEATTRIBUTE NAME="Output is deterministic" VALUE="NO"/>
                    <TABLEATTRIBUTE NAME="Output is repeatable" VALUE="NEVER"/>
                </TRANSFORMATION>
                <INSTANCE NAME="TGT_UN_QUARTER12" TYPE="SOURCE" REUSABLE="NO" TRANSFORMATION_TYPE="Source Definition" TRANSFORMATION_NAME="TGT_UN_QUARTER12" DBDNAME="DB2"/>
                <INSTANCE NAME="TGT_UN_QUARTER12" TYPE="TARGET" REUSABLE="NO" TRANSFORMATION_TYPE="Target Definition" TRANSFORMATION_NAME="TGT_UN_QUARTER12"/>
                <INSTANCE NAME="SQ_TGT_UN_QUARTER12" TYPE="TRANSFORMATION" REUSABLE="NO" TRANSFORMATION_TYPE="Source Qualifier" TRANSFORMATION_NAME="SQ_TGT_UN_QUARTER12">
                    <ASSOCIATED_SOURCE_INSTANCE NAME="TGT_UN_QUARTER12"/>
                </INSTANCE>
                <CONNECTOR FROMINSTANCE="TGT_UN_QUARTER12" FROMINSTANCETYPE="Source Definition" FROMFIELD="BASE_QUARTER_ACCUM_ID" TOINSTANCE="SQ_TGT_UN_QUARTER12" TOINSTANCETYPE="Source Qualifier" TOFIELD="BASE_QUARTER_ACCUM_ID"/>
                <CONNECTOR FROMINSTANCE="SQ_TGT_UN_QUARTER12" FROMINSTANCETYPE="Source Qualifier" FROMFIELD="BASE_QUARTER_ACCUM_ID" TOINSTANCE="TGT_UN_QUARTER12" TOINSTANCETYPE="Target Definition" TOFIELD="BASE_QUARTER_ACCUM_ID"/>
                <CONNECTOR FROMINSTANCE="TGT_UN_QUARTER12" FROMINSTANCETYPE="Source Definition" FROMFIELD="QUARTER_ACCUM_ID" TOINSTANCE="SQ_TGT_UN_QUARTER12" TOINSTANCETYPE="Source Qualifier" TOFIELD="QUARTER_ACCUM_ID"/>
                <CONNECTOR FROMINSTANCE="SQ_TGT_UN_QUARTER12" FROMINSTANCETYPE="Source Qualifier" FROMFIELD="QUARTER_ACCUM_ID" TOINSTANCE="TGT_UN_QUARTER12" TOINSTANCETYPE="Target Definition" TOFIELD="QUARTER_ACCUM_ID"/>
                <CONNECTOR FROMINSTANCE="TGT_UN_QUARTER12" FROMINSTANCETYPE="Source Definition" FROMFIELD="QUARTER_ID" TOINSTANCE="SQ_TGT_UN_QUARTER12" TOINSTANCETYPE="Source Qualifier" TOFIELD="QUARTER_ID"/>
                <CONNECTOR FROMINSTANCE="SQ_TGT_UN_QUARTER12" FROMINSTANCETYPE="Source Qualifier" FROMFIELD="QUARTER_ID" TOINSTANCE="TGT_UN_QUARTER12" TOINSTANCETYPE="Target Definition" TOFIELD="QUARTER_ID"/>
                <TARGETLOADORDER TARGETINSTANCE="TGT_UN_QUARTER12" ORDER="1"/>
            </MAPPING>
        </FOLDER>
    </REPOSITORY>
</POWERMART>
