<?xml version="1.0" encoding="ISO-8859-1" standalone="yes"?>
<!DOCTYPE POWERMART SYSTEM "powrmart.dtd">
<POWERMART CREATION_DATE="30-11-2016" REPOSITORY_VERSION="1">
    <REPOSITORY NAME="NEWREP" DATABASETYPE="DB2" CODEPAGE="Latin1" VERSION="1">
        <FOLDER NAME="UN_YEAR_folder" DESCRIPTION="" SHARED="NOTSHARED" OWNER="EVERIS" GROUP="" PERMISSIONS="rwx---r--" UUID="">
            <SOURCE NAME="" DBDNAME="DB2" BUSINESSNAME="" DESCRIPTION="" OBJECTVERSION="1" OWNERNAME="OWNERNAME" DATABASETYPE="DB2" VERSIONNUMBER="1">
                <SOURCEFIELD NAME="BASE_YEAR_ACCUM_ID" BUSINESSNAME="" DESCRIPTION="" DATATYPE="integer" KEYTYPE="NOT A KEY" PRECISION="10" SCALE="0" NULLABLE="NULL" USAGE_FLAGS="" LEVEL="" FIELDTYPE="ELEMITEM" PICTURETEXT="" OCCURS="0" LENGTH="10" PHYSICALOFFSET="0" PHYSICALLENGTH="10" FIELDNUMBER="1" FIELDPROPERTY="0" HIDDEN="NO"/>
                <SOURCEFIELD NAME="YEAR_ACCUM_ID" BUSINESSNAME="" DESCRIPTION="" DATATYPE="smallint" KEYTYPE="NOT A KEY" PRECISION="5" SCALE="0" NULLABLE="NULL" USAGE_FLAGS="" LEVEL="" FIELDTYPE="ELEMITEM" PICTURETEXT="" OCCURS="0" LENGTH="5" PHYSICALOFFSET="10" PHYSICALLENGTH="5" FIELDNUMBER="2" FIELDPROPERTY="0" HIDDEN="NO"/>
                <SOURCEFIELD NAME="YEAR_ID" BUSINESSNAME="" DESCRIPTION="" DATATYPE="integer" KEYTYPE="NOT A KEY" PRECISION="10" SCALE="0" NULLABLE="NULL" USAGE_FLAGS="" LEVEL="" FIELDTYPE="ELEMITEM" PICTURETEXT="" OCCURS="0" LENGTH="10" PHYSICALOFFSET="15" PHYSICALLENGTH="10" FIELDNUMBER="3" FIELDPROPERTY="0" HIDDEN="NO"/>
            </SOURCE>
            <TARGET NAME="CSS01LF07T" BUSINESSNAME="" DESCRIPTION="" OBJECTVERSION="1" CONSTRAINT="" TABLEOPTIONS="" DATABASETYPE="DB2" VERSIONNUMBER="1">
                <TARGETFIELD NAME="BASE_YEAR_ACCUM_ID" BUSINESSNAME="" DESCRIPTION="" DATATYPE="integer" KEYTYPE="NOT A KEY" PRECISION="10" SCALE="0" FIELDNUMBER="1" NULLABLE="NULL" PICTURETEXT=""/>
                <TARGETFIELD NAME="YEAR_ACCUM_ID" BUSINESSNAME="" DESCRIPTION="" DATATYPE="smallint" KEYTYPE="NOT A KEY" PRECISION="5" SCALE="0" FIELDNUMBER="2" NULLABLE="NULL" PICTURETEXT=""/>
                <TARGETFIELD NAME="YEAR_ID" BUSINESSNAME="" DESCRIPTION="" DATATYPE="integer" KEYTYPE="NOT A KEY" PRECISION="10" SCALE="0" FIELDNUMBER="3" NULLABLE="NULL" PICTURETEXT=""/>
            </TARGET>
            <MAPPING NAME="m_UN_YEAR" DESCRIPTION="" OBJECTVERSION="1" ISVALID="YES" VERSIONNUMBER="1">
                <TRANSFORMATION NAME="SQ_UN_YEAR" TYPE="Source Qualifier" OBJECTVERSION="1" REUSABLE="NO" VERSIONNUMBER="1">
                    <TRANSFORMFIELD NAME="BASE_YEAR_ACCUM_ID2" DESCRIPTION="" DATATYPE="integer" PORTTYPE="INPUT/OUTPUT" PRECISION="10" SCALE="0" PICTURETEXT="" DEFAULTVALUE="" GROUP="CURRENT" OUTPUTGROUP="CURRENT"/>
                    <TRANSFORMFIELD NAME="YEAR_ACCUM_ID2" DESCRIPTION="" DATATYPE="small integer" PORTTYPE="INPUT/OUTPUT" PRECISION="5" SCALE="0" PICTURETEXT="" DEFAULTVALUE="" GROUP="CURRENT" OUTPUTGROUP="CURRENT"/>
                    <TRANSFORMFIELD NAME="YEAR_ID2" DESCRIPTION="" DATATYPE="integer" PORTTYPE="INPUT/OUTPUT" PRECISION="10" SCALE="0" PICTURETEXT="" DEFAULTVALUE="" GROUP="CURRENT" OUTPUTGROUP="CURRENT"/>
                    <TRANSFORMFIELD NAME="BASE_YEAR_ACCUM_ID3" DESCRIPTION="" DATATYPE="integer" PORTTYPE="INPUT/OUTPUT" PRECISION="10" SCALE="0" PICTURETEXT="" DEFAULTVALUE="" GROUP="PREV" OUTPUTGROUP="PREV"/>
                    <TRANSFORMFIELD NAME="YEAR_ACCUM_ID3" DESCRIPTION="" DATATYPE="small integer" PORTTYPE="INPUT/OUTPUT" PRECISION="5" SCALE="0" PICTURETEXT="" DEFAULTVALUE="" GROUP="PREV" OUTPUTGROUP="PREV"/>
                    <TRANSFORMFIELD NAME="YEAR_ID3" DESCRIPTION="" DATATYPE="integer" PORTTYPE="INPUT/OUTPUT" PRECISION="10" SCALE="0" PICTURETEXT="" DEFAULTVALUE="" GROUP="PREV" OUTPUTGROUP="PREV"/>
                    <TRANSFORMFIELD NAME="BASE_YEAR_ACCUM_ID4" DESCRIPTION="" DATATYPE="integer" PORTTYPE="INPUT/OUTPUT" PRECISION="10" SCALE="0" PICTURETEXT="" DEFAULTVALUE="" GROUP="LAST3a" OUTPUTGROUP="LAST3a"/>
                    <TRANSFORMFIELD NAME="YEAR_ACCUM_ID4" DESCRIPTION="" DATATYPE="small integer" PORTTYPE="INPUT/OUTPUT" PRECISION="5" SCALE="0" PICTURETEXT="" DEFAULTVALUE="" GROUP="LAST3a" OUTPUTGROUP="LAST3a"/>
                    <TRANSFORMFIELD NAME="YEAR_ID4" DESCRIPTION="" DATATYPE="integer" PORTTYPE="INPUT/OUTPUT" PRECISION="10" SCALE="0" PICTURETEXT="" DEFAULTVALUE="" GROUP="LAST3a" OUTPUTGROUP="LAST3a"/>
                    <TRANSFORMFIELD NAME="BASE_YEAR_ACCUM_ID5" DESCRIPTION="" DATATYPE="integer" PORTTYPE="INPUT/OUTPUT" PRECISION="10" SCALE="0" PICTURETEXT="" DEFAULTVALUE="" GROUP="LAST3b" OUTPUTGROUP="LAST3b"/>
                    <TRANSFORMFIELD NAME="YEAR_ACCUM_ID5" DESCRIPTION="" DATATYPE="small integer" PORTTYPE="INPUT/OUTPUT" PRECISION="5" SCALE="0" PICTURETEXT="" DEFAULTVALUE="" GROUP="LAST3b" OUTPUTGROUP="LAST3b"/>
                    <TRANSFORMFIELD NAME="YEAR_ID5" DESCRIPTION="" DATATYPE="integer" PORTTYPE="INPUT/OUTPUT" PRECISION="10" SCALE="0" PICTURETEXT="" DEFAULTVALUE="" GROUP="LAST3b" OUTPUTGROUP="LAST3b"/>
                    <TRANSFORMFIELD NAME="BASE_YEAR_ACCUM_ID6" DESCRIPTION="" DATATYPE="integer" PORTTYPE="INPUT/OUTPUT" PRECISION="10" SCALE="0" PICTURETEXT="" DEFAULTVALUE="" GROUP="LAST3c" OUTPUTGROUP="LAST3c"/>
                    <TRANSFORMFIELD NAME="YEAR_ACCUM_ID6" DESCRIPTION="" DATATYPE="small integer" PORTTYPE="INPUT/OUTPUT" PRECISION="5" SCALE="0" PICTURETEXT="" DEFAULTVALUE="" GROUP="LAST3c" OUTPUTGROUP="LAST3c"/>
                    <TRANSFORMFIELD NAME="YEAR_ID6" DESCRIPTION="" DATATYPE="integer" PORTTYPE="INPUT/OUTPUT" PRECISION="10" SCALE="0" PICTURETEXT="" DEFAULTVALUE="" GROUP="LAST3c" OUTPUTGROUP="LAST3c"/>
                    <TABLEATTRIBUTE NAME="SQL Query" VALUE=""/>
                    <TABLEATTRIBUTE NAME="User Defined Join" VALUE=""/>
                    <TABLEATTRIBUTE NAME="Source Filter" VALUE=""/>
                    <TABLEATTRIBUTE NAME="Number Of Sorted Ports" VALUE="0"/>
                    <TABLEATTRIBUTE NAME="Tracing Level" VALUE="Normal"/>
                    <TABLEATTRIBUTE NAME="Select Distinct" VALUE="NO"/>
                    <TABLEATTRIBUTE NAME="Is Partitionable" VALUE="NO"/>
                    <TABLEATTRIBUTE NAME="Pre SQL" VALUE=""/>
                    <TABLEATTRIBUTE NAME="Post SQL" VALUE=""/>
                    <TABLEATTRIBUTE NAME="Output is deterministic" VALUE="NO"/>
                    <TABLEATTRIBUTE NAME="Output is repeatable" VALUE="NEVER"/>
                </TRANSFORMATION>
                <TRANSFORMATION NAME="UN_YEAR" DESCRIPTION="" TYPE="Custom Transformation" OBJECTVERSION="1" REUSABLE="NO" TEMPLATEID="303001" TEMPLATENAME="Union Transformation" VERSIONNUMBER="1" COMPONENTVERSION="1000000">
                    <GROUP NAME="OUTPUT" DESCRIPTION="" ORDER="1" TYPE="OUTPUT"/>
                    <GROUP NAME="CURRENT" DESCRIPTION="" ORDER="2" TYPE="INPUT"/>
                    <GROUP NAME="PREV" DESCRIPTION="" ORDER="3" TYPE="INPUT"/>
                    <GROUP NAME="LAST3a" DESCRIPTION="" ORDER="4" TYPE="INPUT"/>
                    <GROUP NAME="LAST3b" DESCRIPTION="" ORDER="5" TYPE="INPUT"/>
                    <GROUP NAME="LAST3c" DESCRIPTION="" ORDER="6" TYPE="INPUT"/>
                    <TRANSFORMFIELD NAME="BASE_YEAR_ACCUM_ID" DESCRIPTION="" DATATYPE="integer" PORTTYPE="OUTPUT" PRECISION="10" SCALE="0" PICTURETEXT="" DEFAULTVALUE="" GROUP="OUTPUT" OUTPUTGROUP="OUTPUT"/>
                    <TRANSFORMFIELD NAME="YEAR_ACCUM_ID" DESCRIPTION="" DATATYPE="small integer" PORTTYPE="OUTPUT" PRECISION="5" SCALE="0" PICTURETEXT="" DEFAULTVALUE="" GROUP="OUTPUT" OUTPUTGROUP="OUTPUT"/>
                    <TRANSFORMFIELD NAME="YEAR_ID" DESCRIPTION="" DATATYPE="integer" PORTTYPE="OUTPUT" PRECISION="10" SCALE="0" PICTURETEXT="" DEFAULTVALUE="" GROUP="OUTPUT" OUTPUTGROUP="OUTPUT"/>
                    <TRANSFORMFIELD NAME="BASE_YEAR_ACCUM_ID2" DESCRIPTION="" DATATYPE="integer" PORTTYPE="INPUT" PRECISION="10" SCALE="0" PICTURETEXT="" DEFAULTVALUE="" GROUP="CURRENT" OUTPUTGROUP="CURRENT"/>
                    <TRANSFORMFIELD NAME="YEAR_ACCUM_ID2" DESCRIPTION="" DATATYPE="small integer" PORTTYPE="INPUT" PRECISION="5" SCALE="0" PICTURETEXT="" DEFAULTVALUE="" GROUP="CURRENT" OUTPUTGROUP="CURRENT"/>
                    <TRANSFORMFIELD NAME="YEAR_ID2" DESCRIPTION="" DATATYPE="integer" PORTTYPE="INPUT" PRECISION="10" SCALE="0" PICTURETEXT="" DEFAULTVALUE="" GROUP="CURRENT" OUTPUTGROUP="CURRENT"/>
                    <TRANSFORMFIELD NAME="BASE_YEAR_ACCUM_ID3" DESCRIPTION="" DATATYPE="integer" PORTTYPE="INPUT" PRECISION="10" SCALE="0" PICTURETEXT="" DEFAULTVALUE="" GROUP="PREV" OUTPUTGROUP="PREV"/>
                    <TRANSFORMFIELD NAME="YEAR_ACCUM_ID3" DESCRIPTION="" DATATYPE="small integer" PORTTYPE="INPUT" PRECISION="5" SCALE="0" PICTURETEXT="" DEFAULTVALUE="" GROUP="PREV" OUTPUTGROUP="PREV"/>
                    <TRANSFORMFIELD NAME="YEAR_ID3" DESCRIPTION="" DATATYPE="integer" PORTTYPE="INPUT" PRECISION="10" SCALE="0" PICTURETEXT="" DEFAULTVALUE="" GROUP="PREV" OUTPUTGROUP="PREV"/>
                    <TRANSFORMFIELD NAME="BASE_YEAR_ACCUM_ID4" DESCRIPTION="" DATATYPE="integer" PORTTYPE="INPUT" PRECISION="10" SCALE="0" PICTURETEXT="" DEFAULTVALUE="" GROUP="LAST3a" OUTPUTGROUP="LAST3a"/>
                    <TRANSFORMFIELD NAME="YEAR_ACCUM_ID4" DESCRIPTION="" DATATYPE="small integer" PORTTYPE="INPUT" PRECISION="5" SCALE="0" PICTURETEXT="" DEFAULTVALUE="" GROUP="LAST3a" OUTPUTGROUP="LAST3a"/>
                    <TRANSFORMFIELD NAME="YEAR_ID4" DESCRIPTION="" DATATYPE="integer" PORTTYPE="INPUT" PRECISION="10" SCALE="0" PICTURETEXT="" DEFAULTVALUE="" GROUP="LAST3a" OUTPUTGROUP="LAST3a"/>
                    <TRANSFORMFIELD NAME="BASE_YEAR_ACCUM_ID5" DESCRIPTION="" DATATYPE="integer" PORTTYPE="INPUT" PRECISION="10" SCALE="0" PICTURETEXT="" DEFAULTVALUE="" GROUP="LAST3b" OUTPUTGROUP="LAST3b"/>
                    <TRANSFORMFIELD NAME="YEAR_ACCUM_ID5" DESCRIPTION="" DATATYPE="small integer" PORTTYPE="INPUT" PRECISION="5" SCALE="0" PICTURETEXT="" DEFAULTVALUE="" GROUP="LAST3b" OUTPUTGROUP="LAST3b"/>
                    <TRANSFORMFIELD NAME="YEAR_ID5" DESCRIPTION="" DATATYPE="integer" PORTTYPE="INPUT" PRECISION="10" SCALE="0" PICTURETEXT="" DEFAULTVALUE="" GROUP="LAST3b" OUTPUTGROUP="LAST3b"/>
                    <TRANSFORMFIELD NAME="BASE_YEAR_ACCUM_ID6" DESCRIPTION="" DATATYPE="integer" PORTTYPE="INPUT" PRECISION="10" SCALE="0" PICTURETEXT="" DEFAULTVALUE="" GROUP="LAST3c" OUTPUTGROUP="LAST3c"/>
                    <TRANSFORMFIELD NAME="YEAR_ACCUM_ID6" DESCRIPTION="" DATATYPE="small integer" PORTTYPE="INPUT" PRECISION="5" SCALE="0" PICTURETEXT="" DEFAULTVALUE="" GROUP="LAST3c" OUTPUTGROUP="LAST3c"/>
                    <TRANSFORMFIELD NAME="YEAR_ID6" DESCRIPTION="" DATATYPE="integer" PORTTYPE="INPUT" PRECISION="10" SCALE="0" PICTURETEXT="" DEFAULTVALUE="" GROUP="LAST3c" OUTPUTGROUP="LAST3c"/>
                    <TABLEATTRIBUTE NAME="Language" VALUE="C"/>
                    <TABLEATTRIBUTE NAME="Module Identifier" VALUE="pmuniontrans"/>
                    <TABLEATTRIBUTE NAME="Class Name" VALUE=""/>
                    <TABLEATTRIBUTE NAME="Function Identifier" VALUE="pmunionfunc"/>
                    <TABLEATTRIBUTE NAME="Runtime Location" VALUE=""/>
                    <TABLEATTRIBUTE NAME="Tracing Level" VALUE="Normal"/>
                    <TABLEATTRIBUTE NAME="Is Partitionable" VALUE="Across Grid"/>
                    <TABLEATTRIBUTE NAME="Inputs Must Block" VALUE="NO"/>
                    <TABLEATTRIBUTE NAME="Is Active" VALUE="YES"/>
                    <TABLEATTRIBUTE NAME="Update Strategy Transformation" VALUE="NO"/>
                    <TABLEATTRIBUTE NAME="Transformation Scope" VALUE="Row"/>
                    <TABLEATTRIBUTE NAME="Generate Transaction" VALUE="NO"/>
                    <TABLEATTRIBUTE NAME="Output Is Repeatable" VALUE="Never"/>
                    <TABLEATTRIBUTE NAME="Requires Single Thread Per Partition" VALUE="NO"/>
                    <TABLEATTRIBUTE NAME="Output Is Deterministic" VALUE="YES"/>
                    <TABLEATTRIBUTE NAME="Preserves Data Set Boundary" VALUE="No"/>
                    <INITPROP NAME="Programmatic Identifier for Class Factory" VALUE="" DESCRIPTION="" USERDEFINED="NO"/>
                    <INITPROP NAME="Constructor" VALUE="" DESCRIPTION="" USERDEFINED="NO"/>
                    <FIELDDEPENDENCY INPUTFIELD="BASE_YEAR_ACCUM_ID2" OUTPUTFIELD="BASE_YEAR_ACCUM_ID"/>
                    <FIELDDEPENDENCY INPUTFIELD="BASE_YEAR_ACCUM_ID3" OUTPUTFIELD="BASE_YEAR_ACCUM_ID"/>
                    <FIELDDEPENDENCY INPUTFIELD="BASE_YEAR_ACCUM_ID4" OUTPUTFIELD="BASE_YEAR_ACCUM_ID"/>
                    <FIELDDEPENDENCY INPUTFIELD="BASE_YEAR_ACCUM_ID5" OUTPUTFIELD="BASE_YEAR_ACCUM_ID"/>
                    <FIELDDEPENDENCY INPUTFIELD="BASE_YEAR_ACCUM_ID6" OUTPUTFIELD="BASE_YEAR_ACCUM_ID"/>
                    <FIELDDEPENDENCY INPUTFIELD="YEAR_ACCUM_ID2" OUTPUTFIELD="YEAR_ACCUM_ID"/>
                    <FIELDDEPENDENCY INPUTFIELD="YEAR_ACCUM_ID3" OUTPUTFIELD="YEAR_ACCUM_ID"/>
                    <FIELDDEPENDENCY INPUTFIELD="YEAR_ACCUM_ID4" OUTPUTFIELD="YEAR_ACCUM_ID"/>
                    <FIELDDEPENDENCY INPUTFIELD="YEAR_ACCUM_ID5" OUTPUTFIELD="YEAR_ACCUM_ID"/>
                    <FIELDDEPENDENCY INPUTFIELD="YEAR_ACCUM_ID6" OUTPUTFIELD="YEAR_ACCUM_ID"/>
                    <FIELDDEPENDENCY INPUTFIELD="YEAR_ID2" OUTPUTFIELD="YEAR_ID"/>
                    <FIELDDEPENDENCY INPUTFIELD="YEAR_ID3" OUTPUTFIELD="YEAR_ID"/>
                    <FIELDDEPENDENCY INPUTFIELD="YEAR_ID4" OUTPUTFIELD="YEAR_ID"/>
                    <FIELDDEPENDENCY INPUTFIELD="YEAR_ID5" OUTPUTFIELD="YEAR_ID"/>
                    <FIELDDEPENDENCY INPUTFIELD="YEAR_ID6" OUTPUTFIELD="YEAR_ID"/>
                </TRANSFORMATION>
                <INSTANCE NAME="" TYPE="SOURCE" REUSABLE="NO" TRANSFORMATION_TYPE="Source Definition" TRANSFORMATION_NAME="" DBDNAME="DB2"/>
                <INSTANCE NAME="CSS01LF07T" TYPE="TARGET" REUSABLE="NO" TRANSFORMATION_TYPE="Target Definition" TRANSFORMATION_NAME="CSS01LF07T"/>
                <INSTANCE NAME="UN_YEAR" TYPE="TRANSFORMATION" REUSABLE="NO" TRANSFORMATION_TYPE="Custom Transformation" TRANSFORMATION_NAME="UN_YEAR"/>
                <INSTANCE NAME="SQ_UN_YEAR" TYPE="TRANSFORMATION" REUSABLE="NO" TRANSFORMATION_TYPE="Source Qualifier" TRANSFORMATION_NAME="SQ_UN_YEAR">
                    <ASSOCIATED_SOURCE_INSTANCE NAME=""/>
                </INSTANCE>
                <CONNECTOR FROMINSTANCE="UN_YEAR" FROMINSTANCETYPE="Custom Transformation" FROMFIELD="BASE_YEAR_ACCUM_ID" TOINSTANCE="CSS01LF07T" TOINSTANCETYPE="Target Definition" TOFIELD="BASE_YEAR_ACCUM_ID"/>
                <CONNECTOR FROMINSTANCE="UN_YEAR" FROMINSTANCETYPE="Custom Transformation" FROMFIELD="YEAR_ACCUM_ID" TOINSTANCE="CSS01LF07T" TOINSTANCETYPE="Target Definition" TOFIELD="YEAR_ACCUM_ID"/>
                <CONNECTOR FROMINSTANCE="UN_YEAR" FROMINSTANCETYPE="Custom Transformation" FROMFIELD="YEAR_ID" TOINSTANCE="CSS01LF07T" TOINSTANCETYPE="Target Definition" TOFIELD="YEAR_ID"/>
                <CONNECTOR FROMINSTANCE="UN_YEAR" FROMINSTANCETYPE="Custom Transformation" FROMFIELD="BASE_YEAR_ACCUM_ID" TOINSTANCE="CSS01LF07T" TOINSTANCETYPE="Target Definition" TOFIELD="BASE_YEAR_ACCUM_ID"/>
                <CONNECTOR FROMINSTANCE="UN_YEAR" FROMINSTANCETYPE="Custom Transformation" FROMFIELD="YEAR_ACCUM_ID" TOINSTANCE="CSS01LF07T" TOINSTANCETYPE="Target Definition" TOFIELD="YEAR_ACCUM_ID"/>
                <CONNECTOR FROMINSTANCE="UN_YEAR" FROMINSTANCETYPE="Custom Transformation" FROMFIELD="YEAR_ID" TOINSTANCE="CSS01LF07T" TOINSTANCETYPE="Target Definition" TOFIELD="YEAR_ID"/>
                <CONNECTOR FROMINSTANCE="UN_YEAR" FROMINSTANCETYPE="Custom Transformation" FROMFIELD="BASE_YEAR_ACCUM_ID" TOINSTANCE="CSS01LF07T" TOINSTANCETYPE="Target Definition" TOFIELD="BASE_YEAR_ACCUM_ID"/>
                <CONNECTOR FROMINSTANCE="UN_YEAR" FROMINSTANCETYPE="Custom Transformation" FROMFIELD="YEAR_ACCUM_ID" TOINSTANCE="CSS01LF07T" TOINSTANCETYPE="Target Definition" TOFIELD="YEAR_ACCUM_ID"/>
                <CONNECTOR FROMINSTANCE="UN_YEAR" FROMINSTANCETYPE="Custom Transformation" FROMFIELD="YEAR_ID" TOINSTANCE="CSS01LF07T" TOINSTANCETYPE="Target Definition" TOFIELD="YEAR_ID"/>
                <CONNECTOR FROMINSTANCE="" FROMINSTANCETYPE="Source Definition" FROMFIELD="BASE_YEAR_ACCUM_ID2" TOINSTANCE="SQ_UN_YEAR" TOINSTANCETYPE="Source Qualifier" TOFIELD="BASE_YEAR_ACCUM_ID2"/>
                <CONNECTOR FROMINSTANCE="SQ_UN_YEAR" FROMINSTANCETYPE="Source Qualifier" FROMFIELD="BASE_YEAR_ACCUM_ID2" TOINSTANCE="UN_YEAR" TOINSTANCETYPE="Custom Transformation" TOFIELD="BASE_YEAR_ACCUM_ID2"/>
                <CONNECTOR FROMINSTANCE="" FROMINSTANCETYPE="Source Definition" FROMFIELD="YEAR_ACCUM_ID2" TOINSTANCE="SQ_UN_YEAR" TOINSTANCETYPE="Source Qualifier" TOFIELD="YEAR_ACCUM_ID2"/>
                <CONNECTOR FROMINSTANCE="SQ_UN_YEAR" FROMINSTANCETYPE="Source Qualifier" FROMFIELD="YEAR_ACCUM_ID2" TOINSTANCE="UN_YEAR" TOINSTANCETYPE="Custom Transformation" TOFIELD="YEAR_ACCUM_ID2"/>
                <CONNECTOR FROMINSTANCE="" FROMINSTANCETYPE="Source Definition" FROMFIELD="YEAR_ID2" TOINSTANCE="SQ_UN_YEAR" TOINSTANCETYPE="Source Qualifier" TOFIELD="YEAR_ID2"/>
                <CONNECTOR FROMINSTANCE="SQ_UN_YEAR" FROMINSTANCETYPE="Source Qualifier" FROMFIELD="YEAR_ID2" TOINSTANCE="UN_YEAR" TOINSTANCETYPE="Custom Transformation" TOFIELD="YEAR_ID2"/>
                <CONNECTOR FROMINSTANCE="" FROMINSTANCETYPE="Source Definition" FROMFIELD="BASE_YEAR_ACCUM_ID3" TOINSTANCE="SQ_UN_YEAR" TOINSTANCETYPE="Source Qualifier" TOFIELD="BASE_YEAR_ACCUM_ID3"/>
                <CONNECTOR FROMINSTANCE="SQ_UN_YEAR" FROMINSTANCETYPE="Source Qualifier" FROMFIELD="BASE_YEAR_ACCUM_ID3" TOINSTANCE="UN_YEAR" TOINSTANCETYPE="Custom Transformation" TOFIELD="BASE_YEAR_ACCUM_ID3"/>
                <CONNECTOR FROMINSTANCE="" FROMINSTANCETYPE="Source Definition" FROMFIELD="YEAR_ACCUM_ID3" TOINSTANCE="SQ_UN_YEAR" TOINSTANCETYPE="Source Qualifier" TOFIELD="YEAR_ACCUM_ID3"/>
                <CONNECTOR FROMINSTANCE="SQ_UN_YEAR" FROMINSTANCETYPE="Source Qualifier" FROMFIELD="YEAR_ACCUM_ID3" TOINSTANCE="UN_YEAR" TOINSTANCETYPE="Custom Transformation" TOFIELD="YEAR_ACCUM_ID3"/>
                <CONNECTOR FROMINSTANCE="" FROMINSTANCETYPE="Source Definition" FROMFIELD="YEAR_ID3" TOINSTANCE="SQ_UN_YEAR" TOINSTANCETYPE="Source Qualifier" TOFIELD="YEAR_ID3"/>
                <CONNECTOR FROMINSTANCE="SQ_UN_YEAR" FROMINSTANCETYPE="Source Qualifier" FROMFIELD="YEAR_ID3" TOINSTANCE="UN_YEAR" TOINSTANCETYPE="Custom Transformation" TOFIELD="YEAR_ID3"/>
                <CONNECTOR FROMINSTANCE="" FROMINSTANCETYPE="Source Definition" FROMFIELD="BASE_YEAR_ACCUM_ID4" TOINSTANCE="SQ_UN_YEAR" TOINSTANCETYPE="Source Qualifier" TOFIELD="BASE_YEAR_ACCUM_ID4"/>
                <CONNECTOR FROMINSTANCE="SQ_UN_YEAR" FROMINSTANCETYPE="Source Qualifier" FROMFIELD="BASE_YEAR_ACCUM_ID4" TOINSTANCE="UN_YEAR" TOINSTANCETYPE="Custom Transformation" TOFIELD="BASE_YEAR_ACCUM_ID4"/>
                <CONNECTOR FROMINSTANCE="" FROMINSTANCETYPE="Source Definition" FROMFIELD="YEAR_ACCUM_ID4" TOINSTANCE="SQ_UN_YEAR" TOINSTANCETYPE="Source Qualifier" TOFIELD="YEAR_ACCUM_ID4"/>
                <CONNECTOR FROMINSTANCE="SQ_UN_YEAR" FROMINSTANCETYPE="Source Qualifier" FROMFIELD="YEAR_ACCUM_ID4" TOINSTANCE="UN_YEAR" TOINSTANCETYPE="Custom Transformation" TOFIELD="YEAR_ACCUM_ID4"/>
                <CONNECTOR FROMINSTANCE="" FROMINSTANCETYPE="Source Definition" FROMFIELD="YEAR_ID4" TOINSTANCE="SQ_UN_YEAR" TOINSTANCETYPE="Source Qualifier" TOFIELD="YEAR_ID4"/>
                <CONNECTOR FROMINSTANCE="SQ_UN_YEAR" FROMINSTANCETYPE="Source Qualifier" FROMFIELD="YEAR_ID4" TOINSTANCE="UN_YEAR" TOINSTANCETYPE="Custom Transformation" TOFIELD="YEAR_ID4"/>
                <CONNECTOR FROMINSTANCE="" FROMINSTANCETYPE="Source Definition" FROMFIELD="BASE_YEAR_ACCUM_ID5" TOINSTANCE="SQ_UN_YEAR" TOINSTANCETYPE="Source Qualifier" TOFIELD="BASE_YEAR_ACCUM_ID5"/>
                <CONNECTOR FROMINSTANCE="SQ_UN_YEAR" FROMINSTANCETYPE="Source Qualifier" FROMFIELD="BASE_YEAR_ACCUM_ID5" TOINSTANCE="UN_YEAR" TOINSTANCETYPE="Custom Transformation" TOFIELD="BASE_YEAR_ACCUM_ID5"/>
                <CONNECTOR FROMINSTANCE="" FROMINSTANCETYPE="Source Definition" FROMFIELD="YEAR_ACCUM_ID5" TOINSTANCE="SQ_UN_YEAR" TOINSTANCETYPE="Source Qualifier" TOFIELD="YEAR_ACCUM_ID5"/>
                <CONNECTOR FROMINSTANCE="SQ_UN_YEAR" FROMINSTANCETYPE="Source Qualifier" FROMFIELD="YEAR_ACCUM_ID5" TOINSTANCE="UN_YEAR" TOINSTANCETYPE="Custom Transformation" TOFIELD="YEAR_ACCUM_ID5"/>
                <CONNECTOR FROMINSTANCE="" FROMINSTANCETYPE="Source Definition" FROMFIELD="YEAR_ID5" TOINSTANCE="SQ_UN_YEAR" TOINSTANCETYPE="Source Qualifier" TOFIELD="YEAR_ID5"/>
                <CONNECTOR FROMINSTANCE="SQ_UN_YEAR" FROMINSTANCETYPE="Source Qualifier" FROMFIELD="YEAR_ID5" TOINSTANCE="UN_YEAR" TOINSTANCETYPE="Custom Transformation" TOFIELD="YEAR_ID5"/>
                <CONNECTOR FROMINSTANCE="" FROMINSTANCETYPE="Source Definition" FROMFIELD="BASE_YEAR_ACCUM_ID6" TOINSTANCE="SQ_UN_YEAR" TOINSTANCETYPE="Source Qualifier" TOFIELD="BASE_YEAR_ACCUM_ID6"/>
                <CONNECTOR FROMINSTANCE="SQ_UN_YEAR" FROMINSTANCETYPE="Source Qualifier" FROMFIELD="BASE_YEAR_ACCUM_ID6" TOINSTANCE="UN_YEAR" TOINSTANCETYPE="Custom Transformation" TOFIELD="BASE_YEAR_ACCUM_ID6"/>
                <CONNECTOR FROMINSTANCE="" FROMINSTANCETYPE="Source Definition" FROMFIELD="YEAR_ACCUM_ID6" TOINSTANCE="SQ_UN_YEAR" TOINSTANCETYPE="Source Qualifier" TOFIELD="YEAR_ACCUM_ID6"/>
                <CONNECTOR FROMINSTANCE="SQ_UN_YEAR" FROMINSTANCETYPE="Source Qualifier" FROMFIELD="YEAR_ACCUM_ID6" TOINSTANCE="UN_YEAR" TOINSTANCETYPE="Custom Transformation" TOFIELD="YEAR_ACCUM_ID6"/>
                <CONNECTOR FROMINSTANCE="" FROMINSTANCETYPE="Source Definition" FROMFIELD="YEAR_ID6" TOINSTANCE="SQ_UN_YEAR" TOINSTANCETYPE="Source Qualifier" TOFIELD="YEAR_ID6"/>
                <CONNECTOR FROMINSTANCE="SQ_UN_YEAR" FROMINSTANCETYPE="Source Qualifier" FROMFIELD="YEAR_ID6" TOINSTANCE="UN_YEAR" TOINSTANCETYPE="Custom Transformation" TOFIELD="YEAR_ID6"/>
                <TARGETLOADORDER TARGETINSTANCE="CSS01LF07T" ORDER="1"/>
            </MAPPING>
        </FOLDER>
    </REPOSITORY>
</POWERMART>
