<?xml version="1.0" encoding="ISO-8859-1" standalone="yes"?>
<!DOCTYPE POWERMART SYSTEM "powrmart.dtd">
<POWERMART CREATION_DATE="30-11-2016" REPOSITORY_VERSION="1">
    <REPOSITORY NAME="NEWREP" DATABASETYPE="DB2" CODEPAGE="Latin1" VERSION="1">
        <FOLDER NAME="UN_QUARTER_folder" DESCRIPTION="" SHARED="NOTSHARED" OWNER="EVERIS" GROUP="" PERMISSIONS="rwx---r--" UUID="">
            <SOURCE NAME="" DBDNAME="DB2" BUSINESSNAME="" DESCRIPTION="" OBJECTVERSION="1" OWNERNAME="OWNERNAME" DATABASETYPE="DB2" VERSIONNUMBER="1">
                <SOURCEFIELD NAME="BASE_QUARTER_ACCUM_ID" BUSINESSNAME="" DESCRIPTION="" DATATYPE="integer" KEYTYPE="NOT A KEY" PRECISION="10" SCALE="0" NULLABLE="NULL" USAGE_FLAGS="" LEVEL="" FIELDTYPE="ELEMITEM" PICTURETEXT="" OCCURS="0" LENGTH="10" PHYSICALOFFSET="0" PHYSICALLENGTH="10" FIELDNUMBER="1" FIELDPROPERTY="0" HIDDEN="NO"/>
                <SOURCEFIELD NAME="QUARTER_ACCUM_ID" BUSINESSNAME="" DESCRIPTION="" DATATYPE="smallint" KEYTYPE="NOT A KEY" PRECISION="5" SCALE="0" NULLABLE="NULL" USAGE_FLAGS="" LEVEL="" FIELDTYPE="ELEMITEM" PICTURETEXT="" OCCURS="0" LENGTH="5" PHYSICALOFFSET="10" PHYSICALLENGTH="5" FIELDNUMBER="2" FIELDPROPERTY="0" HIDDEN="NO"/>
                <SOURCEFIELD NAME="QUARTER_ID" BUSINESSNAME="" DESCRIPTION="" DATATYPE="integer" KEYTYPE="NOT A KEY" PRECISION="10" SCALE="0" NULLABLE="NULL" USAGE_FLAGS="" LEVEL="" FIELDTYPE="ELEMITEM" PICTURETEXT="" OCCURS="0" LENGTH="10" PHYSICALOFFSET="15" PHYSICALLENGTH="10" FIELDNUMBER="3" FIELDPROPERTY="0" HIDDEN="NO"/>
            </SOURCE>
            <TARGET NAME="CSS01LF04T" BUSINESSNAME="" DESCRIPTION="" OBJECTVERSION="1" CONSTRAINT="" TABLEOPTIONS="" DATABASETYPE="DB2" VERSIONNUMBER="1">
                <TARGETFIELD NAME="BASE_QUARTER_ACCUM_ID" BUSINESSNAME="" DESCRIPTION="" DATATYPE="integer" KEYTYPE="NOT A KEY" PRECISION="10" SCALE="0" FIELDNUMBER="1" NULLABLE="NULL" PICTURETEXT=""/>
                <TARGETFIELD NAME="QUARTER_ACCUM_ID" BUSINESSNAME="" DESCRIPTION="" DATATYPE="smallint" KEYTYPE="NOT A KEY" PRECISION="5" SCALE="0" FIELDNUMBER="2" NULLABLE="NULL" PICTURETEXT=""/>
                <TARGETFIELD NAME="QUARTER_ID" BUSINESSNAME="" DESCRIPTION="" DATATYPE="integer" KEYTYPE="NOT A KEY" PRECISION="10" SCALE="0" FIELDNUMBER="3" NULLABLE="NULL" PICTURETEXT=""/>
            </TARGET>
            <MAPPING NAME="m_UN_QUARTER" DESCRIPTION="" OBJECTVERSION="1" ISVALID="YES" VERSIONNUMBER="1">
                <TRANSFORMATION NAME="SQ_UN_QUARTER" TYPE="Source Qualifier" OBJECTVERSION="1" REUSABLE="NO" VERSIONNUMBER="1">
                    <TRANSFORMFIELD NAME="BASE_QUARTER_ACCUM_ID2" DESCRIPTION="" DATATYPE="integer" PORTTYPE="INPUT/OUTPUT" PRECISION="10" SCALE="0" PICTURETEXT="" DEFAULTVALUE="" GROUP="CURRENT_QUARTER" OUTPUTGROUP="CURRENT_QUARTER"/>
                    <TRANSFORMFIELD NAME="QUARTER_ACCUM_ID2" DESCRIPTION="" DATATYPE="small integer" PORTTYPE="INPUT/OUTPUT" PRECISION="5" SCALE="0" PICTURETEXT="" DEFAULTVALUE="" GROUP="CURRENT_QUARTER" OUTPUTGROUP="CURRENT_QUARTER"/>
                    <TRANSFORMFIELD NAME="QUARTER_ID2" DESCRIPTION="" DATATYPE="integer" PORTTYPE="INPUT/OUTPUT" PRECISION="10" SCALE="0" PICTURETEXT="" DEFAULTVALUE="" GROUP="CURRENT_QUARTER" OUTPUTGROUP="CURRENT_QUARTER"/>
                    <TRANSFORMFIELD NAME="BASE_QUARTER_ACCUM_ID3" DESCRIPTION="" DATATYPE="integer" PORTTYPE="INPUT/OUTPUT" PRECISION="10" SCALE="0" PICTURETEXT="" DEFAULTVALUE="" GROUP="PREV_QUARTER" OUTPUTGROUP="PREV_QUARTER"/>
                    <TRANSFORMFIELD NAME="QUARTER_ACCUM_ID3" DESCRIPTION="" DATATYPE="small integer" PORTTYPE="INPUT/OUTPUT" PRECISION="5" SCALE="0" PICTURETEXT="" DEFAULTVALUE="" GROUP="PREV_QUARTER" OUTPUTGROUP="PREV_QUARTER"/>
                    <TRANSFORMFIELD NAME="QUARTER_ID3" DESCRIPTION="" DATATYPE="integer" PORTTYPE="INPUT/OUTPUT" PRECISION="10" SCALE="0" PICTURETEXT="" DEFAULTVALUE="" GROUP="PREV_QUARTER" OUTPUTGROUP="PREV_QUARTER"/>
                    <TRANSFORMFIELD NAME="BASE_QUARTER_ACCUM_ID4" DESCRIPTION="" DATATYPE="integer" PORTTYPE="INPUT/OUTPUT" PRECISION="10" SCALE="0" PICTURETEXT="" DEFAULTVALUE="" GROUP="PREV_YEAR" OUTPUTGROUP="PREV_YEAR"/>
                    <TRANSFORMFIELD NAME="QUARTER_ACCUM_ID4" DESCRIPTION="" DATATYPE="small integer" PORTTYPE="INPUT/OUTPUT" PRECISION="5" SCALE="0" PICTURETEXT="" DEFAULTVALUE="" GROUP="PREV_YEAR" OUTPUTGROUP="PREV_YEAR"/>
                    <TRANSFORMFIELD NAME="QUARTER_ID4" DESCRIPTION="" DATATYPE="integer" PORTTYPE="INPUT/OUTPUT" PRECISION="10" SCALE="0" PICTURETEXT="" DEFAULTVALUE="" GROUP="PREV_YEAR" OUTPUTGROUP="PREV_YEAR"/>
                    <TRANSFORMFIELD NAME="BASE_QUARTER_ACCUM_ID5" DESCRIPTION="" DATATYPE="integer" PORTTYPE="INPUT/OUTPUT" PRECISION="10" SCALE="0" PICTURETEXT="" DEFAULTVALUE="" GROUP="EVOL1" OUTPUTGROUP="EVOL1"/>
                    <TRANSFORMFIELD NAME="QUARTER_ACCUM_ID5" DESCRIPTION="" DATATYPE="small integer" PORTTYPE="INPUT/OUTPUT" PRECISION="5" SCALE="0" PICTURETEXT="" DEFAULTVALUE="" GROUP="EVOL1" OUTPUTGROUP="EVOL1"/>
                    <TRANSFORMFIELD NAME="QUARTER_ID5" DESCRIPTION="" DATATYPE="integer" PORTTYPE="INPUT/OUTPUT" PRECISION="10" SCALE="0" PICTURETEXT="" DEFAULTVALUE="" GROUP="EVOL1" OUTPUTGROUP="EVOL1"/>
                    <TRANSFORMFIELD NAME="BASE_QUARTER_ACCUM_ID6" DESCRIPTION="" DATATYPE="integer" PORTTYPE="INPUT/OUTPUT" PRECISION="10" SCALE="0" PICTURETEXT="" DEFAULTVALUE="" GROUP="EVOL2" OUTPUTGROUP="EVOL2"/>
                    <TRANSFORMFIELD NAME="QUARTER_ACCUM_ID6" DESCRIPTION="" DATATYPE="small integer" PORTTYPE="INPUT/OUTPUT" PRECISION="5" SCALE="0" PICTURETEXT="" DEFAULTVALUE="" GROUP="EVOL2" OUTPUTGROUP="EVOL2"/>
                    <TRANSFORMFIELD NAME="QUARTER_ID6" DESCRIPTION="" DATATYPE="integer" PORTTYPE="INPUT/OUTPUT" PRECISION="10" SCALE="0" PICTURETEXT="" DEFAULTVALUE="" GROUP="EVOL2" OUTPUTGROUP="EVOL2"/>
                    <TRANSFORMFIELD NAME="BASE_QUARTER_ACCUM_ID7" DESCRIPTION="" DATATYPE="integer" PORTTYPE="INPUT/OUTPUT" PRECISION="10" SCALE="0" PICTURETEXT="" DEFAULTVALUE="" GROUP="EVOL3" OUTPUTGROUP="EVOL3"/>
                    <TRANSFORMFIELD NAME="QUARTER_ACCUM_ID7" DESCRIPTION="" DATATYPE="small integer" PORTTYPE="INPUT/OUTPUT" PRECISION="5" SCALE="0" PICTURETEXT="" DEFAULTVALUE="" GROUP="EVOL3" OUTPUTGROUP="EVOL3"/>
                    <TRANSFORMFIELD NAME="QUARTER_ID7" DESCRIPTION="" DATATYPE="integer" PORTTYPE="INPUT/OUTPUT" PRECISION="10" SCALE="0" PICTURETEXT="" DEFAULTVALUE="" GROUP="EVOL3" OUTPUTGROUP="EVOL3"/>
                    <TRANSFORMFIELD NAME="BASE_QUARTER_ACCUM_ID8" DESCRIPTION="" DATATYPE="integer" PORTTYPE="INPUT/OUTPUT" PRECISION="10" SCALE="0" PICTURETEXT="" DEFAULTVALUE="" GROUP="EVOL4" OUTPUTGROUP="EVOL4"/>
                    <TRANSFORMFIELD NAME="QUARTER_ACCUM_ID8" DESCRIPTION="" DATATYPE="small integer" PORTTYPE="INPUT/OUTPUT" PRECISION="5" SCALE="0" PICTURETEXT="" DEFAULTVALUE="" GROUP="EVOL4" OUTPUTGROUP="EVOL4"/>
                    <TRANSFORMFIELD NAME="QUARTER_ID8" DESCRIPTION="" DATATYPE="integer" PORTTYPE="INPUT/OUTPUT" PRECISION="10" SCALE="0" PICTURETEXT="" DEFAULTVALUE="" GROUP="EVOL4" OUTPUTGROUP="EVOL4"/>
                    <TRANSFORMFIELD NAME="BASE_QUARTER_ACCUM_ID9" DESCRIPTION="" DATATYPE="integer" PORTTYPE="INPUT/OUTPUT" PRECISION="10" SCALE="0" PICTURETEXT="" DEFAULTVALUE="" GROUP="LAST_5_Q1" OUTPUTGROUP="LAST_5_Q1"/>
                    <TRANSFORMFIELD NAME="QUARTER_ACCUM_ID9" DESCRIPTION="" DATATYPE="small integer" PORTTYPE="INPUT/OUTPUT" PRECISION="5" SCALE="0" PICTURETEXT="" DEFAULTVALUE="" GROUP="LAST_5_Q1" OUTPUTGROUP="LAST_5_Q1"/>
                    <TRANSFORMFIELD NAME="QUARTER_ID9" DESCRIPTION="" DATATYPE="integer" PORTTYPE="INPUT/OUTPUT" PRECISION="10" SCALE="0" PICTURETEXT="" DEFAULTVALUE="" GROUP="LAST_5_Q1" OUTPUTGROUP="LAST_5_Q1"/>
                    <TRANSFORMFIELD NAME="BASE_QUARTER_ACCUM_ID10" DESCRIPTION="" DATATYPE="integer" PORTTYPE="INPUT/OUTPUT" PRECISION="10" SCALE="0" PICTURETEXT="" DEFAULTVALUE="" GROUP="LAST_5_Q2" OUTPUTGROUP="LAST_5_Q2"/>
                    <TRANSFORMFIELD NAME="QUARTER_ACCUM_ID10" DESCRIPTION="" DATATYPE="small integer" PORTTYPE="INPUT/OUTPUT" PRECISION="5" SCALE="0" PICTURETEXT="" DEFAULTVALUE="" GROUP="LAST_5_Q2" OUTPUTGROUP="LAST_5_Q2"/>
                    <TRANSFORMFIELD NAME="QUARTER_ID10" DESCRIPTION="" DATATYPE="integer" PORTTYPE="INPUT/OUTPUT" PRECISION="10" SCALE="0" PICTURETEXT="" DEFAULTVALUE="" GROUP="LAST_5_Q2" OUTPUTGROUP="LAST_5_Q2"/>
                    <TRANSFORMFIELD NAME="BASE_QUARTER_ACCUM_ID11" DESCRIPTION="" DATATYPE="integer" PORTTYPE="INPUT/OUTPUT" PRECISION="10" SCALE="0" PICTURETEXT="" DEFAULTVALUE="" GROUP="LAST_5_Q3" OUTPUTGROUP="LAST_5_Q3"/>
                    <TRANSFORMFIELD NAME="QUARTER_ACCUM_ID11" DESCRIPTION="" DATATYPE="small integer" PORTTYPE="INPUT/OUTPUT" PRECISION="5" SCALE="0" PICTURETEXT="" DEFAULTVALUE="" GROUP="LAST_5_Q3" OUTPUTGROUP="LAST_5_Q3"/>
                    <TRANSFORMFIELD NAME="QUARTER_ID11" DESCRIPTION="" DATATYPE="integer" PORTTYPE="INPUT/OUTPUT" PRECISION="10" SCALE="0" PICTURETEXT="" DEFAULTVALUE="" GROUP="LAST_5_Q3" OUTPUTGROUP="LAST_5_Q3"/>
                    <TRANSFORMFIELD NAME="BASE_QUARTER_ACCUM_ID12" DESCRIPTION="" DATATYPE="integer" PORTTYPE="INPUT/OUTPUT" PRECISION="10" SCALE="0" PICTURETEXT="" DEFAULTVALUE="" GROUP="LAST_5_Q4" OUTPUTGROUP="LAST_5_Q4"/>
                    <TRANSFORMFIELD NAME="QUARTER_ACCUM_ID12" DESCRIPTION="" DATATYPE="small integer" PORTTYPE="INPUT/OUTPUT" PRECISION="5" SCALE="0" PICTURETEXT="" DEFAULTVALUE="" GROUP="LAST_5_Q4" OUTPUTGROUP="LAST_5_Q4"/>
                    <TRANSFORMFIELD NAME="QUARTER_ID12" DESCRIPTION="" DATATYPE="integer" PORTTYPE="INPUT/OUTPUT" PRECISION="10" SCALE="0" PICTURETEXT="" DEFAULTVALUE="" GROUP="LAST_5_Q4" OUTPUTGROUP="LAST_5_Q4"/>
                    <TRANSFORMFIELD NAME="BASE_QUARTER_ACCUM_ID13" DESCRIPTION="" DATATYPE="integer" PORTTYPE="INPUT/OUTPUT" PRECISION="10" SCALE="0" PICTURETEXT="" DEFAULTVALUE="" GROUP="LAST_5_Q5" OUTPUTGROUP="LAST_5_Q5"/>
                    <TRANSFORMFIELD NAME="QUARTER_ACCUM_ID13" DESCRIPTION="" DATATYPE="small integer" PORTTYPE="INPUT/OUTPUT" PRECISION="5" SCALE="0" PICTURETEXT="" DEFAULTVALUE="" GROUP="LAST_5_Q5" OUTPUTGROUP="LAST_5_Q5"/>
                    <TRANSFORMFIELD NAME="QUARTER_ID13" DESCRIPTION="" DATATYPE="integer" PORTTYPE="INPUT/OUTPUT" PRECISION="10" SCALE="0" PICTURETEXT="" DEFAULTVALUE="" GROUP="LAST_5_Q5" OUTPUTGROUP="LAST_5_Q5"/>
                    <TABLEATTRIBUTE NAME="SQL Query" VALUE=""/>
                    <TABLEATTRIBUTE NAME="User Defined Join" VALUE=""/>
                    <TABLEATTRIBUTE NAME="Source Filter" VALUE=""/>
                    <TABLEATTRIBUTE NAME="Number Of Sorted Ports" VALUE="0"/>
                    <TABLEATTRIBUTE NAME="Tracing Level" VALUE="Normal"/>
                    <TABLEATTRIBUTE NAME="Select Distinct" VALUE="NO"/>
                    <TABLEATTRIBUTE NAME="Is Partitionable" VALUE="NO"/>
                    <TABLEATTRIBUTE NAME="Pre SQL" VALUE=""/>
                    <TABLEATTRIBUTE NAME="Post SQL" VALUE=""/>
                    <TABLEATTRIBUTE NAME="Output is deterministic" VALUE="NO"/>
                    <TABLEATTRIBUTE NAME="Output is repeatable" VALUE="NEVER"/>
                </TRANSFORMATION>
                <TRANSFORMATION NAME="UN_QUARTER" DESCRIPTION="" TYPE="Custom Transformation" OBJECTVERSION="1" REUSABLE="NO" TEMPLATEID="303001" TEMPLATENAME="Union Transformation" VERSIONNUMBER="1" COMPONENTVERSION="1000000">
                    <GROUP NAME="OUTPUT" DESCRIPTION="" ORDER="1" TYPE="OUTPUT"/>
                    <GROUP NAME="CURRENT_QUARTER" DESCRIPTION="" ORDER="2" TYPE="INPUT"/>
                    <GROUP NAME="PREV_QUARTER" DESCRIPTION="" ORDER="3" TYPE="INPUT"/>
                    <GROUP NAME="PREV_YEAR" DESCRIPTION="" ORDER="4" TYPE="INPUT"/>
                    <GROUP NAME="EVOL1" DESCRIPTION="" ORDER="5" TYPE="INPUT"/>
                    <GROUP NAME="EVOL2" DESCRIPTION="" ORDER="6" TYPE="INPUT"/>
                    <GROUP NAME="EVOL3" DESCRIPTION="" ORDER="8" TYPE="INPUT"/>
                    <GROUP NAME="EVOL4" DESCRIPTION="" ORDER="9" TYPE="INPUT"/>
                    <GROUP NAME="LAST_5_Q1" DESCRIPTION="" ORDER="10" TYPE="INPUT"/>
                    <GROUP NAME="LAST_5_Q2" DESCRIPTION="" ORDER="11" TYPE="INPUT"/>
                    <GROUP NAME="LAST_5_Q3" DESCRIPTION="" ORDER="14" TYPE="INPUT"/>
                    <GROUP NAME="LAST_5_Q4" DESCRIPTION="" ORDER="16" TYPE="INPUT"/>
                    <GROUP NAME="LAST_5_Q5" DESCRIPTION="" ORDER="17" TYPE="INPUT"/>
                    <TRANSFORMFIELD NAME="BASE_QUARTER_ACCUM_ID" DESCRIPTION="" DATATYPE="integer" PORTTYPE="OUTPUT" PRECISION="10" SCALE="0" PICTURETEXT="" DEFAULTVALUE="" GROUP="OUTPUT" OUTPUTGROUP="OUTPUT"/>
                    <TRANSFORMFIELD NAME="QUARTER_ACCUM_ID" DESCRIPTION="" DATATYPE="small integer" PORTTYPE="OUTPUT" PRECISION="5" SCALE="0" PICTURETEXT="" DEFAULTVALUE="" GROUP="OUTPUT" OUTPUTGROUP="OUTPUT"/>
                    <TRANSFORMFIELD NAME="QUARTER_ID" DESCRIPTION="" DATATYPE="integer" PORTTYPE="OUTPUT" PRECISION="10" SCALE="0" PICTURETEXT="" DEFAULTVALUE="" GROUP="OUTPUT" OUTPUTGROUP="OUTPUT"/>
                    <TRANSFORMFIELD NAME="BASE_QUARTER_ACCUM_ID2" DESCRIPTION="" DATATYPE="integer" PORTTYPE="INPUT" PRECISION="10" SCALE="0" PICTURETEXT="" DEFAULTVALUE="" GROUP="CURRENT_QUARTER" OUTPUTGROUP="CURRENT_QUARTER"/>
                    <TRANSFORMFIELD NAME="QUARTER_ACCUM_ID2" DESCRIPTION="" DATATYPE="small integer" PORTTYPE="INPUT" PRECISION="5" SCALE="0" PICTURETEXT="" DEFAULTVALUE="" GROUP="CURRENT_QUARTER" OUTPUTGROUP="CURRENT_QUARTER"/>
                    <TRANSFORMFIELD NAME="QUARTER_ID2" DESCRIPTION="" DATATYPE="integer" PORTTYPE="INPUT" PRECISION="10" SCALE="0" PICTURETEXT="" DEFAULTVALUE="" GROUP="CURRENT_QUARTER" OUTPUTGROUP="CURRENT_QUARTER"/>
                    <TRANSFORMFIELD NAME="BASE_QUARTER_ACCUM_ID3" DESCRIPTION="" DATATYPE="integer" PORTTYPE="INPUT" PRECISION="10" SCALE="0" PICTURETEXT="" DEFAULTVALUE="" GROUP="PREV_QUARTER" OUTPUTGROUP="PREV_QUARTER"/>
                    <TRANSFORMFIELD NAME="QUARTER_ACCUM_ID3" DESCRIPTION="" DATATYPE="small integer" PORTTYPE="INPUT" PRECISION="5" SCALE="0" PICTURETEXT="" DEFAULTVALUE="" GROUP="PREV_QUARTER" OUTPUTGROUP="PREV_QUARTER"/>
                    <TRANSFORMFIELD NAME="QUARTER_ID3" DESCRIPTION="" DATATYPE="integer" PORTTYPE="INPUT" PRECISION="10" SCALE="0" PICTURETEXT="" DEFAULTVALUE="" GROUP="PREV_QUARTER" OUTPUTGROUP="PREV_QUARTER"/>
                    <TRANSFORMFIELD NAME="BASE_QUARTER_ACCUM_ID4" DESCRIPTION="" DATATYPE="integer" PORTTYPE="INPUT" PRECISION="10" SCALE="0" PICTURETEXT="" DEFAULTVALUE="" GROUP="PREV_YEAR" OUTPUTGROUP="PREV_YEAR"/>
                    <TRANSFORMFIELD NAME="QUARTER_ACCUM_ID4" DESCRIPTION="" DATATYPE="small integer" PORTTYPE="INPUT" PRECISION="5" SCALE="0" PICTURETEXT="" DEFAULTVALUE="" GROUP="PREV_YEAR" OUTPUTGROUP="PREV_YEAR"/>
                    <TRANSFORMFIELD NAME="QUARTER_ID4" DESCRIPTION="" DATATYPE="integer" PORTTYPE="INPUT" PRECISION="10" SCALE="0" PICTURETEXT="" DEFAULTVALUE="" GROUP="PREV_YEAR" OUTPUTGROUP="PREV_YEAR"/>
                    <TRANSFORMFIELD NAME="BASE_QUARTER_ACCUM_ID5" DESCRIPTION="" DATATYPE="integer" PORTTYPE="INPUT" PRECISION="10" SCALE="0" PICTURETEXT="" DEFAULTVALUE="" GROUP="EVOL1" OUTPUTGROUP="EVOL1"/>
                    <TRANSFORMFIELD NAME="QUARTER_ACCUM_ID5" DESCRIPTION="" DATATYPE="small integer" PORTTYPE="INPUT" PRECISION="5" SCALE="0" PICTURETEXT="" DEFAULTVALUE="" GROUP="EVOL1" OUTPUTGROUP="EVOL1"/>
                    <TRANSFORMFIELD NAME="QUARTER_ID5" DESCRIPTION="" DATATYPE="integer" PORTTYPE="INPUT" PRECISION="10" SCALE="0" PICTURETEXT="" DEFAULTVALUE="" GROUP="EVOL1" OUTPUTGROUP="EVOL1"/>
                    <TRANSFORMFIELD NAME="BASE_QUARTER_ACCUM_ID6" DESCRIPTION="" DATATYPE="integer" PORTTYPE="INPUT" PRECISION="10" SCALE="0" PICTURETEXT="" DEFAULTVALUE="" GROUP="EVOL2" OUTPUTGROUP="EVOL2"/>
                    <TRANSFORMFIELD NAME="QUARTER_ACCUM_ID6" DESCRIPTION="" DATATYPE="small integer" PORTTYPE="INPUT" PRECISION="5" SCALE="0" PICTURETEXT="" DEFAULTVALUE="" GROUP="EVOL2" OUTPUTGROUP="EVOL2"/>
                    <TRANSFORMFIELD NAME="QUARTER_ID6" DESCRIPTION="" DATATYPE="integer" PORTTYPE="INPUT" PRECISION="10" SCALE="0" PICTURETEXT="" DEFAULTVALUE="" GROUP="EVOL2" OUTPUTGROUP="EVOL2"/>
                    <TRANSFORMFIELD NAME="BASE_QUARTER_ACCUM_ID7" DESCRIPTION="" DATATYPE="integer" PORTTYPE="INPUT" PRECISION="10" SCALE="0" PICTURETEXT="" DEFAULTVALUE="" GROUP="EVOL3" OUTPUTGROUP="EVOL3"/>
                    <TRANSFORMFIELD NAME="QUARTER_ACCUM_ID7" DESCRIPTION="" DATATYPE="small integer" PORTTYPE="INPUT" PRECISION="5" SCALE="0" PICTURETEXT="" DEFAULTVALUE="" GROUP="EVOL3" OUTPUTGROUP="EVOL3"/>
                    <TRANSFORMFIELD NAME="QUARTER_ID7" DESCRIPTION="" DATATYPE="integer" PORTTYPE="INPUT" PRECISION="10" SCALE="0" PICTURETEXT="" DEFAULTVALUE="" GROUP="EVOL3" OUTPUTGROUP="EVOL3"/>
                    <TRANSFORMFIELD NAME="BASE_QUARTER_ACCUM_ID8" DESCRIPTION="" DATATYPE="integer" PORTTYPE="INPUT" PRECISION="10" SCALE="0" PICTURETEXT="" DEFAULTVALUE="" GROUP="EVOL4" OUTPUTGROUP="EVOL4"/>
                    <TRANSFORMFIELD NAME="QUARTER_ACCUM_ID8" DESCRIPTION="" DATATYPE="small integer" PORTTYPE="INPUT" PRECISION="5" SCALE="0" PICTURETEXT="" DEFAULTVALUE="" GROUP="EVOL4" OUTPUTGROUP="EVOL4"/>
                    <TRANSFORMFIELD NAME="QUARTER_ID8" DESCRIPTION="" DATATYPE="integer" PORTTYPE="INPUT" PRECISION="10" SCALE="0" PICTURETEXT="" DEFAULTVALUE="" GROUP="EVOL4" OUTPUTGROUP="EVOL4"/>
                    <TRANSFORMFIELD NAME="BASE_QUARTER_ACCUM_ID9" DESCRIPTION="" DATATYPE="integer" PORTTYPE="INPUT" PRECISION="10" SCALE="0" PICTURETEXT="" DEFAULTVALUE="" GROUP="LAST_5_Q1" OUTPUTGROUP="LAST_5_Q1"/>
                    <TRANSFORMFIELD NAME="QUARTER_ACCUM_ID9" DESCRIPTION="" DATATYPE="small integer" PORTTYPE="INPUT" PRECISION="5" SCALE="0" PICTURETEXT="" DEFAULTVALUE="" GROUP="LAST_5_Q1" OUTPUTGROUP="LAST_5_Q1"/>
                    <TRANSFORMFIELD NAME="QUARTER_ID9" DESCRIPTION="" DATATYPE="integer" PORTTYPE="INPUT" PRECISION="10" SCALE="0" PICTURETEXT="" DEFAULTVALUE="" GROUP="LAST_5_Q1" OUTPUTGROUP="LAST_5_Q1"/>
                    <TRANSFORMFIELD NAME="BASE_QUARTER_ACCUM_ID10" DESCRIPTION="" DATATYPE="integer" PORTTYPE="INPUT" PRECISION="10" SCALE="0" PICTURETEXT="" DEFAULTVALUE="" GROUP="LAST_5_Q2" OUTPUTGROUP="LAST_5_Q2"/>
                    <TRANSFORMFIELD NAME="QUARTER_ACCUM_ID10" DESCRIPTION="" DATATYPE="small integer" PORTTYPE="INPUT" PRECISION="5" SCALE="0" PICTURETEXT="" DEFAULTVALUE="" GROUP="LAST_5_Q2" OUTPUTGROUP="LAST_5_Q2"/>
                    <TRANSFORMFIELD NAME="QUARTER_ID10" DESCRIPTION="" DATATYPE="integer" PORTTYPE="INPUT" PRECISION="10" SCALE="0" PICTURETEXT="" DEFAULTVALUE="" GROUP="LAST_5_Q2" OUTPUTGROUP="LAST_5_Q2"/>
                    <TRANSFORMFIELD NAME="BASE_QUARTER_ACCUM_ID11" DESCRIPTION="" DATATYPE="integer" PORTTYPE="INPUT" PRECISION="10" SCALE="0" PICTURETEXT="" DEFAULTVALUE="" GROUP="LAST_5_Q3" OUTPUTGROUP="LAST_5_Q3"/>
                    <TRANSFORMFIELD NAME="QUARTER_ACCUM_ID11" DESCRIPTION="" DATATYPE="small integer" PORTTYPE="INPUT" PRECISION="5" SCALE="0" PICTURETEXT="" DEFAULTVALUE="" GROUP="LAST_5_Q3" OUTPUTGROUP="LAST_5_Q3"/>
                    <TRANSFORMFIELD NAME="QUARTER_ID11" DESCRIPTION="" DATATYPE="integer" PORTTYPE="INPUT" PRECISION="10" SCALE="0" PICTURETEXT="" DEFAULTVALUE="" GROUP="LAST_5_Q3" OUTPUTGROUP="LAST_5_Q3"/>
                    <TRANSFORMFIELD NAME="BASE_QUARTER_ACCUM_ID12" DESCRIPTION="" DATATYPE="integer" PORTTYPE="INPUT" PRECISION="10" SCALE="0" PICTURETEXT="" DEFAULTVALUE="" GROUP="LAST_5_Q4" OUTPUTGROUP="LAST_5_Q4"/>
                    <TRANSFORMFIELD NAME="QUARTER_ACCUM_ID12" DESCRIPTION="" DATATYPE="small integer" PORTTYPE="INPUT" PRECISION="5" SCALE="0" PICTURETEXT="" DEFAULTVALUE="" GROUP="LAST_5_Q4" OUTPUTGROUP="LAST_5_Q4"/>
                    <TRANSFORMFIELD NAME="QUARTER_ID12" DESCRIPTION="" DATATYPE="integer" PORTTYPE="INPUT" PRECISION="10" SCALE="0" PICTURETEXT="" DEFAULTVALUE="" GROUP="LAST_5_Q4" OUTPUTGROUP="LAST_5_Q4"/>
                    <TRANSFORMFIELD NAME="BASE_QUARTER_ACCUM_ID13" DESCRIPTION="" DATATYPE="integer" PORTTYPE="INPUT" PRECISION="10" SCALE="0" PICTURETEXT="" DEFAULTVALUE="" GROUP="LAST_5_Q5" OUTPUTGROUP="LAST_5_Q5"/>
                    <TRANSFORMFIELD NAME="QUARTER_ACCUM_ID13" DESCRIPTION="" DATATYPE="small integer" PORTTYPE="INPUT" PRECISION="5" SCALE="0" PICTURETEXT="" DEFAULTVALUE="" GROUP="LAST_5_Q5" OUTPUTGROUP="LAST_5_Q5"/>
                    <TRANSFORMFIELD NAME="QUARTER_ID13" DESCRIPTION="" DATATYPE="integer" PORTTYPE="INPUT" PRECISION="10" SCALE="0" PICTURETEXT="" DEFAULTVALUE="" GROUP="LAST_5_Q5" OUTPUTGROUP="LAST_5_Q5"/>
                    <TABLEATTRIBUTE NAME="Language" VALUE="C"/>
                    <TABLEATTRIBUTE NAME="Module Identifier" VALUE="pmuniontrans"/>
                    <TABLEATTRIBUTE NAME="Class Name" VALUE=""/>
                    <TABLEATTRIBUTE NAME="Function Identifier" VALUE="pmunionfunc"/>
                    <TABLEATTRIBUTE NAME="Runtime Location" VALUE=""/>
                    <TABLEATTRIBUTE NAME="Tracing Level" VALUE="Normal"/>
                    <TABLEATTRIBUTE NAME="Is Partitionable" VALUE="Across Grid"/>
                    <TABLEATTRIBUTE NAME="Inputs Must Block" VALUE="NO"/>
                    <TABLEATTRIBUTE NAME="Is Active" VALUE="YES"/>
                    <TABLEATTRIBUTE NAME="Update Strategy Transformation" VALUE="NO"/>
                    <TABLEATTRIBUTE NAME="Transformation Scope" VALUE="Row"/>
                    <TABLEATTRIBUTE NAME="Generate Transaction" VALUE="NO"/>
                    <TABLEATTRIBUTE NAME="Output Is Repeatable" VALUE="Never"/>
                    <TABLEATTRIBUTE NAME="Requires Single Thread Per Partition" VALUE="NO"/>
                    <TABLEATTRIBUTE NAME="Output Is Deterministic" VALUE="YES"/>
                    <TABLEATTRIBUTE NAME="Preserves Data Set Boundary" VALUE="No"/>
                    <INITPROP NAME="Programmatic Identifier for Class Factory" VALUE="" DESCRIPTION="" USERDEFINED="NO"/>
                    <INITPROP NAME="Constructor" VALUE="" DESCRIPTION="" USERDEFINED="NO"/>
                    <FIELDDEPENDENCY INPUTFIELD="BASE_QUARTER_ACCUM_ID2" OUTPUTFIELD="BASE_QUARTER_ACCUM_ID"/>
                    <FIELDDEPENDENCY INPUTFIELD="BASE_QUARTER_ACCUM_ID3" OUTPUTFIELD="BASE_QUARTER_ACCUM_ID"/>
                    <FIELDDEPENDENCY INPUTFIELD="BASE_QUARTER_ACCUM_ID4" OUTPUTFIELD="BASE_QUARTER_ACCUM_ID"/>
                    <FIELDDEPENDENCY INPUTFIELD="BASE_QUARTER_ACCUM_ID5" OUTPUTFIELD="BASE_QUARTER_ACCUM_ID"/>
                    <FIELDDEPENDENCY INPUTFIELD="BASE_QUARTER_ACCUM_ID6" OUTPUTFIELD="BASE_QUARTER_ACCUM_ID"/>
                    <FIELDDEPENDENCY INPUTFIELD="BASE_QUARTER_ACCUM_ID7" OUTPUTFIELD="BASE_QUARTER_ACCUM_ID"/>
                    <FIELDDEPENDENCY INPUTFIELD="BASE_QUARTER_ACCUM_ID8" OUTPUTFIELD="BASE_QUARTER_ACCUM_ID"/>
                    <FIELDDEPENDENCY INPUTFIELD="BASE_QUARTER_ACCUM_ID9" OUTPUTFIELD="BASE_QUARTER_ACCUM_ID"/>
                    <FIELDDEPENDENCY INPUTFIELD="BASE_QUARTER_ACCUM_ID10" OUTPUTFIELD="BASE_QUARTER_ACCUM_ID"/>
                    <FIELDDEPENDENCY INPUTFIELD="BASE_QUARTER_ACCUM_ID11" OUTPUTFIELD="BASE_QUARTER_ACCUM_ID"/>
                    <FIELDDEPENDENCY INPUTFIELD="BASE_QUARTER_ACCUM_ID12" OUTPUTFIELD="BASE_QUARTER_ACCUM_ID"/>
                    <FIELDDEPENDENCY INPUTFIELD="BASE_QUARTER_ACCUM_ID13" OUTPUTFIELD="BASE_QUARTER_ACCUM_ID"/>
                    <FIELDDEPENDENCY INPUTFIELD="QUARTER_ACCUM_ID2" OUTPUTFIELD="QUARTER_ACCUM_ID"/>
                    <FIELDDEPENDENCY INPUTFIELD="QUARTER_ACCUM_ID3" OUTPUTFIELD="QUARTER_ACCUM_ID"/>
                    <FIELDDEPENDENCY INPUTFIELD="QUARTER_ACCUM_ID4" OUTPUTFIELD="QUARTER_ACCUM_ID"/>
                    <FIELDDEPENDENCY INPUTFIELD="QUARTER_ACCUM_ID5" OUTPUTFIELD="QUARTER_ACCUM_ID"/>
                    <FIELDDEPENDENCY INPUTFIELD="QUARTER_ACCUM_ID6" OUTPUTFIELD="QUARTER_ACCUM_ID"/>
                    <FIELDDEPENDENCY INPUTFIELD="QUARTER_ACCUM_ID7" OUTPUTFIELD="QUARTER_ACCUM_ID"/>
                    <FIELDDEPENDENCY INPUTFIELD="QUARTER_ACCUM_ID8" OUTPUTFIELD="QUARTER_ACCUM_ID"/>
                    <FIELDDEPENDENCY INPUTFIELD="QUARTER_ACCUM_ID9" OUTPUTFIELD="QUARTER_ACCUM_ID"/>
                    <FIELDDEPENDENCY INPUTFIELD="QUARTER_ACCUM_ID10" OUTPUTFIELD="QUARTER_ACCUM_ID"/>
                    <FIELDDEPENDENCY INPUTFIELD="QUARTER_ACCUM_ID11" OUTPUTFIELD="QUARTER_ACCUM_ID"/>
                    <FIELDDEPENDENCY INPUTFIELD="QUARTER_ACCUM_ID12" OUTPUTFIELD="QUARTER_ACCUM_ID"/>
                    <FIELDDEPENDENCY INPUTFIELD="QUARTER_ACCUM_ID13" OUTPUTFIELD="QUARTER_ACCUM_ID"/>
                    <FIELDDEPENDENCY INPUTFIELD="QUARTER_ID2" OUTPUTFIELD="QUARTER_ID"/>
                    <FIELDDEPENDENCY INPUTFIELD="QUARTER_ID3" OUTPUTFIELD="QUARTER_ID"/>
                    <FIELDDEPENDENCY INPUTFIELD="QUARTER_ID4" OUTPUTFIELD="QUARTER_ID"/>
                    <FIELDDEPENDENCY INPUTFIELD="QUARTER_ID5" OUTPUTFIELD="QUARTER_ID"/>
                    <FIELDDEPENDENCY INPUTFIELD="QUARTER_ID6" OUTPUTFIELD="QUARTER_ID"/>
                    <FIELDDEPENDENCY INPUTFIELD="QUARTER_ID7" OUTPUTFIELD="QUARTER_ID"/>
                    <FIELDDEPENDENCY INPUTFIELD="QUARTER_ID8" OUTPUTFIELD="QUARTER_ID"/>
                    <FIELDDEPENDENCY INPUTFIELD="QUARTER_ID9" OUTPUTFIELD="QUARTER_ID"/>
                    <FIELDDEPENDENCY INPUTFIELD="QUARTER_ID10" OUTPUTFIELD="QUARTER_ID"/>
                    <FIELDDEPENDENCY INPUTFIELD="QUARTER_ID11" OUTPUTFIELD="QUARTER_ID"/>
                    <FIELDDEPENDENCY INPUTFIELD="QUARTER_ID12" OUTPUTFIELD="QUARTER_ID"/>
                    <FIELDDEPENDENCY INPUTFIELD="QUARTER_ID13" OUTPUTFIELD="QUARTER_ID"/>
                </TRANSFORMATION>
                <INSTANCE NAME="" TYPE="SOURCE" REUSABLE="NO" TRANSFORMATION_TYPE="Source Definition" TRANSFORMATION_NAME="" DBDNAME="DB2"/>
                <INSTANCE NAME="CSS01LF04T" TYPE="TARGET" REUSABLE="NO" TRANSFORMATION_TYPE="Target Definition" TRANSFORMATION_NAME="CSS01LF04T"/>
                <INSTANCE NAME="UN_QUARTER" TYPE="TRANSFORMATION" REUSABLE="NO" TRANSFORMATION_TYPE="Custom Transformation" TRANSFORMATION_NAME="UN_QUARTER"/>
                <INSTANCE NAME="SQ_UN_QUARTER" TYPE="TRANSFORMATION" REUSABLE="NO" TRANSFORMATION_TYPE="Source Qualifier" TRANSFORMATION_NAME="SQ_UN_QUARTER">
                    <ASSOCIATED_SOURCE_INSTANCE NAME=""/>
                </INSTANCE>
                <CONNECTOR FROMINSTANCE="UN_QUARTER" FROMINSTANCETYPE="Custom Transformation" FROMFIELD="BASE_QUARTER_ACCUM_ID" TOINSTANCE="CSS01LF04T" TOINSTANCETYPE="Target Definition" TOFIELD="BASE_QUARTER_ACCUM_ID"/>
                <CONNECTOR FROMINSTANCE="UN_QUARTER" FROMINSTANCETYPE="Custom Transformation" FROMFIELD="QUARTER_ACCUM_ID" TOINSTANCE="CSS01LF04T" TOINSTANCETYPE="Target Definition" TOFIELD="QUARTER_ACCUM_ID"/>
                <CONNECTOR FROMINSTANCE="UN_QUARTER" FROMINSTANCETYPE="Custom Transformation" FROMFIELD="QUARTER_ID" TOINSTANCE="CSS01LF04T" TOINSTANCETYPE="Target Definition" TOFIELD="QUARTER_ID"/>
                <CONNECTOR FROMINSTANCE="UN_QUARTER" FROMINSTANCETYPE="Custom Transformation" FROMFIELD="BASE_QUARTER_ACCUM_ID" TOINSTANCE="CSS01LF04T" TOINSTANCETYPE="Target Definition" TOFIELD="BASE_QUARTER_ACCUM_ID"/>
                <CONNECTOR FROMINSTANCE="UN_QUARTER" FROMINSTANCETYPE="Custom Transformation" FROMFIELD="QUARTER_ACCUM_ID" TOINSTANCE="CSS01LF04T" TOINSTANCETYPE="Target Definition" TOFIELD="QUARTER_ACCUM_ID"/>
                <CONNECTOR FROMINSTANCE="UN_QUARTER" FROMINSTANCETYPE="Custom Transformation" FROMFIELD="QUARTER_ID" TOINSTANCE="CSS01LF04T" TOINSTANCETYPE="Target Definition" TOFIELD="QUARTER_ID"/>
                <CONNECTOR FROMINSTANCE="UN_QUARTER" FROMINSTANCETYPE="Custom Transformation" FROMFIELD="BASE_QUARTER_ACCUM_ID" TOINSTANCE="CSS01LF04T" TOINSTANCETYPE="Target Definition" TOFIELD="BASE_QUARTER_ACCUM_ID"/>
                <CONNECTOR FROMINSTANCE="UN_QUARTER" FROMINSTANCETYPE="Custom Transformation" FROMFIELD="QUARTER_ACCUM_ID" TOINSTANCE="CSS01LF04T" TOINSTANCETYPE="Target Definition" TOFIELD="QUARTER_ACCUM_ID"/>
                <CONNECTOR FROMINSTANCE="UN_QUARTER" FROMINSTANCETYPE="Custom Transformation" FROMFIELD="QUARTER_ID" TOINSTANCE="CSS01LF04T" TOINSTANCETYPE="Target Definition" TOFIELD="QUARTER_ID"/>
                <CONNECTOR FROMINSTANCE="" FROMINSTANCETYPE="Source Definition" FROMFIELD="BASE_QUARTER_ACCUM_ID2" TOINSTANCE="SQ_UN_QUARTER" TOINSTANCETYPE="Source Qualifier" TOFIELD="BASE_QUARTER_ACCUM_ID2"/>
                <CONNECTOR FROMINSTANCE="SQ_UN_QUARTER" FROMINSTANCETYPE="Source Qualifier" FROMFIELD="BASE_QUARTER_ACCUM_ID2" TOINSTANCE="UN_QUARTER" TOINSTANCETYPE="Custom Transformation" TOFIELD="BASE_QUARTER_ACCUM_ID2"/>
                <CONNECTOR FROMINSTANCE="" FROMINSTANCETYPE="Source Definition" FROMFIELD="QUARTER_ACCUM_ID2" TOINSTANCE="SQ_UN_QUARTER" TOINSTANCETYPE="Source Qualifier" TOFIELD="QUARTER_ACCUM_ID2"/>
                <CONNECTOR FROMINSTANCE="SQ_UN_QUARTER" FROMINSTANCETYPE="Source Qualifier" FROMFIELD="QUARTER_ACCUM_ID2" TOINSTANCE="UN_QUARTER" TOINSTANCETYPE="Custom Transformation" TOFIELD="QUARTER_ACCUM_ID2"/>
                <CONNECTOR FROMINSTANCE="" FROMINSTANCETYPE="Source Definition" FROMFIELD="QUARTER_ID2" TOINSTANCE="SQ_UN_QUARTER" TOINSTANCETYPE="Source Qualifier" TOFIELD="QUARTER_ID2"/>
                <CONNECTOR FROMINSTANCE="SQ_UN_QUARTER" FROMINSTANCETYPE="Source Qualifier" FROMFIELD="QUARTER_ID2" TOINSTANCE="UN_QUARTER" TOINSTANCETYPE="Custom Transformation" TOFIELD="QUARTER_ID2"/>
                <CONNECTOR FROMINSTANCE="" FROMINSTANCETYPE="Source Definition" FROMFIELD="BASE_QUARTER_ACCUM_ID3" TOINSTANCE="SQ_UN_QUARTER" TOINSTANCETYPE="Source Qualifier" TOFIELD="BASE_QUARTER_ACCUM_ID3"/>
                <CONNECTOR FROMINSTANCE="SQ_UN_QUARTER" FROMINSTANCETYPE="Source Qualifier" FROMFIELD="BASE_QUARTER_ACCUM_ID3" TOINSTANCE="UN_QUARTER" TOINSTANCETYPE="Custom Transformation" TOFIELD="BASE_QUARTER_ACCUM_ID3"/>
                <CONNECTOR FROMINSTANCE="" FROMINSTANCETYPE="Source Definition" FROMFIELD="QUARTER_ACCUM_ID3" TOINSTANCE="SQ_UN_QUARTER" TOINSTANCETYPE="Source Qualifier" TOFIELD="QUARTER_ACCUM_ID3"/>
                <CONNECTOR FROMINSTANCE="SQ_UN_QUARTER" FROMINSTANCETYPE="Source Qualifier" FROMFIELD="QUARTER_ACCUM_ID3" TOINSTANCE="UN_QUARTER" TOINSTANCETYPE="Custom Transformation" TOFIELD="QUARTER_ACCUM_ID3"/>
                <CONNECTOR FROMINSTANCE="" FROMINSTANCETYPE="Source Definition" FROMFIELD="QUARTER_ID3" TOINSTANCE="SQ_UN_QUARTER" TOINSTANCETYPE="Source Qualifier" TOFIELD="QUARTER_ID3"/>
                <CONNECTOR FROMINSTANCE="SQ_UN_QUARTER" FROMINSTANCETYPE="Source Qualifier" FROMFIELD="QUARTER_ID3" TOINSTANCE="UN_QUARTER" TOINSTANCETYPE="Custom Transformation" TOFIELD="QUARTER_ID3"/>
                <CONNECTOR FROMINSTANCE="" FROMINSTANCETYPE="Source Definition" FROMFIELD="BASE_QUARTER_ACCUM_ID4" TOINSTANCE="SQ_UN_QUARTER" TOINSTANCETYPE="Source Qualifier" TOFIELD="BASE_QUARTER_ACCUM_ID4"/>
                <CONNECTOR FROMINSTANCE="SQ_UN_QUARTER" FROMINSTANCETYPE="Source Qualifier" FROMFIELD="BASE_QUARTER_ACCUM_ID4" TOINSTANCE="UN_QUARTER" TOINSTANCETYPE="Custom Transformation" TOFIELD="BASE_QUARTER_ACCUM_ID4"/>
                <CONNECTOR FROMINSTANCE="" FROMINSTANCETYPE="Source Definition" FROMFIELD="QUARTER_ACCUM_ID4" TOINSTANCE="SQ_UN_QUARTER" TOINSTANCETYPE="Source Qualifier" TOFIELD="QUARTER_ACCUM_ID4"/>
                <CONNECTOR FROMINSTANCE="SQ_UN_QUARTER" FROMINSTANCETYPE="Source Qualifier" FROMFIELD="QUARTER_ACCUM_ID4" TOINSTANCE="UN_QUARTER" TOINSTANCETYPE="Custom Transformation" TOFIELD="QUARTER_ACCUM_ID4"/>
                <CONNECTOR FROMINSTANCE="" FROMINSTANCETYPE="Source Definition" FROMFIELD="QUARTER_ID4" TOINSTANCE="SQ_UN_QUARTER" TOINSTANCETYPE="Source Qualifier" TOFIELD="QUARTER_ID4"/>
                <CONNECTOR FROMINSTANCE="SQ_UN_QUARTER" FROMINSTANCETYPE="Source Qualifier" FROMFIELD="QUARTER_ID4" TOINSTANCE="UN_QUARTER" TOINSTANCETYPE="Custom Transformation" TOFIELD="QUARTER_ID4"/>
                <CONNECTOR FROMINSTANCE="" FROMINSTANCETYPE="Source Definition" FROMFIELD="BASE_QUARTER_ACCUM_ID5" TOINSTANCE="SQ_UN_QUARTER" TOINSTANCETYPE="Source Qualifier" TOFIELD="BASE_QUARTER_ACCUM_ID5"/>
                <CONNECTOR FROMINSTANCE="SQ_UN_QUARTER" FROMINSTANCETYPE="Source Qualifier" FROMFIELD="BASE_QUARTER_ACCUM_ID5" TOINSTANCE="UN_QUARTER" TOINSTANCETYPE="Custom Transformation" TOFIELD="BASE_QUARTER_ACCUM_ID5"/>
                <CONNECTOR FROMINSTANCE="" FROMINSTANCETYPE="Source Definition" FROMFIELD="QUARTER_ACCUM_ID5" TOINSTANCE="SQ_UN_QUARTER" TOINSTANCETYPE="Source Qualifier" TOFIELD="QUARTER_ACCUM_ID5"/>
                <CONNECTOR FROMINSTANCE="SQ_UN_QUARTER" FROMINSTANCETYPE="Source Qualifier" FROMFIELD="QUARTER_ACCUM_ID5" TOINSTANCE="UN_QUARTER" TOINSTANCETYPE="Custom Transformation" TOFIELD="QUARTER_ACCUM_ID5"/>
                <CONNECTOR FROMINSTANCE="" FROMINSTANCETYPE="Source Definition" FROMFIELD="QUARTER_ID5" TOINSTANCE="SQ_UN_QUARTER" TOINSTANCETYPE="Source Qualifier" TOFIELD="QUARTER_ID5"/>
                <CONNECTOR FROMINSTANCE="SQ_UN_QUARTER" FROMINSTANCETYPE="Source Qualifier" FROMFIELD="QUARTER_ID5" TOINSTANCE="UN_QUARTER" TOINSTANCETYPE="Custom Transformation" TOFIELD="QUARTER_ID5"/>
                <CONNECTOR FROMINSTANCE="" FROMINSTANCETYPE="Source Definition" FROMFIELD="BASE_QUARTER_ACCUM_ID6" TOINSTANCE="SQ_UN_QUARTER" TOINSTANCETYPE="Source Qualifier" TOFIELD="BASE_QUARTER_ACCUM_ID6"/>
                <CONNECTOR FROMINSTANCE="SQ_UN_QUARTER" FROMINSTANCETYPE="Source Qualifier" FROMFIELD="BASE_QUARTER_ACCUM_ID6" TOINSTANCE="UN_QUARTER" TOINSTANCETYPE="Custom Transformation" TOFIELD="BASE_QUARTER_ACCUM_ID6"/>
                <CONNECTOR FROMINSTANCE="" FROMINSTANCETYPE="Source Definition" FROMFIELD="QUARTER_ACCUM_ID6" TOINSTANCE="SQ_UN_QUARTER" TOINSTANCETYPE="Source Qualifier" TOFIELD="QUARTER_ACCUM_ID6"/>
                <CONNECTOR FROMINSTANCE="SQ_UN_QUARTER" FROMINSTANCETYPE="Source Qualifier" FROMFIELD="QUARTER_ACCUM_ID6" TOINSTANCE="UN_QUARTER" TOINSTANCETYPE="Custom Transformation" TOFIELD="QUARTER_ACCUM_ID6"/>
                <CONNECTOR FROMINSTANCE="" FROMINSTANCETYPE="Source Definition" FROMFIELD="QUARTER_ID6" TOINSTANCE="SQ_UN_QUARTER" TOINSTANCETYPE="Source Qualifier" TOFIELD="QUARTER_ID6"/>
                <CONNECTOR FROMINSTANCE="SQ_UN_QUARTER" FROMINSTANCETYPE="Source Qualifier" FROMFIELD="QUARTER_ID6" TOINSTANCE="UN_QUARTER" TOINSTANCETYPE="Custom Transformation" TOFIELD="QUARTER_ID6"/>
                <CONNECTOR FROMINSTANCE="" FROMINSTANCETYPE="Source Definition" FROMFIELD="BASE_QUARTER_ACCUM_ID7" TOINSTANCE="SQ_UN_QUARTER" TOINSTANCETYPE="Source Qualifier" TOFIELD="BASE_QUARTER_ACCUM_ID7"/>
                <CONNECTOR FROMINSTANCE="SQ_UN_QUARTER" FROMINSTANCETYPE="Source Qualifier" FROMFIELD="BASE_QUARTER_ACCUM_ID7" TOINSTANCE="UN_QUARTER" TOINSTANCETYPE="Custom Transformation" TOFIELD="BASE_QUARTER_ACCUM_ID7"/>
                <CONNECTOR FROMINSTANCE="" FROMINSTANCETYPE="Source Definition" FROMFIELD="QUARTER_ACCUM_ID7" TOINSTANCE="SQ_UN_QUARTER" TOINSTANCETYPE="Source Qualifier" TOFIELD="QUARTER_ACCUM_ID7"/>
                <CONNECTOR FROMINSTANCE="SQ_UN_QUARTER" FROMINSTANCETYPE="Source Qualifier" FROMFIELD="QUARTER_ACCUM_ID7" TOINSTANCE="UN_QUARTER" TOINSTANCETYPE="Custom Transformation" TOFIELD="QUARTER_ACCUM_ID7"/>
                <CONNECTOR FROMINSTANCE="" FROMINSTANCETYPE="Source Definition" FROMFIELD="QUARTER_ID7" TOINSTANCE="SQ_UN_QUARTER" TOINSTANCETYPE="Source Qualifier" TOFIELD="QUARTER_ID7"/>
                <CONNECTOR FROMINSTANCE="SQ_UN_QUARTER" FROMINSTANCETYPE="Source Qualifier" FROMFIELD="QUARTER_ID7" TOINSTANCE="UN_QUARTER" TOINSTANCETYPE="Custom Transformation" TOFIELD="QUARTER_ID7"/>
                <CONNECTOR FROMINSTANCE="" FROMINSTANCETYPE="Source Definition" FROMFIELD="BASE_QUARTER_ACCUM_ID8" TOINSTANCE="SQ_UN_QUARTER" TOINSTANCETYPE="Source Qualifier" TOFIELD="BASE_QUARTER_ACCUM_ID8"/>
                <CONNECTOR FROMINSTANCE="SQ_UN_QUARTER" FROMINSTANCETYPE="Source Qualifier" FROMFIELD="BASE_QUARTER_ACCUM_ID8" TOINSTANCE="UN_QUARTER" TOINSTANCETYPE="Custom Transformation" TOFIELD="BASE_QUARTER_ACCUM_ID8"/>
                <CONNECTOR FROMINSTANCE="" FROMINSTANCETYPE="Source Definition" FROMFIELD="QUARTER_ACCUM_ID8" TOINSTANCE="SQ_UN_QUARTER" TOINSTANCETYPE="Source Qualifier" TOFIELD="QUARTER_ACCUM_ID8"/>
                <CONNECTOR FROMINSTANCE="SQ_UN_QUARTER" FROMINSTANCETYPE="Source Qualifier" FROMFIELD="QUARTER_ACCUM_ID8" TOINSTANCE="UN_QUARTER" TOINSTANCETYPE="Custom Transformation" TOFIELD="QUARTER_ACCUM_ID8"/>
                <CONNECTOR FROMINSTANCE="" FROMINSTANCETYPE="Source Definition" FROMFIELD="QUARTER_ID8" TOINSTANCE="SQ_UN_QUARTER" TOINSTANCETYPE="Source Qualifier" TOFIELD="QUARTER_ID8"/>
                <CONNECTOR FROMINSTANCE="SQ_UN_QUARTER" FROMINSTANCETYPE="Source Qualifier" FROMFIELD="QUARTER_ID8" TOINSTANCE="UN_QUARTER" TOINSTANCETYPE="Custom Transformation" TOFIELD="QUARTER_ID8"/>
                <CONNECTOR FROMINSTANCE="" FROMINSTANCETYPE="Source Definition" FROMFIELD="BASE_QUARTER_ACCUM_ID9" TOINSTANCE="SQ_UN_QUARTER" TOINSTANCETYPE="Source Qualifier" TOFIELD="BASE_QUARTER_ACCUM_ID9"/>
                <CONNECTOR FROMINSTANCE="SQ_UN_QUARTER" FROMINSTANCETYPE="Source Qualifier" FROMFIELD="BASE_QUARTER_ACCUM_ID9" TOINSTANCE="UN_QUARTER" TOINSTANCETYPE="Custom Transformation" TOFIELD="BASE_QUARTER_ACCUM_ID9"/>
                <CONNECTOR FROMINSTANCE="" FROMINSTANCETYPE="Source Definition" FROMFIELD="QUARTER_ACCUM_ID9" TOINSTANCE="SQ_UN_QUARTER" TOINSTANCETYPE="Source Qualifier" TOFIELD="QUARTER_ACCUM_ID9"/>
                <CONNECTOR FROMINSTANCE="SQ_UN_QUARTER" FROMINSTANCETYPE="Source Qualifier" FROMFIELD="QUARTER_ACCUM_ID9" TOINSTANCE="UN_QUARTER" TOINSTANCETYPE="Custom Transformation" TOFIELD="QUARTER_ACCUM_ID9"/>
                <CONNECTOR FROMINSTANCE="" FROMINSTANCETYPE="Source Definition" FROMFIELD="QUARTER_ID9" TOINSTANCE="SQ_UN_QUARTER" TOINSTANCETYPE="Source Qualifier" TOFIELD="QUARTER_ID9"/>
                <CONNECTOR FROMINSTANCE="SQ_UN_QUARTER" FROMINSTANCETYPE="Source Qualifier" FROMFIELD="QUARTER_ID9" TOINSTANCE="UN_QUARTER" TOINSTANCETYPE="Custom Transformation" TOFIELD="QUARTER_ID9"/>
                <CONNECTOR FROMINSTANCE="" FROMINSTANCETYPE="Source Definition" FROMFIELD="BASE_QUARTER_ACCUM_ID10" TOINSTANCE="SQ_UN_QUARTER" TOINSTANCETYPE="Source Qualifier" TOFIELD="BASE_QUARTER_ACCUM_ID10"/>
                <CONNECTOR FROMINSTANCE="SQ_UN_QUARTER" FROMINSTANCETYPE="Source Qualifier" FROMFIELD="BASE_QUARTER_ACCUM_ID10" TOINSTANCE="UN_QUARTER" TOINSTANCETYPE="Custom Transformation" TOFIELD="BASE_QUARTER_ACCUM_ID10"/>
                <CONNECTOR FROMINSTANCE="" FROMINSTANCETYPE="Source Definition" FROMFIELD="QUARTER_ACCUM_ID10" TOINSTANCE="SQ_UN_QUARTER" TOINSTANCETYPE="Source Qualifier" TOFIELD="QUARTER_ACCUM_ID10"/>
                <CONNECTOR FROMINSTANCE="SQ_UN_QUARTER" FROMINSTANCETYPE="Source Qualifier" FROMFIELD="QUARTER_ACCUM_ID10" TOINSTANCE="UN_QUARTER" TOINSTANCETYPE="Custom Transformation" TOFIELD="QUARTER_ACCUM_ID10"/>
                <CONNECTOR FROMINSTANCE="" FROMINSTANCETYPE="Source Definition" FROMFIELD="QUARTER_ID10" TOINSTANCE="SQ_UN_QUARTER" TOINSTANCETYPE="Source Qualifier" TOFIELD="QUARTER_ID10"/>
                <CONNECTOR FROMINSTANCE="SQ_UN_QUARTER" FROMINSTANCETYPE="Source Qualifier" FROMFIELD="QUARTER_ID10" TOINSTANCE="UN_QUARTER" TOINSTANCETYPE="Custom Transformation" TOFIELD="QUARTER_ID10"/>
                <CONNECTOR FROMINSTANCE="" FROMINSTANCETYPE="Source Definition" FROMFIELD="BASE_QUARTER_ACCUM_ID11" TOINSTANCE="SQ_UN_QUARTER" TOINSTANCETYPE="Source Qualifier" TOFIELD="BASE_QUARTER_ACCUM_ID11"/>
                <CONNECTOR FROMINSTANCE="SQ_UN_QUARTER" FROMINSTANCETYPE="Source Qualifier" FROMFIELD="BASE_QUARTER_ACCUM_ID11" TOINSTANCE="UN_QUARTER" TOINSTANCETYPE="Custom Transformation" TOFIELD="BASE_QUARTER_ACCUM_ID11"/>
                <CONNECTOR FROMINSTANCE="" FROMINSTANCETYPE="Source Definition" FROMFIELD="QUARTER_ACCUM_ID11" TOINSTANCE="SQ_UN_QUARTER" TOINSTANCETYPE="Source Qualifier" TOFIELD="QUARTER_ACCUM_ID11"/>
                <CONNECTOR FROMINSTANCE="SQ_UN_QUARTER" FROMINSTANCETYPE="Source Qualifier" FROMFIELD="QUARTER_ACCUM_ID11" TOINSTANCE="UN_QUARTER" TOINSTANCETYPE="Custom Transformation" TOFIELD="QUARTER_ACCUM_ID11"/>
                <CONNECTOR FROMINSTANCE="" FROMINSTANCETYPE="Source Definition" FROMFIELD="QUARTER_ID11" TOINSTANCE="SQ_UN_QUARTER" TOINSTANCETYPE="Source Qualifier" TOFIELD="QUARTER_ID11"/>
                <CONNECTOR FROMINSTANCE="SQ_UN_QUARTER" FROMINSTANCETYPE="Source Qualifier" FROMFIELD="QUARTER_ID11" TOINSTANCE="UN_QUARTER" TOINSTANCETYPE="Custom Transformation" TOFIELD="QUARTER_ID11"/>
                <CONNECTOR FROMINSTANCE="" FROMINSTANCETYPE="Source Definition" FROMFIELD="BASE_QUARTER_ACCUM_ID12" TOINSTANCE="SQ_UN_QUARTER" TOINSTANCETYPE="Source Qualifier" TOFIELD="BASE_QUARTER_ACCUM_ID12"/>
                <CONNECTOR FROMINSTANCE="SQ_UN_QUARTER" FROMINSTANCETYPE="Source Qualifier" FROMFIELD="BASE_QUARTER_ACCUM_ID12" TOINSTANCE="UN_QUARTER" TOINSTANCETYPE="Custom Transformation" TOFIELD="BASE_QUARTER_ACCUM_ID12"/>
                <CONNECTOR FROMINSTANCE="" FROMINSTANCETYPE="Source Definition" FROMFIELD="QUARTER_ACCUM_ID12" TOINSTANCE="SQ_UN_QUARTER" TOINSTANCETYPE="Source Qualifier" TOFIELD="QUARTER_ACCUM_ID12"/>
                <CONNECTOR FROMINSTANCE="SQ_UN_QUARTER" FROMINSTANCETYPE="Source Qualifier" FROMFIELD="QUARTER_ACCUM_ID12" TOINSTANCE="UN_QUARTER" TOINSTANCETYPE="Custom Transformation" TOFIELD="QUARTER_ACCUM_ID12"/>
                <CONNECTOR FROMINSTANCE="" FROMINSTANCETYPE="Source Definition" FROMFIELD="QUARTER_ID12" TOINSTANCE="SQ_UN_QUARTER" TOINSTANCETYPE="Source Qualifier" TOFIELD="QUARTER_ID12"/>
                <CONNECTOR FROMINSTANCE="SQ_UN_QUARTER" FROMINSTANCETYPE="Source Qualifier" FROMFIELD="QUARTER_ID12" TOINSTANCE="UN_QUARTER" TOINSTANCETYPE="Custom Transformation" TOFIELD="QUARTER_ID12"/>
                <CONNECTOR FROMINSTANCE="" FROMINSTANCETYPE="Source Definition" FROMFIELD="BASE_QUARTER_ACCUM_ID13" TOINSTANCE="SQ_UN_QUARTER" TOINSTANCETYPE="Source Qualifier" TOFIELD="BASE_QUARTER_ACCUM_ID13"/>
                <CONNECTOR FROMINSTANCE="SQ_UN_QUARTER" FROMINSTANCETYPE="Source Qualifier" FROMFIELD="BASE_QUARTER_ACCUM_ID13" TOINSTANCE="UN_QUARTER" TOINSTANCETYPE="Custom Transformation" TOFIELD="BASE_QUARTER_ACCUM_ID13"/>
                <CONNECTOR FROMINSTANCE="" FROMINSTANCETYPE="Source Definition" FROMFIELD="QUARTER_ACCUM_ID13" TOINSTANCE="SQ_UN_QUARTER" TOINSTANCETYPE="Source Qualifier" TOFIELD="QUARTER_ACCUM_ID13"/>
                <CONNECTOR FROMINSTANCE="SQ_UN_QUARTER" FROMINSTANCETYPE="Source Qualifier" FROMFIELD="QUARTER_ACCUM_ID13" TOINSTANCE="UN_QUARTER" TOINSTANCETYPE="Custom Transformation" TOFIELD="QUARTER_ACCUM_ID13"/>
                <CONNECTOR FROMINSTANCE="" FROMINSTANCETYPE="Source Definition" FROMFIELD="QUARTER_ID13" TOINSTANCE="SQ_UN_QUARTER" TOINSTANCETYPE="Source Qualifier" TOFIELD="QUARTER_ID13"/>
                <CONNECTOR FROMINSTANCE="SQ_UN_QUARTER" FROMINSTANCETYPE="Source Qualifier" FROMFIELD="QUARTER_ID13" TOINSTANCE="UN_QUARTER" TOINSTANCETYPE="Custom Transformation" TOFIELD="QUARTER_ID13"/>
                <TARGETLOADORDER TARGETINSTANCE="CSS01LF04T" ORDER="1"/>
            </MAPPING>
        </FOLDER>
    </REPOSITORY>
</POWERMART>
