<?xml version="1.0" encoding="ISO-8859-1" standalone="yes"?>
<!DOCTYPE POWERMART SYSTEM "powrmart.dtd">
<POWERMART CREATION_DATE="30-11-2016" REPOSITORY_VERSION="1">
    <REPOSITORY NAME="NEWREP" DATABASETYPE="DB2" CODEPAGE="Latin1" VERSION="1">
        <FOLDER NAME="UN_MONTH_folder" DESCRIPTION="" SHARED="NOTSHARED" OWNER="EVERIS" GROUP="" PERMISSIONS="rwx---r--" UUID="">
            <SOURCE NAME="" DBDNAME="DB2" BUSINESSNAME="" DESCRIPTION="" OBJECTVERSION="1" OWNERNAME="OWNERNAME" DATABASETYPE="DB2" VERSIONNUMBER="1">
                <SOURCEFIELD NAME="BASE_MONTH_ACCUM_ID" BUSINESSNAME="" DESCRIPTION="" DATATYPE="integer" KEYTYPE="NOT A KEY" PRECISION="10" SCALE="0" NULLABLE="NULL" USAGE_FLAGS="" LEVEL="" FIELDTYPE="ELEMITEM" PICTURETEXT="" OCCURS="0" LENGTH="10" PHYSICALOFFSET="0" PHYSICALLENGTH="10" FIELDNUMBER="1" FIELDPROPERTY="0" HIDDEN="NO"/>
                <SOURCEFIELD NAME="MONTHLY_ACCUM_ID" BUSINESSNAME="" DESCRIPTION="" DATATYPE="smallint" KEYTYPE="NOT A KEY" PRECISION="5" SCALE="0" NULLABLE="NULL" USAGE_FLAGS="" LEVEL="" FIELDTYPE="ELEMITEM" PICTURETEXT="" OCCURS="0" LENGTH="5" PHYSICALOFFSET="10" PHYSICALLENGTH="5" FIELDNUMBER="2" FIELDPROPERTY="0" HIDDEN="NO"/>
                <SOURCEFIELD NAME="MONTH_ID" BUSINESSNAME="" DESCRIPTION="" DATATYPE="integer" KEYTYPE="NOT A KEY" PRECISION="10" SCALE="0" NULLABLE="NULL" USAGE_FLAGS="" LEVEL="" FIELDTYPE="ELEMITEM" PICTURETEXT="" OCCURS="0" LENGTH="10" PHYSICALOFFSET="15" PHYSICALLENGTH="10" FIELDNUMBER="3" FIELDPROPERTY="0" HIDDEN="NO"/>
            </SOURCE>
            <TARGET NAME="CSS01LF03T" BUSINESSNAME="" DESCRIPTION="" OBJECTVERSION="1" CONSTRAINT="" TABLEOPTIONS="" DATABASETYPE="DB2" VERSIONNUMBER="1">
                <TARGETFIELD NAME="BASE_MONTH_ACCUM_ID" BUSINESSNAME="" DESCRIPTION="" DATATYPE="integer" KEYTYPE="NOT A KEY" PRECISION="10" SCALE="0" FIELDNUMBER="1" NULLABLE="NULL" PICTURETEXT=""/>
                <TARGETFIELD NAME="MONTHLY_ACCUM_ID" BUSINESSNAME="" DESCRIPTION="" DATATYPE="smallint" KEYTYPE="NOT A KEY" PRECISION="5" SCALE="0" FIELDNUMBER="2" NULLABLE="NULL" PICTURETEXT=""/>
                <TARGETFIELD NAME="MONTH_ID" BUSINESSNAME="" DESCRIPTION="" DATATYPE="integer" KEYTYPE="NOT A KEY" PRECISION="10" SCALE="0" FIELDNUMBER="3" NULLABLE="NULL" PICTURETEXT=""/>
            </TARGET>
            <MAPPING NAME="m_UN_MONTH" DESCRIPTION="" OBJECTVERSION="1" ISVALID="YES" VERSIONNUMBER="1">
                <TRANSFORMATION NAME="SQ_UN_MONTH" TYPE="Source Qualifier" OBJECTVERSION="1" REUSABLE="NO" VERSIONNUMBER="1">
                    <TRANSFORMFIELD NAME="BASE_MONTH_ID2" DESCRIPTION="" DATATYPE="integer" PORTTYPE="INPUT/OUTPUT" PRECISION="10" SCALE="0" PICTURETEXT="" DEFAULTVALUE="" GROUP="MONTH_ID" OUTPUTGROUP="MONTH_ID"/>
                    <TRANSFORMFIELD NAME="MONTHLY_ACCUM_ID2" DESCRIPTION="" DATATYPE="integer" PORTTYPE="INPUT/OUTPUT" PRECISION="10" SCALE="0" PICTURETEXT="" DEFAULTVALUE="" GROUP="MONTH_ID" OUTPUTGROUP="MONTH_ID"/>
                    <TRANSFORMFIELD NAME="MONTH_ID2" DESCRIPTION="" DATATYPE="integer" PORTTYPE="INPUT/OUTPUT" PRECISION="10" SCALE="0" PICTURETEXT="" DEFAULTVALUE="" GROUP="MONTH_ID" OUTPUTGROUP="MONTH_ID"/>
                    <TRANSFORMFIELD NAME="BASE_MONTH_ID3" DESCRIPTION="" DATATYPE="integer" PORTTYPE="INPUT/OUTPUT" PRECISION="10" SCALE="0" PICTURETEXT="" DEFAULTVALUE="" GROUP="PREV_MONTH" OUTPUTGROUP="PREV_MONTH"/>
                    <TRANSFORMFIELD NAME="MONTHLY_ACCUM_ID3" DESCRIPTION="" DATATYPE="integer" PORTTYPE="INPUT/OUTPUT" PRECISION="10" SCALE="0" PICTURETEXT="" DEFAULTVALUE="" GROUP="PREV_MONTH" OUTPUTGROUP="PREV_MONTH"/>
                    <TRANSFORMFIELD NAME="MONTH_ID3" DESCRIPTION="" DATATYPE="integer" PORTTYPE="INPUT/OUTPUT" PRECISION="10" SCALE="0" PICTURETEXT="" DEFAULTVALUE="" GROUP="PREV_MONTH" OUTPUTGROUP="PREV_MONTH"/>
                    <TRANSFORMFIELD NAME="BASE_MONTH_ID4" DESCRIPTION="" DATATYPE="integer" PORTTYPE="INPUT/OUTPUT" PRECISION="10" SCALE="0" PICTURETEXT="" DEFAULTVALUE="" GROUP="PREV_YEAR" OUTPUTGROUP="PREV_YEAR"/>
                    <TRANSFORMFIELD NAME="MONTHLY_ACCUM_ID4" DESCRIPTION="" DATATYPE="integer" PORTTYPE="INPUT/OUTPUT" PRECISION="10" SCALE="0" PICTURETEXT="" DEFAULTVALUE="" GROUP="PREV_YEAR" OUTPUTGROUP="PREV_YEAR"/>
                    <TRANSFORMFIELD NAME="MONTH_ID4" DESCRIPTION="" DATATYPE="integer" PORTTYPE="INPUT/OUTPUT" PRECISION="10" SCALE="0" PICTURETEXT="" DEFAULTVALUE="" GROUP="PREV_YEAR" OUTPUTGROUP="PREV_YEAR"/>
                    <TRANSFORMFIELD NAME="BASE_MONTH_ID5" DESCRIPTION="" DATATYPE="integer" PORTTYPE="INPUT/OUTPUT" PRECISION="10" SCALE="0" PICTURETEXT="" DEFAULTVALUE="" GROUP="EVO_PREV_YEAR" OUTPUTGROUP="EVO_PREV_YEAR"/>
                    <TRANSFORMFIELD NAME="MONTHLY_ACCUM_ID5" DESCRIPTION="" DATATYPE="integer" PORTTYPE="INPUT/OUTPUT" PRECISION="10" SCALE="0" PICTURETEXT="" DEFAULTVALUE="" GROUP="EVO_PREV_YEAR" OUTPUTGROUP="EVO_PREV_YEAR"/>
                    <TRANSFORMFIELD NAME="MONTH_ID5" DESCRIPTION="" DATATYPE="integer" PORTTYPE="INPUT/OUTPUT" PRECISION="10" SCALE="0" PICTURETEXT="" DEFAULTVALUE="" GROUP="EVO_PREV_YEAR" OUTPUTGROUP="EVO_PREV_YEAR"/>
                    <TRANSFORMFIELD NAME="BASE_MONTH_ID6" DESCRIPTION="" DATATYPE="integer" PORTTYPE="INPUT/OUTPUT" PRECISION="10" SCALE="0" PICTURETEXT="" DEFAULTVALUE="" GROUP="EVO_PREV_QUA" OUTPUTGROUP="EVO_PREV_QUA"/>
                    <TRANSFORMFIELD NAME="MONTHLY_ACCUM_ID6" DESCRIPTION="" DATATYPE="integer" PORTTYPE="INPUT/OUTPUT" PRECISION="10" SCALE="0" PICTURETEXT="" DEFAULTVALUE="" GROUP="EVO_PREV_QUA" OUTPUTGROUP="EVO_PREV_QUA"/>
                    <TRANSFORMFIELD NAME="MONTH_ID6" DESCRIPTION="" DATATYPE="integer" PORTTYPE="INPUT/OUTPUT" PRECISION="10" SCALE="0" PICTURETEXT="" DEFAULTVALUE="" GROUP="EVO_PREV_QUA" OUTPUTGROUP="EVO_PREV_QUA"/>
                    <TRANSFORMFIELD NAME="BASE_MONTH_ID7" DESCRIPTION="" DATATYPE="integer" PORTTYPE="INPUT/OUTPUT" PRECISION="10" SCALE="0" PICTURETEXT="" DEFAULTVALUE="" GROUP="EVO_PREV_2MONTH" OUTPUTGROUP="EVO_PREV_2MONTH"/>
                    <TRANSFORMFIELD NAME="MONTHLY_ACCUM_ID7" DESCRIPTION="" DATATYPE="integer" PORTTYPE="INPUT/OUTPUT" PRECISION="10" SCALE="0" PICTURETEXT="" DEFAULTVALUE="" GROUP="EVO_PREV_2MONTH" OUTPUTGROUP="EVO_PREV_2MONTH"/>
                    <TRANSFORMFIELD NAME="MONTH_ID7" DESCRIPTION="" DATATYPE="integer" PORTTYPE="INPUT/OUTPUT" PRECISION="10" SCALE="0" PICTURETEXT="" DEFAULTVALUE="" GROUP="EVO_PREV_2MONTH" OUTPUTGROUP="EVO_PREV_2MONTH"/>
                    <TRANSFORMFIELD NAME="BASE_MONTH_ID8" DESCRIPTION="" DATATYPE="integer" PORTTYPE="INPUT/OUTPUT" PRECISION="10" SCALE="0" PICTURETEXT="" DEFAULTVALUE="" GROUP="EVO_PREV_MONTH" OUTPUTGROUP="EVO_PREV_MONTH"/>
                    <TRANSFORMFIELD NAME="MONTHLY_ACCUM_ID8" DESCRIPTION="" DATATYPE="integer" PORTTYPE="INPUT/OUTPUT" PRECISION="10" SCALE="0" PICTURETEXT="" DEFAULTVALUE="" GROUP="EVO_PREV_MONTH" OUTPUTGROUP="EVO_PREV_MONTH"/>
                    <TRANSFORMFIELD NAME="MONTH_ID8" DESCRIPTION="" DATATYPE="integer" PORTTYPE="INPUT/OUTPUT" PRECISION="10" SCALE="0" PICTURETEXT="" DEFAULTVALUE="" GROUP="EVO_PREV_MONTH" OUTPUTGROUP="EVO_PREV_MONTH"/>
                    <TRANSFORMFIELD NAME="BASE_MONTH_ID9" DESCRIPTION="" DATATYPE="integer" PORTTYPE="INPUT/OUTPUT" PRECISION="10" SCALE="0" PICTURETEXT="" DEFAULTVALUE="" GROUP="EVO_MONTH" OUTPUTGROUP="EVO_MONTH"/>
                    <TRANSFORMFIELD NAME="MONTHLY_ACCUM_ID9" DESCRIPTION="" DATATYPE="integer" PORTTYPE="INPUT/OUTPUT" PRECISION="10" SCALE="0" PICTURETEXT="" DEFAULTVALUE="" GROUP="EVO_MONTH" OUTPUTGROUP="EVO_MONTH"/>
                    <TRANSFORMFIELD NAME="MONTH_ID9" DESCRIPTION="" DATATYPE="integer" PORTTYPE="INPUT/OUTPUT" PRECISION="10" SCALE="0" PICTURETEXT="" DEFAULTVALUE="" GROUP="EVO_MONTH" OUTPUTGROUP="EVO_MONTH"/>
                    <TRANSFORMFIELD NAME="BASE_MONTH_ID10" DESCRIPTION="" DATATYPE="integer" PORTTYPE="INPUT/OUTPUT" PRECISION="10" SCALE="0" PICTURETEXT="" DEFAULTVALUE="" GROUP="LAST5QUA_PREV_YEAR" OUTPUTGROUP="LAST5QUA_PREV_YEAR"/>
                    <TRANSFORMFIELD NAME="MONTHLY_ACCUM_ID10" DESCRIPTION="" DATATYPE="integer" PORTTYPE="INPUT/OUTPUT" PRECISION="10" SCALE="0" PICTURETEXT="" DEFAULTVALUE="" GROUP="LAST5QUA_PREV_YEAR" OUTPUTGROUP="LAST5QUA_PREV_YEAR"/>
                    <TRANSFORMFIELD NAME="MONTH_ID10" DESCRIPTION="" DATATYPE="integer" PORTTYPE="INPUT/OUTPUT" PRECISION="10" SCALE="0" PICTURETEXT="" DEFAULTVALUE="" GROUP="LAST5QUA_PREV_YEAR" OUTPUTGROUP="LAST5QUA_PREV_YEAR"/>
                    <TRANSFORMFIELD NAME="BASE_MONTH_ID11" DESCRIPTION="" DATATYPE="integer" PORTTYPE="INPUT/OUTPUT" PRECISION="10" SCALE="0" PICTURETEXT="" DEFAULTVALUE="" GROUP="LAST5QUA_11" OUTPUTGROUP="LAST5QUA_11"/>
                    <TRANSFORMFIELD NAME="MONTHLY_ACCUM_ID11" DESCRIPTION="" DATATYPE="integer" PORTTYPE="INPUT/OUTPUT" PRECISION="10" SCALE="0" PICTURETEXT="" DEFAULTVALUE="" GROUP="LAST5QUA_11" OUTPUTGROUP="LAST5QUA_11"/>
                    <TRANSFORMFIELD NAME="MONTH_ID11" DESCRIPTION="" DATATYPE="integer" PORTTYPE="INPUT/OUTPUT" PRECISION="10" SCALE="0" PICTURETEXT="" DEFAULTVALUE="" GROUP="LAST5QUA_11" OUTPUTGROUP="LAST5QUA_11"/>
                    <TRANSFORMFIELD NAME="BASE_MONTH_ID12" DESCRIPTION="" DATATYPE="integer" PORTTYPE="INPUT/OUTPUT" PRECISION="10" SCALE="0" PICTURETEXT="" DEFAULTVALUE="" GROUP="LAST5QUA_10" OUTPUTGROUP="LAST5QUA_10"/>
                    <TRANSFORMFIELD NAME="MONTHLY_ACCUM_ID12" DESCRIPTION="" DATATYPE="integer" PORTTYPE="INPUT/OUTPUT" PRECISION="10" SCALE="0" PICTURETEXT="" DEFAULTVALUE="" GROUP="LAST5QUA_10" OUTPUTGROUP="LAST5QUA_10"/>
                    <TRANSFORMFIELD NAME="MONTH_ID12" DESCRIPTION="" DATATYPE="integer" PORTTYPE="INPUT/OUTPUT" PRECISION="10" SCALE="0" PICTURETEXT="" DEFAULTVALUE="" GROUP="LAST5QUA_10" OUTPUTGROUP="LAST5QUA_10"/>
                    <TRANSFORMFIELD NAME="BASE_MONTH_ID13" DESCRIPTION="" DATATYPE="integer" PORTTYPE="INPUT/OUTPUT" PRECISION="10" SCALE="0" PICTURETEXT="" DEFAULTVALUE="" GROUP="LAST5QUA_9" OUTPUTGROUP="LAST5QUA_9"/>
                    <TRANSFORMFIELD NAME="MONTHLY_ACCUM_ID13" DESCRIPTION="" DATATYPE="integer" PORTTYPE="INPUT/OUTPUT" PRECISION="10" SCALE="0" PICTURETEXT="" DEFAULTVALUE="" GROUP="LAST5QUA_9" OUTPUTGROUP="LAST5QUA_9"/>
                    <TRANSFORMFIELD NAME="MONTH_ID13" DESCRIPTION="" DATATYPE="integer" PORTTYPE="INPUT/OUTPUT" PRECISION="10" SCALE="0" PICTURETEXT="" DEFAULTVALUE="" GROUP="LAST5QUA_9" OUTPUTGROUP="LAST5QUA_9"/>
                    <TRANSFORMFIELD NAME="BASE_MONTH_ID14" DESCRIPTION="" DATATYPE="integer" PORTTYPE="INPUT/OUTPUT" PRECISION="10" SCALE="0" PICTURETEXT="" DEFAULTVALUE="" GROUP="LAST5QUA_8" OUTPUTGROUP="LAST5QUA_8"/>
                    <TRANSFORMFIELD NAME="MONTHLY_ACCUM_ID14" DESCRIPTION="" DATATYPE="integer" PORTTYPE="INPUT/OUTPUT" PRECISION="10" SCALE="0" PICTURETEXT="" DEFAULTVALUE="" GROUP="LAST5QUA_8" OUTPUTGROUP="LAST5QUA_8"/>
                    <TRANSFORMFIELD NAME="MONTH_ID14" DESCRIPTION="" DATATYPE="integer" PORTTYPE="INPUT/OUTPUT" PRECISION="10" SCALE="0" PICTURETEXT="" DEFAULTVALUE="" GROUP="LAST5QUA_8" OUTPUTGROUP="LAST5QUA_8"/>
                    <TRANSFORMFIELD NAME="BASE_MONTH_ID15" DESCRIPTION="" DATATYPE="integer" PORTTYPE="INPUT/OUTPUT" PRECISION="10" SCALE="0" PICTURETEXT="" DEFAULTVALUE="" GROUP="LAST5QUA_7" OUTPUTGROUP="LAST5QUA_7"/>
                    <TRANSFORMFIELD NAME="MONTHLY_ACCUM_ID15" DESCRIPTION="" DATATYPE="integer" PORTTYPE="INPUT/OUTPUT" PRECISION="10" SCALE="0" PICTURETEXT="" DEFAULTVALUE="" GROUP="LAST5QUA_7" OUTPUTGROUP="LAST5QUA_7"/>
                    <TRANSFORMFIELD NAME="MONTH_ID15" DESCRIPTION="" DATATYPE="integer" PORTTYPE="INPUT/OUTPUT" PRECISION="10" SCALE="0" PICTURETEXT="" DEFAULTVALUE="" GROUP="LAST5QUA_7" OUTPUTGROUP="LAST5QUA_7"/>
                    <TRANSFORMFIELD NAME="BASE_MONTH_ID16" DESCRIPTION="" DATATYPE="integer" PORTTYPE="INPUT/OUTPUT" PRECISION="10" SCALE="0" PICTURETEXT="" DEFAULTVALUE="" GROUP="LAST5QUA_6" OUTPUTGROUP="LAST5QUA_6"/>
                    <TRANSFORMFIELD NAME="MONTHLY_ACCUM_ID16" DESCRIPTION="" DATATYPE="integer" PORTTYPE="INPUT/OUTPUT" PRECISION="10" SCALE="0" PICTURETEXT="" DEFAULTVALUE="" GROUP="LAST5QUA_6" OUTPUTGROUP="LAST5QUA_6"/>
                    <TRANSFORMFIELD NAME="MONTH_ID16" DESCRIPTION="" DATATYPE="integer" PORTTYPE="INPUT/OUTPUT" PRECISION="10" SCALE="0" PICTURETEXT="" DEFAULTVALUE="" GROUP="LAST5QUA_6" OUTPUTGROUP="LAST5QUA_6"/>
                    <TRANSFORMFIELD NAME="BASE_MONTH_ID17" DESCRIPTION="" DATATYPE="integer" PORTTYPE="INPUT/OUTPUT" PRECISION="10" SCALE="0" PICTURETEXT="" DEFAULTVALUE="" GROUP="LAST5QUA_5" OUTPUTGROUP="LAST5QUA_5"/>
                    <TRANSFORMFIELD NAME="MONTHLY_ACCUM_ID17" DESCRIPTION="" DATATYPE="integer" PORTTYPE="INPUT/OUTPUT" PRECISION="10" SCALE="0" PICTURETEXT="" DEFAULTVALUE="" GROUP="LAST5QUA_5" OUTPUTGROUP="LAST5QUA_5"/>
                    <TRANSFORMFIELD NAME="MONTH_ID17" DESCRIPTION="" DATATYPE="integer" PORTTYPE="INPUT/OUTPUT" PRECISION="10" SCALE="0" PICTURETEXT="" DEFAULTVALUE="" GROUP="LAST5QUA_5" OUTPUTGROUP="LAST5QUA_5"/>
                    <TRANSFORMFIELD NAME="BASE_MONTH_ID18" DESCRIPTION="" DATATYPE="integer" PORTTYPE="INPUT/OUTPUT" PRECISION="10" SCALE="0" PICTURETEXT="" DEFAULTVALUE="" GROUP="LAST5QUA_4" OUTPUTGROUP="LAST5QUA_4"/>
                    <TRANSFORMFIELD NAME="MONTHLY_ACCUM_ID18" DESCRIPTION="" DATATYPE="integer" PORTTYPE="INPUT/OUTPUT" PRECISION="10" SCALE="0" PICTURETEXT="" DEFAULTVALUE="" GROUP="LAST5QUA_4" OUTPUTGROUP="LAST5QUA_4"/>
                    <TRANSFORMFIELD NAME="MONTH_ID18" DESCRIPTION="" DATATYPE="integer" PORTTYPE="INPUT/OUTPUT" PRECISION="10" SCALE="0" PICTURETEXT="" DEFAULTVALUE="" GROUP="LAST5QUA_4" OUTPUTGROUP="LAST5QUA_4"/>
                    <TRANSFORMFIELD NAME="BASE_MONTH_ID19" DESCRIPTION="" DATATYPE="integer" PORTTYPE="INPUT/OUTPUT" PRECISION="10" SCALE="0" PICTURETEXT="" DEFAULTVALUE="" GROUP="LAST5QUA_3" OUTPUTGROUP="LAST5QUA_3"/>
                    <TRANSFORMFIELD NAME="MONTHLY_ACCUM_ID19" DESCRIPTION="" DATATYPE="integer" PORTTYPE="INPUT/OUTPUT" PRECISION="10" SCALE="0" PICTURETEXT="" DEFAULTVALUE="" GROUP="LAST5QUA_3" OUTPUTGROUP="LAST5QUA_3"/>
                    <TRANSFORMFIELD NAME="MONTH_ID19" DESCRIPTION="" DATATYPE="integer" PORTTYPE="INPUT/OUTPUT" PRECISION="10" SCALE="0" PICTURETEXT="" DEFAULTVALUE="" GROUP="LAST5QUA_3" OUTPUTGROUP="LAST5QUA_3"/>
                    <TRANSFORMFIELD NAME="BASE_MONTH_ID20" DESCRIPTION="" DATATYPE="integer" PORTTYPE="INPUT/OUTPUT" PRECISION="10" SCALE="0" PICTURETEXT="" DEFAULTVALUE="" GROUP="LAST5QUA_2" OUTPUTGROUP="LAST5QUA_2"/>
                    <TRANSFORMFIELD NAME="MONTHLY_ACCUM_ID20" DESCRIPTION="" DATATYPE="integer" PORTTYPE="INPUT/OUTPUT" PRECISION="10" SCALE="0" PICTURETEXT="" DEFAULTVALUE="" GROUP="LAST5QUA_2" OUTPUTGROUP="LAST5QUA_2"/>
                    <TRANSFORMFIELD NAME="MONTH_ID20" DESCRIPTION="" DATATYPE="integer" PORTTYPE="INPUT/OUTPUT" PRECISION="10" SCALE="0" PICTURETEXT="" DEFAULTVALUE="" GROUP="LAST5QUA_2" OUTPUTGROUP="LAST5QUA_2"/>
                    <TRANSFORMFIELD NAME="BASE_MONTH_ID21" DESCRIPTION="" DATATYPE="integer" PORTTYPE="INPUT/OUTPUT" PRECISION="10" SCALE="0" PICTURETEXT="" DEFAULTVALUE="" GROUP="LAST5QUA_PREV_MONTH" OUTPUTGROUP="LAST5QUA_PREV_MONTH"/>
                    <TRANSFORMFIELD NAME="MONTHLY_ACCUM_ID21" DESCRIPTION="" DATATYPE="integer" PORTTYPE="INPUT/OUTPUT" PRECISION="10" SCALE="0" PICTURETEXT="" DEFAULTVALUE="" GROUP="LAST5QUA_PREV_MONTH" OUTPUTGROUP="LAST5QUA_PREV_MONTH"/>
                    <TRANSFORMFIELD NAME="MONTH_ID21" DESCRIPTION="" DATATYPE="integer" PORTTYPE="INPUT/OUTPUT" PRECISION="10" SCALE="0" PICTURETEXT="" DEFAULTVALUE="" GROUP="LAST5QUA_PREV_MONTH" OUTPUTGROUP="LAST5QUA_PREV_MONTH"/>
                    <TRANSFORMFIELD NAME="BASE_MONTH_ID22" DESCRIPTION="" DATATYPE="integer" PORTTYPE="INPUT/OUTPUT" PRECISION="10" SCALE="0" PICTURETEXT="" DEFAULTVALUE="" GROUP="LAST5QUA_MONTH_ID" OUTPUTGROUP="LAST5QUA_MONTH_ID"/>
                    <TRANSFORMFIELD NAME="MONTHLY_ACCUM_ID22" DESCRIPTION="" DATATYPE="integer" PORTTYPE="INPUT/OUTPUT" PRECISION="10" SCALE="0" PICTURETEXT="" DEFAULTVALUE="" GROUP="LAST5QUA_MONTH_ID" OUTPUTGROUP="LAST5QUA_MONTH_ID"/>
                    <TRANSFORMFIELD NAME="MONTH_ID22" DESCRIPTION="" DATATYPE="integer" PORTTYPE="INPUT/OUTPUT" PRECISION="10" SCALE="0" PICTURETEXT="" DEFAULTVALUE="" GROUP="LAST5QUA_MONTH_ID" OUTPUTGROUP="LAST5QUA_MONTH_ID"/>
                    <TABLEATTRIBUTE NAME="SQL Query" VALUE=""/>
                    <TABLEATTRIBUTE NAME="User Defined Join" VALUE=""/>
                    <TABLEATTRIBUTE NAME="Source Filter" VALUE=""/>
                    <TABLEATTRIBUTE NAME="Number Of Sorted Ports" VALUE="0"/>
                    <TABLEATTRIBUTE NAME="Tracing Level" VALUE="Normal"/>
                    <TABLEATTRIBUTE NAME="Select Distinct" VALUE="NO"/>
                    <TABLEATTRIBUTE NAME="Is Partitionable" VALUE="NO"/>
                    <TABLEATTRIBUTE NAME="Pre SQL" VALUE=""/>
                    <TABLEATTRIBUTE NAME="Post SQL" VALUE=""/>
                    <TABLEATTRIBUTE NAME="Output is deterministic" VALUE="NO"/>
                    <TABLEATTRIBUTE NAME="Output is repeatable" VALUE="NEVER"/>
                </TRANSFORMATION>
                <TRANSFORMATION NAME="UN_MONTH" DESCRIPTION="" TYPE="Custom Transformation" OBJECTVERSION="1" REUSABLE="NO" TEMPLATEID="303001" TEMPLATENAME="Union Transformation" VERSIONNUMBER="1" COMPONENTVERSION="1000000">
                    <GROUP NAME="OUTPUT" DESCRIPTION="" ORDER="1" TYPE="OUTPUT"/>
                    <GROUP NAME="MONTH_ID" DESCRIPTION="" ORDER="2" TYPE="INPUT"/>
                    <GROUP NAME="PREV_MONTH" DESCRIPTION="" ORDER="3" TYPE="INPUT"/>
                    <GROUP NAME="PREV_YEAR" DESCRIPTION="" ORDER="4" TYPE="INPUT"/>
                    <GROUP NAME="EVO_PREV_YEAR" DESCRIPTION="" ORDER="5" TYPE="INPUT"/>
                    <GROUP NAME="EVO_PREV_QUA" DESCRIPTION="" ORDER="6" TYPE="INPUT"/>
                    <GROUP NAME="EVO_PREV_2MONTH" DESCRIPTION="" ORDER="7" TYPE="INPUT"/>
                    <GROUP NAME="EVO_PREV_MONTH" DESCRIPTION="" ORDER="8" TYPE="INPUT"/>
                    <GROUP NAME="EVO_MONTH" DESCRIPTION="" ORDER="9" TYPE="INPUT"/>
                    <GROUP NAME="LAST5QUA_PREV_YEAR" DESCRIPTION="" ORDER="10" TYPE="INPUT"/>
                    <GROUP NAME="LAST5QUA_11" DESCRIPTION="" ORDER="11" TYPE="INPUT"/>
                    <GROUP NAME="LAST5QUA_10" DESCRIPTION="" ORDER="12" TYPE="INPUT"/>
                    <GROUP NAME="LAST5QUA_9" DESCRIPTION="" ORDER="13" TYPE="INPUT"/>
                    <GROUP NAME="LAST5QUA_8" DESCRIPTION="" ORDER="14" TYPE="INPUT"/>
                    <GROUP NAME="LAST5QUA_7" DESCRIPTION="" ORDER="15" TYPE="INPUT"/>
                    <GROUP NAME="LAST5QUA_6" DESCRIPTION="" ORDER="16" TYPE="INPUT"/>
                    <GROUP NAME="LAST5QUA_5" DESCRIPTION="" ORDER="17" TYPE="INPUT"/>
                    <GROUP NAME="LAST5QUA_4" DESCRIPTION="" ORDER="18" TYPE="INPUT"/>
                    <GROUP NAME="LAST5QUA_3" DESCRIPTION="" ORDER="19" TYPE="INPUT"/>
                    <GROUP NAME="LAST5QUA_2" DESCRIPTION="" ORDER="20" TYPE="INPUT"/>
                    <GROUP NAME="LAST5QUA_PREV_MONTH" DESCRIPTION="" ORDER="21" TYPE="INPUT"/>
                    <GROUP NAME="LAST5QUA_MONTH_ID" DESCRIPTION="" ORDER="22" TYPE="INPUT"/>
                    <TRANSFORMFIELD NAME="BASE_MONTH_ID" DESCRIPTION="" DATATYPE="integer" PORTTYPE="OUTPUT" PRECISION="10" SCALE="0" PICTURETEXT="" DEFAULTVALUE="" GROUP="OUTPUT" OUTPUTGROUP="OUTPUT"/>
                    <TRANSFORMFIELD NAME="MONTHLY_ACCUM_ID" DESCRIPTION="" DATATYPE="integer" PORTTYPE="OUTPUT" PRECISION="10" SCALE="0" PICTURETEXT="" DEFAULTVALUE="" GROUP="OUTPUT" OUTPUTGROUP="OUTPUT"/>
                    <TRANSFORMFIELD NAME="MONTH_ID" DESCRIPTION="" DATATYPE="integer" PORTTYPE="OUTPUT" PRECISION="10" SCALE="0" PICTURETEXT="" DEFAULTVALUE="" GROUP="OUTPUT" OUTPUTGROUP="OUTPUT"/>
                    <TRANSFORMFIELD NAME="BASE_MONTH_ID2" DESCRIPTION="" DATATYPE="integer" PORTTYPE="INPUT" PRECISION="10" SCALE="0" PICTURETEXT="" DEFAULTVALUE="" GROUP="MONTH_ID" OUTPUTGROUP="MONTH_ID"/>
                    <TRANSFORMFIELD NAME="MONTHLY_ACCUM_ID2" DESCRIPTION="" DATATYPE="integer" PORTTYPE="INPUT" PRECISION="10" SCALE="0" PICTURETEXT="" DEFAULTVALUE="" GROUP="MONTH_ID" OUTPUTGROUP="MONTH_ID"/>
                    <TRANSFORMFIELD NAME="MONTH_ID2" DESCRIPTION="" DATATYPE="integer" PORTTYPE="INPUT" PRECISION="10" SCALE="0" PICTURETEXT="" DEFAULTVALUE="" GROUP="MONTH_ID" OUTPUTGROUP="MONTH_ID"/>
                    <TRANSFORMFIELD NAME="BASE_MONTH_ID3" DESCRIPTION="" DATATYPE="integer" PORTTYPE="INPUT" PRECISION="10" SCALE="0" PICTURETEXT="" DEFAULTVALUE="" GROUP="PREV_MONTH" OUTPUTGROUP="PREV_MONTH"/>
                    <TRANSFORMFIELD NAME="MONTHLY_ACCUM_ID3" DESCRIPTION="" DATATYPE="integer" PORTTYPE="INPUT" PRECISION="10" SCALE="0" PICTURETEXT="" DEFAULTVALUE="" GROUP="PREV_MONTH" OUTPUTGROUP="PREV_MONTH"/>
                    <TRANSFORMFIELD NAME="MONTH_ID3" DESCRIPTION="" DATATYPE="integer" PORTTYPE="INPUT" PRECISION="10" SCALE="0" PICTURETEXT="" DEFAULTVALUE="" GROUP="PREV_MONTH" OUTPUTGROUP="PREV_MONTH"/>
                    <TRANSFORMFIELD NAME="BASE_MONTH_ID4" DESCRIPTION="" DATATYPE="integer" PORTTYPE="INPUT" PRECISION="10" SCALE="0" PICTURETEXT="" DEFAULTVALUE="" GROUP="PREV_YEAR" OUTPUTGROUP="PREV_YEAR"/>
                    <TRANSFORMFIELD NAME="MONTHLY_ACCUM_ID4" DESCRIPTION="" DATATYPE="integer" PORTTYPE="INPUT" PRECISION="10" SCALE="0" PICTURETEXT="" DEFAULTVALUE="" GROUP="PREV_YEAR" OUTPUTGROUP="PREV_YEAR"/>
                    <TRANSFORMFIELD NAME="MONTH_ID4" DESCRIPTION="" DATATYPE="integer" PORTTYPE="INPUT" PRECISION="10" SCALE="0" PICTURETEXT="" DEFAULTVALUE="" GROUP="PREV_YEAR" OUTPUTGROUP="PREV_YEAR"/>
                    <TRANSFORMFIELD NAME="BASE_MONTH_ID5" DESCRIPTION="" DATATYPE="integer" PORTTYPE="INPUT" PRECISION="10" SCALE="0" PICTURETEXT="" DEFAULTVALUE="" GROUP="EVO_PREV_YEAR" OUTPUTGROUP="EVO_PREV_YEAR"/>
                    <TRANSFORMFIELD NAME="MONTHLY_ACCUM_ID5" DESCRIPTION="" DATATYPE="integer" PORTTYPE="INPUT" PRECISION="10" SCALE="0" PICTURETEXT="" DEFAULTVALUE="" GROUP="EVO_PREV_YEAR" OUTPUTGROUP="EVO_PREV_YEAR"/>
                    <TRANSFORMFIELD NAME="MONTH_ID5" DESCRIPTION="" DATATYPE="integer" PORTTYPE="INPUT" PRECISION="10" SCALE="0" PICTURETEXT="" DEFAULTVALUE="" GROUP="EVO_PREV_YEAR" OUTPUTGROUP="EVO_PREV_YEAR"/>
                    <TRANSFORMFIELD NAME="BASE_MONTH_ID6" DESCRIPTION="" DATATYPE="integer" PORTTYPE="INPUT" PRECISION="10" SCALE="0" PICTURETEXT="" DEFAULTVALUE="" GROUP="EVO_PREV_QUA" OUTPUTGROUP="EVO_PREV_QUA"/>
                    <TRANSFORMFIELD NAME="MONTHLY_ACCUM_ID6" DESCRIPTION="" DATATYPE="integer" PORTTYPE="INPUT" PRECISION="10" SCALE="0" PICTURETEXT="" DEFAULTVALUE="" GROUP="EVO_PREV_QUA" OUTPUTGROUP="EVO_PREV_QUA"/>
                    <TRANSFORMFIELD NAME="MONTH_ID6" DESCRIPTION="" DATATYPE="integer" PORTTYPE="INPUT" PRECISION="10" SCALE="0" PICTURETEXT="" DEFAULTVALUE="" GROUP="EVO_PREV_QUA" OUTPUTGROUP="EVO_PREV_QUA"/>
                    <TRANSFORMFIELD NAME="BASE_MONTH_ID7" DESCRIPTION="" DATATYPE="integer" PORTTYPE="INPUT" PRECISION="10" SCALE="0" PICTURETEXT="" DEFAULTVALUE="" GROUP="EVO_PREV_2MONTH" OUTPUTGROUP="EVO_PREV_2MONTH"/>
                    <TRANSFORMFIELD NAME="MONTHLY_ACCUM_ID7" DESCRIPTION="" DATATYPE="integer" PORTTYPE="INPUT" PRECISION="10" SCALE="0" PICTURETEXT="" DEFAULTVALUE="" GROUP="EVO_PREV_2MONTH" OUTPUTGROUP="EVO_PREV_2MONTH"/>
                    <TRANSFORMFIELD NAME="MONTH_ID7" DESCRIPTION="" DATATYPE="integer" PORTTYPE="INPUT" PRECISION="10" SCALE="0" PICTURETEXT="" DEFAULTVALUE="" GROUP="EVO_PREV_2MONTH" OUTPUTGROUP="EVO_PREV_2MONTH"/>
                    <TRANSFORMFIELD NAME="BASE_MONTH_ID8" DESCRIPTION="" DATATYPE="integer" PORTTYPE="INPUT" PRECISION="10" SCALE="0" PICTURETEXT="" DEFAULTVALUE="" GROUP="EVO_PREV_MONTH" OUTPUTGROUP="EVO_PREV_MONTH"/>
                    <TRANSFORMFIELD NAME="MONTHLY_ACCUM_ID8" DESCRIPTION="" DATATYPE="integer" PORTTYPE="INPUT" PRECISION="10" SCALE="0" PICTURETEXT="" DEFAULTVALUE="" GROUP="EVO_PREV_MONTH" OUTPUTGROUP="EVO_PREV_MONTH"/>
                    <TRANSFORMFIELD NAME="MONTH_ID8" DESCRIPTION="" DATATYPE="integer" PORTTYPE="INPUT" PRECISION="10" SCALE="0" PICTURETEXT="" DEFAULTVALUE="" GROUP="EVO_PREV_MONTH" OUTPUTGROUP="EVO_PREV_MONTH"/>
                    <TRANSFORMFIELD NAME="BASE_MONTH_ID9" DESCRIPTION="" DATATYPE="integer" PORTTYPE="INPUT" PRECISION="10" SCALE="0" PICTURETEXT="" DEFAULTVALUE="" GROUP="EVO_MONTH" OUTPUTGROUP="EVO_MONTH"/>
                    <TRANSFORMFIELD NAME="MONTHLY_ACCUM_ID9" DESCRIPTION="" DATATYPE="integer" PORTTYPE="INPUT" PRECISION="10" SCALE="0" PICTURETEXT="" DEFAULTVALUE="" GROUP="EVO_MONTH" OUTPUTGROUP="EVO_MONTH"/>
                    <TRANSFORMFIELD NAME="MONTH_ID9" DESCRIPTION="" DATATYPE="integer" PORTTYPE="INPUT" PRECISION="10" SCALE="0" PICTURETEXT="" DEFAULTVALUE="" GROUP="EVO_MONTH" OUTPUTGROUP="EVO_MONTH"/>
                    <TRANSFORMFIELD NAME="BASE_MONTH_ID10" DESCRIPTION="" DATATYPE="integer" PORTTYPE="INPUT" PRECISION="10" SCALE="0" PICTURETEXT="" DEFAULTVALUE="" GROUP="LAST5QUA_PREV_YEAR" OUTPUTGROUP="LAST5QUA_PREV_YEAR"/>
                    <TRANSFORMFIELD NAME="MONTHLY_ACCUM_ID10" DESCRIPTION="" DATATYPE="integer" PORTTYPE="INPUT" PRECISION="10" SCALE="0" PICTURETEXT="" DEFAULTVALUE="" GROUP="LAST5QUA_PREV_YEAR" OUTPUTGROUP="LAST5QUA_PREV_YEAR"/>
                    <TRANSFORMFIELD NAME="MONTH_ID10" DESCRIPTION="" DATATYPE="integer" PORTTYPE="INPUT" PRECISION="10" SCALE="0" PICTURETEXT="" DEFAULTVALUE="" GROUP="LAST5QUA_PREV_YEAR" OUTPUTGROUP="LAST5QUA_PREV_YEAR"/>
                    <TRANSFORMFIELD NAME="BASE_MONTH_ID11" DESCRIPTION="" DATATYPE="integer" PORTTYPE="INPUT" PRECISION="10" SCALE="0" PICTURETEXT="" DEFAULTVALUE="" GROUP="LAST5QUA_11" OUTPUTGROUP="LAST5QUA_11"/>
                    <TRANSFORMFIELD NAME="MONTHLY_ACCUM_ID11" DESCRIPTION="" DATATYPE="integer" PORTTYPE="INPUT" PRECISION="10" SCALE="0" PICTURETEXT="" DEFAULTVALUE="" GROUP="LAST5QUA_11" OUTPUTGROUP="LAST5QUA_11"/>
                    <TRANSFORMFIELD NAME="MONTH_ID11" DESCRIPTION="" DATATYPE="integer" PORTTYPE="INPUT" PRECISION="10" SCALE="0" PICTURETEXT="" DEFAULTVALUE="" GROUP="LAST5QUA_11" OUTPUTGROUP="LAST5QUA_11"/>
                    <TRANSFORMFIELD NAME="BASE_MONTH_ID12" DESCRIPTION="" DATATYPE="integer" PORTTYPE="INPUT" PRECISION="10" SCALE="0" PICTURETEXT="" DEFAULTVALUE="" GROUP="LAST5QUA_10" OUTPUTGROUP="LAST5QUA_10"/>
                    <TRANSFORMFIELD NAME="MONTHLY_ACCUM_ID12" DESCRIPTION="" DATATYPE="integer" PORTTYPE="INPUT" PRECISION="10" SCALE="0" PICTURETEXT="" DEFAULTVALUE="" GROUP="LAST5QUA_10" OUTPUTGROUP="LAST5QUA_10"/>
                    <TRANSFORMFIELD NAME="MONTH_ID12" DESCRIPTION="" DATATYPE="integer" PORTTYPE="INPUT" PRECISION="10" SCALE="0" PICTURETEXT="" DEFAULTVALUE="" GROUP="LAST5QUA_10" OUTPUTGROUP="LAST5QUA_10"/>
                    <TRANSFORMFIELD NAME="BASE_MONTH_ID13" DESCRIPTION="" DATATYPE="integer" PORTTYPE="INPUT" PRECISION="10" SCALE="0" PICTURETEXT="" DEFAULTVALUE="" GROUP="LAST5QUA_9" OUTPUTGROUP="LAST5QUA_9"/>
                    <TRANSFORMFIELD NAME="MONTHLY_ACCUM_ID13" DESCRIPTION="" DATATYPE="integer" PORTTYPE="INPUT" PRECISION="10" SCALE="0" PICTURETEXT="" DEFAULTVALUE="" GROUP="LAST5QUA_9" OUTPUTGROUP="LAST5QUA_9"/>
                    <TRANSFORMFIELD NAME="MONTH_ID13" DESCRIPTION="" DATATYPE="integer" PORTTYPE="INPUT" PRECISION="10" SCALE="0" PICTURETEXT="" DEFAULTVALUE="" GROUP="LAST5QUA_9" OUTPUTGROUP="LAST5QUA_9"/>
                    <TRANSFORMFIELD NAME="BASE_MONTH_ID14" DESCRIPTION="" DATATYPE="integer" PORTTYPE="INPUT" PRECISION="10" SCALE="0" PICTURETEXT="" DEFAULTVALUE="" GROUP="LAST5QUA_8" OUTPUTGROUP="LAST5QUA_8"/>
                    <TRANSFORMFIELD NAME="MONTHLY_ACCUM_ID14" DESCRIPTION="" DATATYPE="integer" PORTTYPE="INPUT" PRECISION="10" SCALE="0" PICTURETEXT="" DEFAULTVALUE="" GROUP="LAST5QUA_8" OUTPUTGROUP="LAST5QUA_8"/>
                    <TRANSFORMFIELD NAME="MONTH_ID14" DESCRIPTION="" DATATYPE="integer" PORTTYPE="INPUT" PRECISION="10" SCALE="0" PICTURETEXT="" DEFAULTVALUE="" GROUP="LAST5QUA_8" OUTPUTGROUP="LAST5QUA_8"/>
                    <TRANSFORMFIELD NAME="BASE_MONTH_ID15" DESCRIPTION="" DATATYPE="integer" PORTTYPE="INPUT" PRECISION="10" SCALE="0" PICTURETEXT="" DEFAULTVALUE="" GROUP="LAST5QUA_7" OUTPUTGROUP="LAST5QUA_7"/>
                    <TRANSFORMFIELD NAME="MONTHLY_ACCUM_ID15" DESCRIPTION="" DATATYPE="integer" PORTTYPE="INPUT" PRECISION="10" SCALE="0" PICTURETEXT="" DEFAULTVALUE="" GROUP="LAST5QUA_7" OUTPUTGROUP="LAST5QUA_7"/>
                    <TRANSFORMFIELD NAME="MONTH_ID15" DESCRIPTION="" DATATYPE="integer" PORTTYPE="INPUT" PRECISION="10" SCALE="0" PICTURETEXT="" DEFAULTVALUE="" GROUP="LAST5QUA_7" OUTPUTGROUP="LAST5QUA_7"/>
                    <TRANSFORMFIELD NAME="BASE_MONTH_ID16" DESCRIPTION="" DATATYPE="integer" PORTTYPE="INPUT" PRECISION="10" SCALE="0" PICTURETEXT="" DEFAULTVALUE="" GROUP="LAST5QUA_6" OUTPUTGROUP="LAST5QUA_6"/>
                    <TRANSFORMFIELD NAME="MONTHLY_ACCUM_ID16" DESCRIPTION="" DATATYPE="integer" PORTTYPE="INPUT" PRECISION="10" SCALE="0" PICTURETEXT="" DEFAULTVALUE="" GROUP="LAST5QUA_6" OUTPUTGROUP="LAST5QUA_6"/>
                    <TRANSFORMFIELD NAME="MONTH_ID16" DESCRIPTION="" DATATYPE="integer" PORTTYPE="INPUT" PRECISION="10" SCALE="0" PICTURETEXT="" DEFAULTVALUE="" GROUP="LAST5QUA_6" OUTPUTGROUP="LAST5QUA_6"/>
                    <TRANSFORMFIELD NAME="BASE_MONTH_ID17" DESCRIPTION="" DATATYPE="integer" PORTTYPE="INPUT" PRECISION="10" SCALE="0" PICTURETEXT="" DEFAULTVALUE="" GROUP="LAST5QUA_5" OUTPUTGROUP="LAST5QUA_5"/>
                    <TRANSFORMFIELD NAME="MONTHLY_ACCUM_ID17" DESCRIPTION="" DATATYPE="integer" PORTTYPE="INPUT" PRECISION="10" SCALE="0" PICTURETEXT="" DEFAULTVALUE="" GROUP="LAST5QUA_5" OUTPUTGROUP="LAST5QUA_5"/>
                    <TRANSFORMFIELD NAME="MONTH_ID17" DESCRIPTION="" DATATYPE="integer" PORTTYPE="INPUT" PRECISION="10" SCALE="0" PICTURETEXT="" DEFAULTVALUE="" GROUP="LAST5QUA_5" OUTPUTGROUP="LAST5QUA_5"/>
                    <TRANSFORMFIELD NAME="BASE_MONTH_ID18" DESCRIPTION="" DATATYPE="integer" PORTTYPE="INPUT" PRECISION="10" SCALE="0" PICTURETEXT="" DEFAULTVALUE="" GROUP="LAST5QUA_4" OUTPUTGROUP="LAST5QUA_4"/>
                    <TRANSFORMFIELD NAME="MONTHLY_ACCUM_ID18" DESCRIPTION="" DATATYPE="integer" PORTTYPE="INPUT" PRECISION="10" SCALE="0" PICTURETEXT="" DEFAULTVALUE="" GROUP="LAST5QUA_4" OUTPUTGROUP="LAST5QUA_4"/>
                    <TRANSFORMFIELD NAME="MONTH_ID18" DESCRIPTION="" DATATYPE="integer" PORTTYPE="INPUT" PRECISION="10" SCALE="0" PICTURETEXT="" DEFAULTVALUE="" GROUP="LAST5QUA_4" OUTPUTGROUP="LAST5QUA_4"/>
                    <TRANSFORMFIELD NAME="BASE_MONTH_ID19" DESCRIPTION="" DATATYPE="integer" PORTTYPE="INPUT" PRECISION="10" SCALE="0" PICTURETEXT="" DEFAULTVALUE="" GROUP="LAST5QUA_3" OUTPUTGROUP="LAST5QUA_3"/>
                    <TRANSFORMFIELD NAME="MONTHLY_ACCUM_ID19" DESCRIPTION="" DATATYPE="integer" PORTTYPE="INPUT" PRECISION="10" SCALE="0" PICTURETEXT="" DEFAULTVALUE="" GROUP="LAST5QUA_3" OUTPUTGROUP="LAST5QUA_3"/>
                    <TRANSFORMFIELD NAME="MONTH_ID19" DESCRIPTION="" DATATYPE="integer" PORTTYPE="INPUT" PRECISION="10" SCALE="0" PICTURETEXT="" DEFAULTVALUE="" GROUP="LAST5QUA_3" OUTPUTGROUP="LAST5QUA_3"/>
                    <TRANSFORMFIELD NAME="BASE_MONTH_ID20" DESCRIPTION="" DATATYPE="integer" PORTTYPE="INPUT" PRECISION="10" SCALE="0" PICTURETEXT="" DEFAULTVALUE="" GROUP="LAST5QUA_2" OUTPUTGROUP="LAST5QUA_2"/>
                    <TRANSFORMFIELD NAME="MONTHLY_ACCUM_ID20" DESCRIPTION="" DATATYPE="integer" PORTTYPE="INPUT" PRECISION="10" SCALE="0" PICTURETEXT="" DEFAULTVALUE="" GROUP="LAST5QUA_2" OUTPUTGROUP="LAST5QUA_2"/>
                    <TRANSFORMFIELD NAME="MONTH_ID20" DESCRIPTION="" DATATYPE="integer" PORTTYPE="INPUT" PRECISION="10" SCALE="0" PICTURETEXT="" DEFAULTVALUE="" GROUP="LAST5QUA_2" OUTPUTGROUP="LAST5QUA_2"/>
                    <TRANSFORMFIELD NAME="BASE_MONTH_ID21" DESCRIPTION="" DATATYPE="integer" PORTTYPE="INPUT" PRECISION="10" SCALE="0" PICTURETEXT="" DEFAULTVALUE="" GROUP="LAST5QUA_PREV_MONTH" OUTPUTGROUP="LAST5QUA_PREV_MONTH"/>
                    <TRANSFORMFIELD NAME="MONTHLY_ACCUM_ID21" DESCRIPTION="" DATATYPE="integer" PORTTYPE="INPUT" PRECISION="10" SCALE="0" PICTURETEXT="" DEFAULTVALUE="" GROUP="LAST5QUA_PREV_MONTH" OUTPUTGROUP="LAST5QUA_PREV_MONTH"/>
                    <TRANSFORMFIELD NAME="MONTH_ID21" DESCRIPTION="" DATATYPE="integer" PORTTYPE="INPUT" PRECISION="10" SCALE="0" PICTURETEXT="" DEFAULTVALUE="" GROUP="LAST5QUA_PREV_MONTH" OUTPUTGROUP="LAST5QUA_PREV_MONTH"/>
                    <TRANSFORMFIELD NAME="BASE_MONTH_ID22" DESCRIPTION="" DATATYPE="integer" PORTTYPE="INPUT" PRECISION="10" SCALE="0" PICTURETEXT="" DEFAULTVALUE="" GROUP="LAST5QUA_MONTH_ID" OUTPUTGROUP="LAST5QUA_MONTH_ID"/>
                    <TRANSFORMFIELD NAME="MONTHLY_ACCUM_ID22" DESCRIPTION="" DATATYPE="integer" PORTTYPE="INPUT" PRECISION="10" SCALE="0" PICTURETEXT="" DEFAULTVALUE="" GROUP="LAST5QUA_MONTH_ID" OUTPUTGROUP="LAST5QUA_MONTH_ID"/>
                    <TRANSFORMFIELD NAME="MONTH_ID22" DESCRIPTION="" DATATYPE="integer" PORTTYPE="INPUT" PRECISION="10" SCALE="0" PICTURETEXT="" DEFAULTVALUE="" GROUP="LAST5QUA_MONTH_ID" OUTPUTGROUP="LAST5QUA_MONTH_ID"/>
                    <TABLEATTRIBUTE NAME="Language" VALUE="C"/>
                    <TABLEATTRIBUTE NAME="Module Identifier" VALUE="pmuniontrans"/>
                    <TABLEATTRIBUTE NAME="Class Name" VALUE=""/>
                    <TABLEATTRIBUTE NAME="Function Identifier" VALUE="pmunionfunc"/>
                    <TABLEATTRIBUTE NAME="Runtime Location" VALUE=""/>
                    <TABLEATTRIBUTE NAME="Tracing Level" VALUE="Normal"/>
                    <TABLEATTRIBUTE NAME="Is Partitionable" VALUE="Across Grid"/>
                    <TABLEATTRIBUTE NAME="Inputs Must Block" VALUE="NO"/>
                    <TABLEATTRIBUTE NAME="Is Active" VALUE="YES"/>
                    <TABLEATTRIBUTE NAME="Update Strategy Transformation" VALUE="NO"/>
                    <TABLEATTRIBUTE NAME="Transformation Scope" VALUE="Row"/>
                    <TABLEATTRIBUTE NAME="Generate Transaction" VALUE="NO"/>
                    <TABLEATTRIBUTE NAME="Output Is Repeatable" VALUE="Never"/>
                    <TABLEATTRIBUTE NAME="Requires Single Thread Per Partition" VALUE="NO"/>
                    <TABLEATTRIBUTE NAME="Output Is Deterministic" VALUE="YES"/>
                    <TABLEATTRIBUTE NAME="Preserves Data Set Boundary" VALUE="No"/>
                    <INITPROP NAME="Programmatic Identifier for Class Factory" VALUE="" DESCRIPTION="" USERDEFINED="NO"/>
                    <INITPROP NAME="Constructor" VALUE="" DESCRIPTION="" USERDEFINED="NO"/>
                    <FIELDDEPENDENCY INPUTFIELD="BASE_MONTH_ID2" OUTPUTFIELD="BASE_MONTH_ID"/>
                    <FIELDDEPENDENCY INPUTFIELD="BASE_MONTH_ID3" OUTPUTFIELD="BASE_MONTH_ID"/>
                    <FIELDDEPENDENCY INPUTFIELD="BASE_MONTH_ID4" OUTPUTFIELD="BASE_MONTH_ID"/>
                    <FIELDDEPENDENCY INPUTFIELD="BASE_MONTH_ID5" OUTPUTFIELD="BASE_MONTH_ID"/>
                    <FIELDDEPENDENCY INPUTFIELD="BASE_MONTH_ID6" OUTPUTFIELD="BASE_MONTH_ID"/>
                    <FIELDDEPENDENCY INPUTFIELD="BASE_MONTH_ID7" OUTPUTFIELD="BASE_MONTH_ID"/>
                    <FIELDDEPENDENCY INPUTFIELD="BASE_MONTH_ID8" OUTPUTFIELD="BASE_MONTH_ID"/>
                    <FIELDDEPENDENCY INPUTFIELD="BASE_MONTH_ID9" OUTPUTFIELD="BASE_MONTH_ID"/>
                    <FIELDDEPENDENCY INPUTFIELD="BASE_MONTH_ID10" OUTPUTFIELD="BASE_MONTH_ID"/>
                    <FIELDDEPENDENCY INPUTFIELD="BASE_MONTH_ID11" OUTPUTFIELD="BASE_MONTH_ID"/>
                    <FIELDDEPENDENCY INPUTFIELD="BASE_MONTH_ID12" OUTPUTFIELD="BASE_MONTH_ID"/>
                    <FIELDDEPENDENCY INPUTFIELD="BASE_MONTH_ID13" OUTPUTFIELD="BASE_MONTH_ID"/>
                    <FIELDDEPENDENCY INPUTFIELD="BASE_MONTH_ID14" OUTPUTFIELD="BASE_MONTH_ID"/>
                    <FIELDDEPENDENCY INPUTFIELD="BASE_MONTH_ID15" OUTPUTFIELD="BASE_MONTH_ID"/>
                    <FIELDDEPENDENCY INPUTFIELD="BASE_MONTH_ID16" OUTPUTFIELD="BASE_MONTH_ID"/>
                    <FIELDDEPENDENCY INPUTFIELD="BASE_MONTH_ID17" OUTPUTFIELD="BASE_MONTH_ID"/>
                    <FIELDDEPENDENCY INPUTFIELD="BASE_MONTH_ID18" OUTPUTFIELD="BASE_MONTH_ID"/>
                    <FIELDDEPENDENCY INPUTFIELD="BASE_MONTH_ID19" OUTPUTFIELD="BASE_MONTH_ID"/>
                    <FIELDDEPENDENCY INPUTFIELD="BASE_MONTH_ID20" OUTPUTFIELD="BASE_MONTH_ID"/>
                    <FIELDDEPENDENCY INPUTFIELD="BASE_MONTH_ID21" OUTPUTFIELD="BASE_MONTH_ID"/>
                    <FIELDDEPENDENCY INPUTFIELD="BASE_MONTH_ID22" OUTPUTFIELD="BASE_MONTH_ID"/>
                    <FIELDDEPENDENCY INPUTFIELD="MONTHLY_ACCUM_ID2" OUTPUTFIELD="MONTHLY_ACCUM_ID"/>
                    <FIELDDEPENDENCY INPUTFIELD="MONTHLY_ACCUM_ID3" OUTPUTFIELD="MONTHLY_ACCUM_ID"/>
                    <FIELDDEPENDENCY INPUTFIELD="MONTHLY_ACCUM_ID4" OUTPUTFIELD="MONTHLY_ACCUM_ID"/>
                    <FIELDDEPENDENCY INPUTFIELD="MONTHLY_ACCUM_ID5" OUTPUTFIELD="MONTHLY_ACCUM_ID"/>
                    <FIELDDEPENDENCY INPUTFIELD="MONTHLY_ACCUM_ID6" OUTPUTFIELD="MONTHLY_ACCUM_ID"/>
                    <FIELDDEPENDENCY INPUTFIELD="MONTHLY_ACCUM_ID7" OUTPUTFIELD="MONTHLY_ACCUM_ID"/>
                    <FIELDDEPENDENCY INPUTFIELD="MONTHLY_ACCUM_ID8" OUTPUTFIELD="MONTHLY_ACCUM_ID"/>
                    <FIELDDEPENDENCY INPUTFIELD="MONTHLY_ACCUM_ID9" OUTPUTFIELD="MONTHLY_ACCUM_ID"/>
                    <FIELDDEPENDENCY INPUTFIELD="MONTHLY_ACCUM_ID10" OUTPUTFIELD="MONTHLY_ACCUM_ID"/>
                    <FIELDDEPENDENCY INPUTFIELD="MONTHLY_ACCUM_ID11" OUTPUTFIELD="MONTHLY_ACCUM_ID"/>
                    <FIELDDEPENDENCY INPUTFIELD="MONTHLY_ACCUM_ID12" OUTPUTFIELD="MONTHLY_ACCUM_ID"/>
                    <FIELDDEPENDENCY INPUTFIELD="MONTHLY_ACCUM_ID13" OUTPUTFIELD="MONTHLY_ACCUM_ID"/>
                    <FIELDDEPENDENCY INPUTFIELD="MONTHLY_ACCUM_ID14" OUTPUTFIELD="MONTHLY_ACCUM_ID"/>
                    <FIELDDEPENDENCY INPUTFIELD="MONTHLY_ACCUM_ID15" OUTPUTFIELD="MONTHLY_ACCUM_ID"/>
                    <FIELDDEPENDENCY INPUTFIELD="MONTHLY_ACCUM_ID16" OUTPUTFIELD="MONTHLY_ACCUM_ID"/>
                    <FIELDDEPENDENCY INPUTFIELD="MONTHLY_ACCUM_ID17" OUTPUTFIELD="MONTHLY_ACCUM_ID"/>
                    <FIELDDEPENDENCY INPUTFIELD="MONTHLY_ACCUM_ID18" OUTPUTFIELD="MONTHLY_ACCUM_ID"/>
                    <FIELDDEPENDENCY INPUTFIELD="MONTHLY_ACCUM_ID19" OUTPUTFIELD="MONTHLY_ACCUM_ID"/>
                    <FIELDDEPENDENCY INPUTFIELD="MONTHLY_ACCUM_ID20" OUTPUTFIELD="MONTHLY_ACCUM_ID"/>
                    <FIELDDEPENDENCY INPUTFIELD="MONTHLY_ACCUM_ID21" OUTPUTFIELD="MONTHLY_ACCUM_ID"/>
                    <FIELDDEPENDENCY INPUTFIELD="MONTHLY_ACCUM_ID22" OUTPUTFIELD="MONTHLY_ACCUM_ID"/>
                    <FIELDDEPENDENCY INPUTFIELD="MONTH_ID2" OUTPUTFIELD="MONTH_ID"/>
                    <FIELDDEPENDENCY INPUTFIELD="MONTH_ID3" OUTPUTFIELD="MONTH_ID"/>
                    <FIELDDEPENDENCY INPUTFIELD="MONTH_ID4" OUTPUTFIELD="MONTH_ID"/>
                    <FIELDDEPENDENCY INPUTFIELD="MONTH_ID5" OUTPUTFIELD="MONTH_ID"/>
                    <FIELDDEPENDENCY INPUTFIELD="MONTH_ID6" OUTPUTFIELD="MONTH_ID"/>
                    <FIELDDEPENDENCY INPUTFIELD="MONTH_ID7" OUTPUTFIELD="MONTH_ID"/>
                    <FIELDDEPENDENCY INPUTFIELD="MONTH_ID8" OUTPUTFIELD="MONTH_ID"/>
                    <FIELDDEPENDENCY INPUTFIELD="MONTH_ID9" OUTPUTFIELD="MONTH_ID"/>
                    <FIELDDEPENDENCY INPUTFIELD="MONTH_ID10" OUTPUTFIELD="MONTH_ID"/>
                    <FIELDDEPENDENCY INPUTFIELD="MONTH_ID11" OUTPUTFIELD="MONTH_ID"/>
                    <FIELDDEPENDENCY INPUTFIELD="MONTH_ID12" OUTPUTFIELD="MONTH_ID"/>
                    <FIELDDEPENDENCY INPUTFIELD="MONTH_ID13" OUTPUTFIELD="MONTH_ID"/>
                    <FIELDDEPENDENCY INPUTFIELD="MONTH_ID14" OUTPUTFIELD="MONTH_ID"/>
                    <FIELDDEPENDENCY INPUTFIELD="MONTH_ID15" OUTPUTFIELD="MONTH_ID"/>
                    <FIELDDEPENDENCY INPUTFIELD="MONTH_ID16" OUTPUTFIELD="MONTH_ID"/>
                    <FIELDDEPENDENCY INPUTFIELD="MONTH_ID17" OUTPUTFIELD="MONTH_ID"/>
                    <FIELDDEPENDENCY INPUTFIELD="MONTH_ID18" OUTPUTFIELD="MONTH_ID"/>
                    <FIELDDEPENDENCY INPUTFIELD="MONTH_ID19" OUTPUTFIELD="MONTH_ID"/>
                    <FIELDDEPENDENCY INPUTFIELD="MONTH_ID20" OUTPUTFIELD="MONTH_ID"/>
                    <FIELDDEPENDENCY INPUTFIELD="MONTH_ID21" OUTPUTFIELD="MONTH_ID"/>
                    <FIELDDEPENDENCY INPUTFIELD="MONTH_ID22" OUTPUTFIELD="MONTH_ID"/>
                </TRANSFORMATION>
                <INSTANCE NAME="" TYPE="SOURCE" REUSABLE="NO" TRANSFORMATION_TYPE="Source Definition" TRANSFORMATION_NAME="" DBDNAME="DB2"/>
                <INSTANCE NAME="CSS01LF03T" TYPE="TARGET" REUSABLE="NO" TRANSFORMATION_TYPE="Target Definition" TRANSFORMATION_NAME="CSS01LF03T"/>
                <INSTANCE NAME="UN_MONTH" TYPE="TRANSFORMATION" REUSABLE="NO" TRANSFORMATION_TYPE="Custom Transformation" TRANSFORMATION_NAME="UN_MONTH"/>
                <INSTANCE NAME="SQ_UN_MONTH" TYPE="TRANSFORMATION" REUSABLE="NO" TRANSFORMATION_TYPE="Source Qualifier" TRANSFORMATION_NAME="SQ_UN_MONTH">
                    <ASSOCIATED_SOURCE_INSTANCE NAME=""/>
                </INSTANCE>
                <CONNECTOR FROMINSTANCE="UN_MONTH" FROMINSTANCETYPE="Custom Transformation" FROMFIELD="MONTHLY_ACCUM_ID" TOINSTANCE="CSS01LF03T" TOINSTANCETYPE="Target Definition" TOFIELD="MONTHLY_ACCUM_ID"/>
                <CONNECTOR FROMINSTANCE="UN_MONTH" FROMINSTANCETYPE="Custom Transformation" FROMFIELD="MONTH_ID" TOINSTANCE="CSS01LF03T" TOINSTANCETYPE="Target Definition" TOFIELD="MONTH_ID"/>
                <CONNECTOR FROMINSTANCE="UN_MONTH" FROMINSTANCETYPE="Custom Transformation" FROMFIELD="BASE_MONTH_ID" TOINSTANCE="CSS01LF03T" TOINSTANCETYPE="Target Definition" TOFIELD="BASE_MONTH_ACCUM_ID"/>
                <CONNECTOR FROMINSTANCE="UN_MONTH" FROMINSTANCETYPE="Custom Transformation" FROMFIELD="MONTHLY_ACCUM_ID" TOINSTANCE="CSS01LF03T" TOINSTANCETYPE="Target Definition" TOFIELD="MONTHLY_ACCUM_ID"/>
                <CONNECTOR FROMINSTANCE="UN_MONTH" FROMINSTANCETYPE="Custom Transformation" FROMFIELD="MONTH_ID" TOINSTANCE="CSS01LF03T" TOINSTANCETYPE="Target Definition" TOFIELD="MONTH_ID"/>
                <CONNECTOR FROMINSTANCE="UN_MONTH" FROMINSTANCETYPE="Custom Transformation" FROMFIELD="BASE_MONTH_ID" TOINSTANCE="CSS01LF03T" TOINSTANCETYPE="Target Definition" TOFIELD="BASE_MONTH_ACCUM_ID"/>
                <CONNECTOR FROMINSTANCE="UN_MONTH" FROMINSTANCETYPE="Custom Transformation" FROMFIELD="MONTHLY_ACCUM_ID" TOINSTANCE="CSS01LF03T" TOINSTANCETYPE="Target Definition" TOFIELD="MONTHLY_ACCUM_ID"/>
                <CONNECTOR FROMINSTANCE="UN_MONTH" FROMINSTANCETYPE="Custom Transformation" FROMFIELD="MONTH_ID" TOINSTANCE="CSS01LF03T" TOINSTANCETYPE="Target Definition" TOFIELD="MONTH_ID"/>
                <CONNECTOR FROMINSTANCE="UN_MONTH" FROMINSTANCETYPE="Custom Transformation" FROMFIELD="BASE_MONTH_ID" TOINSTANCE="CSS01LF03T" TOINSTANCETYPE="Target Definition" TOFIELD="BASE_MONTH_ACCUM_ID"/>
                <CONNECTOR FROMINSTANCE="" FROMINSTANCETYPE="Source Definition" FROMFIELD="BASE_MONTH_ID2" TOINSTANCE="SQ_UN_MONTH" TOINSTANCETYPE="Source Qualifier" TOFIELD="BASE_MONTH_ID2"/>
                <CONNECTOR FROMINSTANCE="SQ_UN_MONTH" FROMINSTANCETYPE="Source Qualifier" FROMFIELD="BASE_MONTH_ID2" TOINSTANCE="UN_MONTH" TOINSTANCETYPE="Custom Transformation" TOFIELD="BASE_MONTH_ID2"/>
                <CONNECTOR FROMINSTANCE="" FROMINSTANCETYPE="Source Definition" FROMFIELD="MONTHLY_ACCUM_ID2" TOINSTANCE="SQ_UN_MONTH" TOINSTANCETYPE="Source Qualifier" TOFIELD="MONTHLY_ACCUM_ID2"/>
                <CONNECTOR FROMINSTANCE="SQ_UN_MONTH" FROMINSTANCETYPE="Source Qualifier" FROMFIELD="MONTHLY_ACCUM_ID2" TOINSTANCE="UN_MONTH" TOINSTANCETYPE="Custom Transformation" TOFIELD="MONTHLY_ACCUM_ID2"/>
                <CONNECTOR FROMINSTANCE="" FROMINSTANCETYPE="Source Definition" FROMFIELD="MONTH_ID2" TOINSTANCE="SQ_UN_MONTH" TOINSTANCETYPE="Source Qualifier" TOFIELD="MONTH_ID2"/>
                <CONNECTOR FROMINSTANCE="SQ_UN_MONTH" FROMINSTANCETYPE="Source Qualifier" FROMFIELD="MONTH_ID2" TOINSTANCE="UN_MONTH" TOINSTANCETYPE="Custom Transformation" TOFIELD="MONTH_ID2"/>
                <CONNECTOR FROMINSTANCE="" FROMINSTANCETYPE="Source Definition" FROMFIELD="BASE_MONTH_ID3" TOINSTANCE="SQ_UN_MONTH" TOINSTANCETYPE="Source Qualifier" TOFIELD="BASE_MONTH_ID3"/>
                <CONNECTOR FROMINSTANCE="SQ_UN_MONTH" FROMINSTANCETYPE="Source Qualifier" FROMFIELD="BASE_MONTH_ID3" TOINSTANCE="UN_MONTH" TOINSTANCETYPE="Custom Transformation" TOFIELD="BASE_MONTH_ID3"/>
                <CONNECTOR FROMINSTANCE="" FROMINSTANCETYPE="Source Definition" FROMFIELD="MONTHLY_ACCUM_ID3" TOINSTANCE="SQ_UN_MONTH" TOINSTANCETYPE="Source Qualifier" TOFIELD="MONTHLY_ACCUM_ID3"/>
                <CONNECTOR FROMINSTANCE="SQ_UN_MONTH" FROMINSTANCETYPE="Source Qualifier" FROMFIELD="MONTHLY_ACCUM_ID3" TOINSTANCE="UN_MONTH" TOINSTANCETYPE="Custom Transformation" TOFIELD="MONTHLY_ACCUM_ID3"/>
                <CONNECTOR FROMINSTANCE="" FROMINSTANCETYPE="Source Definition" FROMFIELD="MONTH_ID3" TOINSTANCE="SQ_UN_MONTH" TOINSTANCETYPE="Source Qualifier" TOFIELD="MONTH_ID3"/>
                <CONNECTOR FROMINSTANCE="SQ_UN_MONTH" FROMINSTANCETYPE="Source Qualifier" FROMFIELD="MONTH_ID3" TOINSTANCE="UN_MONTH" TOINSTANCETYPE="Custom Transformation" TOFIELD="MONTH_ID3"/>
                <CONNECTOR FROMINSTANCE="" FROMINSTANCETYPE="Source Definition" FROMFIELD="BASE_MONTH_ID4" TOINSTANCE="SQ_UN_MONTH" TOINSTANCETYPE="Source Qualifier" TOFIELD="BASE_MONTH_ID4"/>
                <CONNECTOR FROMINSTANCE="SQ_UN_MONTH" FROMINSTANCETYPE="Source Qualifier" FROMFIELD="BASE_MONTH_ID4" TOINSTANCE="UN_MONTH" TOINSTANCETYPE="Custom Transformation" TOFIELD="BASE_MONTH_ID4"/>
                <CONNECTOR FROMINSTANCE="" FROMINSTANCETYPE="Source Definition" FROMFIELD="MONTHLY_ACCUM_ID4" TOINSTANCE="SQ_UN_MONTH" TOINSTANCETYPE="Source Qualifier" TOFIELD="MONTHLY_ACCUM_ID4"/>
                <CONNECTOR FROMINSTANCE="SQ_UN_MONTH" FROMINSTANCETYPE="Source Qualifier" FROMFIELD="MONTHLY_ACCUM_ID4" TOINSTANCE="UN_MONTH" TOINSTANCETYPE="Custom Transformation" TOFIELD="MONTHLY_ACCUM_ID4"/>
                <CONNECTOR FROMINSTANCE="" FROMINSTANCETYPE="Source Definition" FROMFIELD="MONTH_ID4" TOINSTANCE="SQ_UN_MONTH" TOINSTANCETYPE="Source Qualifier" TOFIELD="MONTH_ID4"/>
                <CONNECTOR FROMINSTANCE="SQ_UN_MONTH" FROMINSTANCETYPE="Source Qualifier" FROMFIELD="MONTH_ID4" TOINSTANCE="UN_MONTH" TOINSTANCETYPE="Custom Transformation" TOFIELD="MONTH_ID4"/>
                <CONNECTOR FROMINSTANCE="" FROMINSTANCETYPE="Source Definition" FROMFIELD="BASE_MONTH_ID5" TOINSTANCE="SQ_UN_MONTH" TOINSTANCETYPE="Source Qualifier" TOFIELD="BASE_MONTH_ID5"/>
                <CONNECTOR FROMINSTANCE="SQ_UN_MONTH" FROMINSTANCETYPE="Source Qualifier" FROMFIELD="BASE_MONTH_ID5" TOINSTANCE="UN_MONTH" TOINSTANCETYPE="Custom Transformation" TOFIELD="BASE_MONTH_ID5"/>
                <CONNECTOR FROMINSTANCE="" FROMINSTANCETYPE="Source Definition" FROMFIELD="MONTHLY_ACCUM_ID5" TOINSTANCE="SQ_UN_MONTH" TOINSTANCETYPE="Source Qualifier" TOFIELD="MONTHLY_ACCUM_ID5"/>
                <CONNECTOR FROMINSTANCE="SQ_UN_MONTH" FROMINSTANCETYPE="Source Qualifier" FROMFIELD="MONTHLY_ACCUM_ID5" TOINSTANCE="UN_MONTH" TOINSTANCETYPE="Custom Transformation" TOFIELD="MONTHLY_ACCUM_ID5"/>
                <CONNECTOR FROMINSTANCE="" FROMINSTANCETYPE="Source Definition" FROMFIELD="MONTH_ID5" TOINSTANCE="SQ_UN_MONTH" TOINSTANCETYPE="Source Qualifier" TOFIELD="MONTH_ID5"/>
                <CONNECTOR FROMINSTANCE="SQ_UN_MONTH" FROMINSTANCETYPE="Source Qualifier" FROMFIELD="MONTH_ID5" TOINSTANCE="UN_MONTH" TOINSTANCETYPE="Custom Transformation" TOFIELD="MONTH_ID5"/>
                <CONNECTOR FROMINSTANCE="" FROMINSTANCETYPE="Source Definition" FROMFIELD="BASE_MONTH_ID6" TOINSTANCE="SQ_UN_MONTH" TOINSTANCETYPE="Source Qualifier" TOFIELD="BASE_MONTH_ID6"/>
                <CONNECTOR FROMINSTANCE="SQ_UN_MONTH" FROMINSTANCETYPE="Source Qualifier" FROMFIELD="BASE_MONTH_ID6" TOINSTANCE="UN_MONTH" TOINSTANCETYPE="Custom Transformation" TOFIELD="BASE_MONTH_ID6"/>
                <CONNECTOR FROMINSTANCE="" FROMINSTANCETYPE="Source Definition" FROMFIELD="MONTHLY_ACCUM_ID6" TOINSTANCE="SQ_UN_MONTH" TOINSTANCETYPE="Source Qualifier" TOFIELD="MONTHLY_ACCUM_ID6"/>
                <CONNECTOR FROMINSTANCE="SQ_UN_MONTH" FROMINSTANCETYPE="Source Qualifier" FROMFIELD="MONTHLY_ACCUM_ID6" TOINSTANCE="UN_MONTH" TOINSTANCETYPE="Custom Transformation" TOFIELD="MONTHLY_ACCUM_ID6"/>
                <CONNECTOR FROMINSTANCE="" FROMINSTANCETYPE="Source Definition" FROMFIELD="MONTH_ID6" TOINSTANCE="SQ_UN_MONTH" TOINSTANCETYPE="Source Qualifier" TOFIELD="MONTH_ID6"/>
                <CONNECTOR FROMINSTANCE="SQ_UN_MONTH" FROMINSTANCETYPE="Source Qualifier" FROMFIELD="MONTH_ID6" TOINSTANCE="UN_MONTH" TOINSTANCETYPE="Custom Transformation" TOFIELD="MONTH_ID6"/>
                <CONNECTOR FROMINSTANCE="" FROMINSTANCETYPE="Source Definition" FROMFIELD="BASE_MONTH_ID7" TOINSTANCE="SQ_UN_MONTH" TOINSTANCETYPE="Source Qualifier" TOFIELD="BASE_MONTH_ID7"/>
                <CONNECTOR FROMINSTANCE="SQ_UN_MONTH" FROMINSTANCETYPE="Source Qualifier" FROMFIELD="BASE_MONTH_ID7" TOINSTANCE="UN_MONTH" TOINSTANCETYPE="Custom Transformation" TOFIELD="BASE_MONTH_ID7"/>
                <CONNECTOR FROMINSTANCE="" FROMINSTANCETYPE="Source Definition" FROMFIELD="MONTHLY_ACCUM_ID7" TOINSTANCE="SQ_UN_MONTH" TOINSTANCETYPE="Source Qualifier" TOFIELD="MONTHLY_ACCUM_ID7"/>
                <CONNECTOR FROMINSTANCE="SQ_UN_MONTH" FROMINSTANCETYPE="Source Qualifier" FROMFIELD="MONTHLY_ACCUM_ID7" TOINSTANCE="UN_MONTH" TOINSTANCETYPE="Custom Transformation" TOFIELD="MONTHLY_ACCUM_ID7"/>
                <CONNECTOR FROMINSTANCE="" FROMINSTANCETYPE="Source Definition" FROMFIELD="MONTH_ID7" TOINSTANCE="SQ_UN_MONTH" TOINSTANCETYPE="Source Qualifier" TOFIELD="MONTH_ID7"/>
                <CONNECTOR FROMINSTANCE="SQ_UN_MONTH" FROMINSTANCETYPE="Source Qualifier" FROMFIELD="MONTH_ID7" TOINSTANCE="UN_MONTH" TOINSTANCETYPE="Custom Transformation" TOFIELD="MONTH_ID7"/>
                <CONNECTOR FROMINSTANCE="" FROMINSTANCETYPE="Source Definition" FROMFIELD="BASE_MONTH_ID8" TOINSTANCE="SQ_UN_MONTH" TOINSTANCETYPE="Source Qualifier" TOFIELD="BASE_MONTH_ID8"/>
                <CONNECTOR FROMINSTANCE="SQ_UN_MONTH" FROMINSTANCETYPE="Source Qualifier" FROMFIELD="BASE_MONTH_ID8" TOINSTANCE="UN_MONTH" TOINSTANCETYPE="Custom Transformation" TOFIELD="BASE_MONTH_ID8"/>
                <CONNECTOR FROMINSTANCE="" FROMINSTANCETYPE="Source Definition" FROMFIELD="MONTHLY_ACCUM_ID8" TOINSTANCE="SQ_UN_MONTH" TOINSTANCETYPE="Source Qualifier" TOFIELD="MONTHLY_ACCUM_ID8"/>
                <CONNECTOR FROMINSTANCE="SQ_UN_MONTH" FROMINSTANCETYPE="Source Qualifier" FROMFIELD="MONTHLY_ACCUM_ID8" TOINSTANCE="UN_MONTH" TOINSTANCETYPE="Custom Transformation" TOFIELD="MONTHLY_ACCUM_ID8"/>
                <CONNECTOR FROMINSTANCE="" FROMINSTANCETYPE="Source Definition" FROMFIELD="MONTH_ID8" TOINSTANCE="SQ_UN_MONTH" TOINSTANCETYPE="Source Qualifier" TOFIELD="MONTH_ID8"/>
                <CONNECTOR FROMINSTANCE="SQ_UN_MONTH" FROMINSTANCETYPE="Source Qualifier" FROMFIELD="MONTH_ID8" TOINSTANCE="UN_MONTH" TOINSTANCETYPE="Custom Transformation" TOFIELD="MONTH_ID8"/>
                <CONNECTOR FROMINSTANCE="" FROMINSTANCETYPE="Source Definition" FROMFIELD="BASE_MONTH_ID9" TOINSTANCE="SQ_UN_MONTH" TOINSTANCETYPE="Source Qualifier" TOFIELD="BASE_MONTH_ID9"/>
                <CONNECTOR FROMINSTANCE="SQ_UN_MONTH" FROMINSTANCETYPE="Source Qualifier" FROMFIELD="BASE_MONTH_ID9" TOINSTANCE="UN_MONTH" TOINSTANCETYPE="Custom Transformation" TOFIELD="BASE_MONTH_ID9"/>
                <CONNECTOR FROMINSTANCE="" FROMINSTANCETYPE="Source Definition" FROMFIELD="MONTHLY_ACCUM_ID9" TOINSTANCE="SQ_UN_MONTH" TOINSTANCETYPE="Source Qualifier" TOFIELD="MONTHLY_ACCUM_ID9"/>
                <CONNECTOR FROMINSTANCE="SQ_UN_MONTH" FROMINSTANCETYPE="Source Qualifier" FROMFIELD="MONTHLY_ACCUM_ID9" TOINSTANCE="UN_MONTH" TOINSTANCETYPE="Custom Transformation" TOFIELD="MONTHLY_ACCUM_ID9"/>
                <CONNECTOR FROMINSTANCE="" FROMINSTANCETYPE="Source Definition" FROMFIELD="MONTH_ID9" TOINSTANCE="SQ_UN_MONTH" TOINSTANCETYPE="Source Qualifier" TOFIELD="MONTH_ID9"/>
                <CONNECTOR FROMINSTANCE="SQ_UN_MONTH" FROMINSTANCETYPE="Source Qualifier" FROMFIELD="MONTH_ID9" TOINSTANCE="UN_MONTH" TOINSTANCETYPE="Custom Transformation" TOFIELD="MONTH_ID9"/>
                <CONNECTOR FROMINSTANCE="" FROMINSTANCETYPE="Source Definition" FROMFIELD="BASE_MONTH_ID10" TOINSTANCE="SQ_UN_MONTH" TOINSTANCETYPE="Source Qualifier" TOFIELD="BASE_MONTH_ID10"/>
                <CONNECTOR FROMINSTANCE="SQ_UN_MONTH" FROMINSTANCETYPE="Source Qualifier" FROMFIELD="BASE_MONTH_ID10" TOINSTANCE="UN_MONTH" TOINSTANCETYPE="Custom Transformation" TOFIELD="BASE_MONTH_ID10"/>
                <CONNECTOR FROMINSTANCE="" FROMINSTANCETYPE="Source Definition" FROMFIELD="MONTHLY_ACCUM_ID10" TOINSTANCE="SQ_UN_MONTH" TOINSTANCETYPE="Source Qualifier" TOFIELD="MONTHLY_ACCUM_ID10"/>
                <CONNECTOR FROMINSTANCE="SQ_UN_MONTH" FROMINSTANCETYPE="Source Qualifier" FROMFIELD="MONTHLY_ACCUM_ID10" TOINSTANCE="UN_MONTH" TOINSTANCETYPE="Custom Transformation" TOFIELD="MONTHLY_ACCUM_ID10"/>
                <CONNECTOR FROMINSTANCE="" FROMINSTANCETYPE="Source Definition" FROMFIELD="MONTH_ID10" TOINSTANCE="SQ_UN_MONTH" TOINSTANCETYPE="Source Qualifier" TOFIELD="MONTH_ID10"/>
                <CONNECTOR FROMINSTANCE="SQ_UN_MONTH" FROMINSTANCETYPE="Source Qualifier" FROMFIELD="MONTH_ID10" TOINSTANCE="UN_MONTH" TOINSTANCETYPE="Custom Transformation" TOFIELD="MONTH_ID10"/>
                <CONNECTOR FROMINSTANCE="" FROMINSTANCETYPE="Source Definition" FROMFIELD="BASE_MONTH_ID11" TOINSTANCE="SQ_UN_MONTH" TOINSTANCETYPE="Source Qualifier" TOFIELD="BASE_MONTH_ID11"/>
                <CONNECTOR FROMINSTANCE="SQ_UN_MONTH" FROMINSTANCETYPE="Source Qualifier" FROMFIELD="BASE_MONTH_ID11" TOINSTANCE="UN_MONTH" TOINSTANCETYPE="Custom Transformation" TOFIELD="BASE_MONTH_ID11"/>
                <CONNECTOR FROMINSTANCE="" FROMINSTANCETYPE="Source Definition" FROMFIELD="MONTHLY_ACCUM_ID11" TOINSTANCE="SQ_UN_MONTH" TOINSTANCETYPE="Source Qualifier" TOFIELD="MONTHLY_ACCUM_ID11"/>
                <CONNECTOR FROMINSTANCE="SQ_UN_MONTH" FROMINSTANCETYPE="Source Qualifier" FROMFIELD="MONTHLY_ACCUM_ID11" TOINSTANCE="UN_MONTH" TOINSTANCETYPE="Custom Transformation" TOFIELD="MONTHLY_ACCUM_ID11"/>
                <CONNECTOR FROMINSTANCE="" FROMINSTANCETYPE="Source Definition" FROMFIELD="MONTH_ID11" TOINSTANCE="SQ_UN_MONTH" TOINSTANCETYPE="Source Qualifier" TOFIELD="MONTH_ID11"/>
                <CONNECTOR FROMINSTANCE="SQ_UN_MONTH" FROMINSTANCETYPE="Source Qualifier" FROMFIELD="MONTH_ID11" TOINSTANCE="UN_MONTH" TOINSTANCETYPE="Custom Transformation" TOFIELD="MONTH_ID11"/>
                <CONNECTOR FROMINSTANCE="" FROMINSTANCETYPE="Source Definition" FROMFIELD="BASE_MONTH_ID12" TOINSTANCE="SQ_UN_MONTH" TOINSTANCETYPE="Source Qualifier" TOFIELD="BASE_MONTH_ID12"/>
                <CONNECTOR FROMINSTANCE="SQ_UN_MONTH" FROMINSTANCETYPE="Source Qualifier" FROMFIELD="BASE_MONTH_ID12" TOINSTANCE="UN_MONTH" TOINSTANCETYPE="Custom Transformation" TOFIELD="BASE_MONTH_ID12"/>
                <CONNECTOR FROMINSTANCE="" FROMINSTANCETYPE="Source Definition" FROMFIELD="MONTHLY_ACCUM_ID12" TOINSTANCE="SQ_UN_MONTH" TOINSTANCETYPE="Source Qualifier" TOFIELD="MONTHLY_ACCUM_ID12"/>
                <CONNECTOR FROMINSTANCE="SQ_UN_MONTH" FROMINSTANCETYPE="Source Qualifier" FROMFIELD="MONTHLY_ACCUM_ID12" TOINSTANCE="UN_MONTH" TOINSTANCETYPE="Custom Transformation" TOFIELD="MONTHLY_ACCUM_ID12"/>
                <CONNECTOR FROMINSTANCE="" FROMINSTANCETYPE="Source Definition" FROMFIELD="MONTH_ID12" TOINSTANCE="SQ_UN_MONTH" TOINSTANCETYPE="Source Qualifier" TOFIELD="MONTH_ID12"/>
                <CONNECTOR FROMINSTANCE="SQ_UN_MONTH" FROMINSTANCETYPE="Source Qualifier" FROMFIELD="MONTH_ID12" TOINSTANCE="UN_MONTH" TOINSTANCETYPE="Custom Transformation" TOFIELD="MONTH_ID12"/>
                <CONNECTOR FROMINSTANCE="" FROMINSTANCETYPE="Source Definition" FROMFIELD="BASE_MONTH_ID13" TOINSTANCE="SQ_UN_MONTH" TOINSTANCETYPE="Source Qualifier" TOFIELD="BASE_MONTH_ID13"/>
                <CONNECTOR FROMINSTANCE="SQ_UN_MONTH" FROMINSTANCETYPE="Source Qualifier" FROMFIELD="BASE_MONTH_ID13" TOINSTANCE="UN_MONTH" TOINSTANCETYPE="Custom Transformation" TOFIELD="BASE_MONTH_ID13"/>
                <CONNECTOR FROMINSTANCE="" FROMINSTANCETYPE="Source Definition" FROMFIELD="MONTHLY_ACCUM_ID13" TOINSTANCE="SQ_UN_MONTH" TOINSTANCETYPE="Source Qualifier" TOFIELD="MONTHLY_ACCUM_ID13"/>
                <CONNECTOR FROMINSTANCE="SQ_UN_MONTH" FROMINSTANCETYPE="Source Qualifier" FROMFIELD="MONTHLY_ACCUM_ID13" TOINSTANCE="UN_MONTH" TOINSTANCETYPE="Custom Transformation" TOFIELD="MONTHLY_ACCUM_ID13"/>
                <CONNECTOR FROMINSTANCE="" FROMINSTANCETYPE="Source Definition" FROMFIELD="MONTH_ID13" TOINSTANCE="SQ_UN_MONTH" TOINSTANCETYPE="Source Qualifier" TOFIELD="MONTH_ID13"/>
                <CONNECTOR FROMINSTANCE="SQ_UN_MONTH" FROMINSTANCETYPE="Source Qualifier" FROMFIELD="MONTH_ID13" TOINSTANCE="UN_MONTH" TOINSTANCETYPE="Custom Transformation" TOFIELD="MONTH_ID13"/>
                <CONNECTOR FROMINSTANCE="" FROMINSTANCETYPE="Source Definition" FROMFIELD="BASE_MONTH_ID14" TOINSTANCE="SQ_UN_MONTH" TOINSTANCETYPE="Source Qualifier" TOFIELD="BASE_MONTH_ID14"/>
                <CONNECTOR FROMINSTANCE="SQ_UN_MONTH" FROMINSTANCETYPE="Source Qualifier" FROMFIELD="BASE_MONTH_ID14" TOINSTANCE="UN_MONTH" TOINSTANCETYPE="Custom Transformation" TOFIELD="BASE_MONTH_ID14"/>
                <CONNECTOR FROMINSTANCE="" FROMINSTANCETYPE="Source Definition" FROMFIELD="MONTHLY_ACCUM_ID14" TOINSTANCE="SQ_UN_MONTH" TOINSTANCETYPE="Source Qualifier" TOFIELD="MONTHLY_ACCUM_ID14"/>
                <CONNECTOR FROMINSTANCE="SQ_UN_MONTH" FROMINSTANCETYPE="Source Qualifier" FROMFIELD="MONTHLY_ACCUM_ID14" TOINSTANCE="UN_MONTH" TOINSTANCETYPE="Custom Transformation" TOFIELD="MONTHLY_ACCUM_ID14"/>
                <CONNECTOR FROMINSTANCE="" FROMINSTANCETYPE="Source Definition" FROMFIELD="MONTH_ID14" TOINSTANCE="SQ_UN_MONTH" TOINSTANCETYPE="Source Qualifier" TOFIELD="MONTH_ID14"/>
                <CONNECTOR FROMINSTANCE="SQ_UN_MONTH" FROMINSTANCETYPE="Source Qualifier" FROMFIELD="MONTH_ID14" TOINSTANCE="UN_MONTH" TOINSTANCETYPE="Custom Transformation" TOFIELD="MONTH_ID14"/>
                <CONNECTOR FROMINSTANCE="" FROMINSTANCETYPE="Source Definition" FROMFIELD="BASE_MONTH_ID15" TOINSTANCE="SQ_UN_MONTH" TOINSTANCETYPE="Source Qualifier" TOFIELD="BASE_MONTH_ID15"/>
                <CONNECTOR FROMINSTANCE="SQ_UN_MONTH" FROMINSTANCETYPE="Source Qualifier" FROMFIELD="BASE_MONTH_ID15" TOINSTANCE="UN_MONTH" TOINSTANCETYPE="Custom Transformation" TOFIELD="BASE_MONTH_ID15"/>
                <CONNECTOR FROMINSTANCE="" FROMINSTANCETYPE="Source Definition" FROMFIELD="MONTHLY_ACCUM_ID15" TOINSTANCE="SQ_UN_MONTH" TOINSTANCETYPE="Source Qualifier" TOFIELD="MONTHLY_ACCUM_ID15"/>
                <CONNECTOR FROMINSTANCE="SQ_UN_MONTH" FROMINSTANCETYPE="Source Qualifier" FROMFIELD="MONTHLY_ACCUM_ID15" TOINSTANCE="UN_MONTH" TOINSTANCETYPE="Custom Transformation" TOFIELD="MONTHLY_ACCUM_ID15"/>
                <CONNECTOR FROMINSTANCE="" FROMINSTANCETYPE="Source Definition" FROMFIELD="MONTH_ID15" TOINSTANCE="SQ_UN_MONTH" TOINSTANCETYPE="Source Qualifier" TOFIELD="MONTH_ID15"/>
                <CONNECTOR FROMINSTANCE="SQ_UN_MONTH" FROMINSTANCETYPE="Source Qualifier" FROMFIELD="MONTH_ID15" TOINSTANCE="UN_MONTH" TOINSTANCETYPE="Custom Transformation" TOFIELD="MONTH_ID15"/>
                <CONNECTOR FROMINSTANCE="" FROMINSTANCETYPE="Source Definition" FROMFIELD="BASE_MONTH_ID16" TOINSTANCE="SQ_UN_MONTH" TOINSTANCETYPE="Source Qualifier" TOFIELD="BASE_MONTH_ID16"/>
                <CONNECTOR FROMINSTANCE="SQ_UN_MONTH" FROMINSTANCETYPE="Source Qualifier" FROMFIELD="BASE_MONTH_ID16" TOINSTANCE="UN_MONTH" TOINSTANCETYPE="Custom Transformation" TOFIELD="BASE_MONTH_ID16"/>
                <CONNECTOR FROMINSTANCE="" FROMINSTANCETYPE="Source Definition" FROMFIELD="MONTHLY_ACCUM_ID16" TOINSTANCE="SQ_UN_MONTH" TOINSTANCETYPE="Source Qualifier" TOFIELD="MONTHLY_ACCUM_ID16"/>
                <CONNECTOR FROMINSTANCE="SQ_UN_MONTH" FROMINSTANCETYPE="Source Qualifier" FROMFIELD="MONTHLY_ACCUM_ID16" TOINSTANCE="UN_MONTH" TOINSTANCETYPE="Custom Transformation" TOFIELD="MONTHLY_ACCUM_ID16"/>
                <CONNECTOR FROMINSTANCE="" FROMINSTANCETYPE="Source Definition" FROMFIELD="MONTH_ID16" TOINSTANCE="SQ_UN_MONTH" TOINSTANCETYPE="Source Qualifier" TOFIELD="MONTH_ID16"/>
                <CONNECTOR FROMINSTANCE="SQ_UN_MONTH" FROMINSTANCETYPE="Source Qualifier" FROMFIELD="MONTH_ID16" TOINSTANCE="UN_MONTH" TOINSTANCETYPE="Custom Transformation" TOFIELD="MONTH_ID16"/>
                <CONNECTOR FROMINSTANCE="" FROMINSTANCETYPE="Source Definition" FROMFIELD="BASE_MONTH_ID17" TOINSTANCE="SQ_UN_MONTH" TOINSTANCETYPE="Source Qualifier" TOFIELD="BASE_MONTH_ID17"/>
                <CONNECTOR FROMINSTANCE="SQ_UN_MONTH" FROMINSTANCETYPE="Source Qualifier" FROMFIELD="BASE_MONTH_ID17" TOINSTANCE="UN_MONTH" TOINSTANCETYPE="Custom Transformation" TOFIELD="BASE_MONTH_ID17"/>
                <CONNECTOR FROMINSTANCE="" FROMINSTANCETYPE="Source Definition" FROMFIELD="MONTHLY_ACCUM_ID17" TOINSTANCE="SQ_UN_MONTH" TOINSTANCETYPE="Source Qualifier" TOFIELD="MONTHLY_ACCUM_ID17"/>
                <CONNECTOR FROMINSTANCE="SQ_UN_MONTH" FROMINSTANCETYPE="Source Qualifier" FROMFIELD="MONTHLY_ACCUM_ID17" TOINSTANCE="UN_MONTH" TOINSTANCETYPE="Custom Transformation" TOFIELD="MONTHLY_ACCUM_ID17"/>
                <CONNECTOR FROMINSTANCE="" FROMINSTANCETYPE="Source Definition" FROMFIELD="MONTH_ID17" TOINSTANCE="SQ_UN_MONTH" TOINSTANCETYPE="Source Qualifier" TOFIELD="MONTH_ID17"/>
                <CONNECTOR FROMINSTANCE="SQ_UN_MONTH" FROMINSTANCETYPE="Source Qualifier" FROMFIELD="MONTH_ID17" TOINSTANCE="UN_MONTH" TOINSTANCETYPE="Custom Transformation" TOFIELD="MONTH_ID17"/>
                <CONNECTOR FROMINSTANCE="" FROMINSTANCETYPE="Source Definition" FROMFIELD="BASE_MONTH_ID18" TOINSTANCE="SQ_UN_MONTH" TOINSTANCETYPE="Source Qualifier" TOFIELD="BASE_MONTH_ID18"/>
                <CONNECTOR FROMINSTANCE="SQ_UN_MONTH" FROMINSTANCETYPE="Source Qualifier" FROMFIELD="BASE_MONTH_ID18" TOINSTANCE="UN_MONTH" TOINSTANCETYPE="Custom Transformation" TOFIELD="BASE_MONTH_ID18"/>
                <CONNECTOR FROMINSTANCE="" FROMINSTANCETYPE="Source Definition" FROMFIELD="MONTHLY_ACCUM_ID18" TOINSTANCE="SQ_UN_MONTH" TOINSTANCETYPE="Source Qualifier" TOFIELD="MONTHLY_ACCUM_ID18"/>
                <CONNECTOR FROMINSTANCE="SQ_UN_MONTH" FROMINSTANCETYPE="Source Qualifier" FROMFIELD="MONTHLY_ACCUM_ID18" TOINSTANCE="UN_MONTH" TOINSTANCETYPE="Custom Transformation" TOFIELD="MONTHLY_ACCUM_ID18"/>
                <CONNECTOR FROMINSTANCE="" FROMINSTANCETYPE="Source Definition" FROMFIELD="MONTH_ID18" TOINSTANCE="SQ_UN_MONTH" TOINSTANCETYPE="Source Qualifier" TOFIELD="MONTH_ID18"/>
                <CONNECTOR FROMINSTANCE="SQ_UN_MONTH" FROMINSTANCETYPE="Source Qualifier" FROMFIELD="MONTH_ID18" TOINSTANCE="UN_MONTH" TOINSTANCETYPE="Custom Transformation" TOFIELD="MONTH_ID18"/>
                <CONNECTOR FROMINSTANCE="" FROMINSTANCETYPE="Source Definition" FROMFIELD="BASE_MONTH_ID19" TOINSTANCE="SQ_UN_MONTH" TOINSTANCETYPE="Source Qualifier" TOFIELD="BASE_MONTH_ID19"/>
                <CONNECTOR FROMINSTANCE="SQ_UN_MONTH" FROMINSTANCETYPE="Source Qualifier" FROMFIELD="BASE_MONTH_ID19" TOINSTANCE="UN_MONTH" TOINSTANCETYPE="Custom Transformation" TOFIELD="BASE_MONTH_ID19"/>
                <CONNECTOR FROMINSTANCE="" FROMINSTANCETYPE="Source Definition" FROMFIELD="MONTHLY_ACCUM_ID19" TOINSTANCE="SQ_UN_MONTH" TOINSTANCETYPE="Source Qualifier" TOFIELD="MONTHLY_ACCUM_ID19"/>
                <CONNECTOR FROMINSTANCE="SQ_UN_MONTH" FROMINSTANCETYPE="Source Qualifier" FROMFIELD="MONTHLY_ACCUM_ID19" TOINSTANCE="UN_MONTH" TOINSTANCETYPE="Custom Transformation" TOFIELD="MONTHLY_ACCUM_ID19"/>
                <CONNECTOR FROMINSTANCE="" FROMINSTANCETYPE="Source Definition" FROMFIELD="MONTH_ID19" TOINSTANCE="SQ_UN_MONTH" TOINSTANCETYPE="Source Qualifier" TOFIELD="MONTH_ID19"/>
                <CONNECTOR FROMINSTANCE="SQ_UN_MONTH" FROMINSTANCETYPE="Source Qualifier" FROMFIELD="MONTH_ID19" TOINSTANCE="UN_MONTH" TOINSTANCETYPE="Custom Transformation" TOFIELD="MONTH_ID19"/>
                <CONNECTOR FROMINSTANCE="" FROMINSTANCETYPE="Source Definition" FROMFIELD="BASE_MONTH_ID20" TOINSTANCE="SQ_UN_MONTH" TOINSTANCETYPE="Source Qualifier" TOFIELD="BASE_MONTH_ID20"/>
                <CONNECTOR FROMINSTANCE="SQ_UN_MONTH" FROMINSTANCETYPE="Source Qualifier" FROMFIELD="BASE_MONTH_ID20" TOINSTANCE="UN_MONTH" TOINSTANCETYPE="Custom Transformation" TOFIELD="BASE_MONTH_ID20"/>
                <CONNECTOR FROMINSTANCE="" FROMINSTANCETYPE="Source Definition" FROMFIELD="MONTHLY_ACCUM_ID20" TOINSTANCE="SQ_UN_MONTH" TOINSTANCETYPE="Source Qualifier" TOFIELD="MONTHLY_ACCUM_ID20"/>
                <CONNECTOR FROMINSTANCE="SQ_UN_MONTH" FROMINSTANCETYPE="Source Qualifier" FROMFIELD="MONTHLY_ACCUM_ID20" TOINSTANCE="UN_MONTH" TOINSTANCETYPE="Custom Transformation" TOFIELD="MONTHLY_ACCUM_ID20"/>
                <CONNECTOR FROMINSTANCE="" FROMINSTANCETYPE="Source Definition" FROMFIELD="MONTH_ID20" TOINSTANCE="SQ_UN_MONTH" TOINSTANCETYPE="Source Qualifier" TOFIELD="MONTH_ID20"/>
                <CONNECTOR FROMINSTANCE="SQ_UN_MONTH" FROMINSTANCETYPE="Source Qualifier" FROMFIELD="MONTH_ID20" TOINSTANCE="UN_MONTH" TOINSTANCETYPE="Custom Transformation" TOFIELD="MONTH_ID20"/>
                <CONNECTOR FROMINSTANCE="" FROMINSTANCETYPE="Source Definition" FROMFIELD="BASE_MONTH_ID21" TOINSTANCE="SQ_UN_MONTH" TOINSTANCETYPE="Source Qualifier" TOFIELD="BASE_MONTH_ID21"/>
                <CONNECTOR FROMINSTANCE="SQ_UN_MONTH" FROMINSTANCETYPE="Source Qualifier" FROMFIELD="BASE_MONTH_ID21" TOINSTANCE="UN_MONTH" TOINSTANCETYPE="Custom Transformation" TOFIELD="BASE_MONTH_ID21"/>
                <CONNECTOR FROMINSTANCE="" FROMINSTANCETYPE="Source Definition" FROMFIELD="MONTHLY_ACCUM_ID21" TOINSTANCE="SQ_UN_MONTH" TOINSTANCETYPE="Source Qualifier" TOFIELD="MONTHLY_ACCUM_ID21"/>
                <CONNECTOR FROMINSTANCE="SQ_UN_MONTH" FROMINSTANCETYPE="Source Qualifier" FROMFIELD="MONTHLY_ACCUM_ID21" TOINSTANCE="UN_MONTH" TOINSTANCETYPE="Custom Transformation" TOFIELD="MONTHLY_ACCUM_ID21"/>
                <CONNECTOR FROMINSTANCE="" FROMINSTANCETYPE="Source Definition" FROMFIELD="MONTH_ID21" TOINSTANCE="SQ_UN_MONTH" TOINSTANCETYPE="Source Qualifier" TOFIELD="MONTH_ID21"/>
                <CONNECTOR FROMINSTANCE="SQ_UN_MONTH" FROMINSTANCETYPE="Source Qualifier" FROMFIELD="MONTH_ID21" TOINSTANCE="UN_MONTH" TOINSTANCETYPE="Custom Transformation" TOFIELD="MONTH_ID21"/>
                <CONNECTOR FROMINSTANCE="" FROMINSTANCETYPE="Source Definition" FROMFIELD="BASE_MONTH_ID22" TOINSTANCE="SQ_UN_MONTH" TOINSTANCETYPE="Source Qualifier" TOFIELD="BASE_MONTH_ID22"/>
                <CONNECTOR FROMINSTANCE="SQ_UN_MONTH" FROMINSTANCETYPE="Source Qualifier" FROMFIELD="BASE_MONTH_ID22" TOINSTANCE="UN_MONTH" TOINSTANCETYPE="Custom Transformation" TOFIELD="BASE_MONTH_ID22"/>
                <CONNECTOR FROMINSTANCE="" FROMINSTANCETYPE="Source Definition" FROMFIELD="MONTHLY_ACCUM_ID22" TOINSTANCE="SQ_UN_MONTH" TOINSTANCETYPE="Source Qualifier" TOFIELD="MONTHLY_ACCUM_ID22"/>
                <CONNECTOR FROMINSTANCE="SQ_UN_MONTH" FROMINSTANCETYPE="Source Qualifier" FROMFIELD="MONTHLY_ACCUM_ID22" TOINSTANCE="UN_MONTH" TOINSTANCETYPE="Custom Transformation" TOFIELD="MONTHLY_ACCUM_ID22"/>
                <CONNECTOR FROMINSTANCE="" FROMINSTANCETYPE="Source Definition" FROMFIELD="MONTH_ID22" TOINSTANCE="SQ_UN_MONTH" TOINSTANCETYPE="Source Qualifier" TOFIELD="MONTH_ID22"/>
                <CONNECTOR FROMINSTANCE="SQ_UN_MONTH" FROMINSTANCETYPE="Source Qualifier" FROMFIELD="MONTH_ID22" TOINSTANCE="UN_MONTH" TOINSTANCETYPE="Custom Transformation" TOFIELD="MONTH_ID22"/>
                <TARGETLOADORDER TARGETINSTANCE="CSS01LF03T" ORDER="1"/>
            </MAPPING>
        </FOLDER>
    </REPOSITORY>
</POWERMART>
