<?xml version="1.0" encoding="ISO-8859-1" standalone="yes"?>
<!DOCTYPE POWERMART SYSTEM "powrmart.dtd">
<POWERMART CREATION_DATE="" REPOSITORY_VERSION="">
    <REPOSITORY NAME="XDIPCRS" DATABASETYPE="DB2" CODEPAGE="Latin1" VERSION="184">
        <FOLDER NAME="XDW991593" DESCRIPTION="Everis : Antonio Jesus, Group for Global Corporate Teaser Tool(GCT), Developer, antonio.jesus.munoz.lapaz@zurich.com" SHARED="NOTSHARED" OWNER="w991593" GROUP="" PERMISSIONS="rwx---r--" UUID="55cd59eb-588d-4840-8dee-97c3257a4945">
            <CONFIG NAME="default_session_config" DESCRIPTION="Default session configuration object" ISDEFAULT="YES" VERSIONNUMBER="1">
                <ATTRIBUTE NAME="Advanced" VALUE=""/>
                <ATTRIBUTE NAME="Constraint based load ordering" VALUE="NO"/>
                <ATTRIBUTE NAME="Cache LOOKUP() function" VALUE="YES"/>
                <ATTRIBUTE NAME="Default buffer block size" VALUE="Auto"/>
                <ATTRIBUTE NAME="Line Sequential buffer length" VALUE="1024"/>
                <ATTRIBUTE NAME="Maximum Memory Allowed For Auto Memory Attributes" VALUE="512MB"/>
                <ATTRIBUTE NAME="Maximum Percentage of Total Memory Allowed For Auto Memory Attributes" VALUE="5"/>
                <ATTRIBUTE NAME="Additional Concurrent Pipelines for Lookup Cache Creation" VALUE="Auto"/>
                <ATTRIBUTE NAME="Custom Properties" VALUE=""/>
                <ATTRIBUTE NAME="Pre-build lookup cache" VALUE="Auto"/>
                <ATTRIBUTE NAME="Optimization Level" VALUE="Medium"/>
                <ATTRIBUTE NAME="DateTime Format String" VALUE="MM/DD/YYYY HH24:MI:SS.US"/>
                <ATTRIBUTE NAME="Pre 85 Timestamp Compatibility" VALUE="NO"/>
                <ATTRIBUTE NAME="Log Options" VALUE="0"/>
                <ATTRIBUTE NAME="Save session log by" VALUE="Session runs"/>
                <ATTRIBUTE NAME="Save session log for these runs" VALUE="0"/>
                <ATTRIBUTE NAME="Session Log File Max Size" VALUE="0"/>
                <ATTRIBUTE NAME="Session Log File Max Time Period" VALUE="0"/>
                <ATTRIBUTE NAME="Maximum Partial Session Log Files" VALUE="1"/>
                <ATTRIBUTE NAME="Writer Commit Statistics Log Frequency" VALUE="1"/>
                <ATTRIBUTE NAME="Writer Commit Statistics Log Interval" VALUE="0"/>
                <ATTRIBUTE NAME="Error handling" VALUE=""/>
                <ATTRIBUTE NAME="Stop on errors" VALUE="0"/>
                <ATTRIBUTE NAME="Override tracing" VALUE="None"/>
                <ATTRIBUTE NAME="On Stored Procedure error" VALUE="Stop"/>
                <ATTRIBUTE NAME="On Pre-session command task error" VALUE="Stop"/>
                <ATTRIBUTE NAME="On Pre-Post SQL error" VALUE="Stop"/>
                <ATTRIBUTE NAME="Enable Recovery" VALUE="NO"/>
                <ATTRIBUTE NAME="Error Log Type" VALUE="None"/>
                <ATTRIBUTE NAME="Error Log Table Name Prefix" VALUE=""/>
                <ATTRIBUTE NAME="Error Log File Name" VALUE="PMError.log"/>
                <ATTRIBUTE NAME="Log Source Row Data" VALUE="NO"/>
                <ATTRIBUTE NAME="Data Column Delimiter" VALUE="|"/>
                <ATTRIBUTE NAME="Partitioning Options" VALUE=""/>
                <ATTRIBUTE NAME="Dynamic Partitioning" VALUE="Disabled"/>
                <ATTRIBUTE NAME="Number of Partitions" VALUE="1"/>
                <ATTRIBUTE NAME="Multiplication Factor" VALUE="Auto"/>
                <ATTRIBUTE NAME="Session on Grid" VALUE=""/>
                <ATTRIBUTE NAME="Is Enabled" VALUE="NO"/>
            </CONFIG>
            <WORKFLOW NAME="wf_SelIns_${DBDWHV}.${V_MS_CLIENTES_NO_MIXTOS}" DESCRIPTION="Workflow generated from SQL" SERVERNAME="dipcis01" SERVER_DOMAINNAME="dinfadm01" SCHEDULERNAME="Scheduler" REUSABLE_SCHEDULER="NO" ISENABLED="YES" SUSPEND_ON_ERROR="NO" TASKS_MUST_RUN_ON_SERVER="NO" VERSIONNUMBER="1" ISSERVICE="YES" ISRUNNABLESERVICE="NO">
                <SCHEDULER NAME="Scheduler" REUSABLE="NO" VERSIONNUMBER="1"/>
                <TASK NAME="START" TYPE="Start" REUSABLE="NO" VERSIONNUMBER="1"/>
                <SESSION NAME="s_m_SelIns_corp.everis.pwc.raw.SOURCE@681a8b4e" DESCRIPTION="Session of wf_SelIns_corp.everis.pwc.raw.SOURCE@681a8b4e" REUSABLE="YES" ISVALID="m_SelIns_corp.everis.pwc.raw.SOURCE@681a8b4e" MAPPINGNAME="Binary" SORTORDER="1" VERSIONNUMBER="NO">
                    <CONFIGREFERENCE REFOBJECTNAME="default_session_config" TYPE="Session config">
                        <ATTRIBUTE NAME="Stop on errors" VALUE="$PMSessionErrorThreshold"/>
                    </CONFIGREFERENCE>
                </SESSION>
                <TASKINSTANCE NAME="Start" DESCRIPTION="" TASKTYPE="Start" TASKNAME="Start" ISENABLED="YES" REUSABLE="NO" TREAT_INPUTLINK_AS_AND="" FAIL_PARENT_IF_INSTANCE_FAILS="" FAIL_PARENT_IF_INSTANCE_DID_NOT_RUN="" SERVER_OVERRIDE=""/>
                <TASKINSTANCE NAME="s_m_SelIns_corp.everis.pwc.raw.SOURCE@681a8b4e" DESCRIPTION="" TASKTYPE="" TASKNAME="Session" ISENABLED="s_m_SelIns_corp.everis.pwc.raw.SOURCE@681a8b4e" REUSABLE="YES" TREAT_INPUTLINK_AS_AND="NO" FAIL_PARENT_IF_INSTANCE_FAILS="YES" FAIL_PARENT_IF_INSTANCE_DID_NOT_RUN="YES" SERVER_OVERRIDE="NO"/>
                <WORKFLOWLINK FROMTASK="Start" TOTASK="s_m_SelIns_corp.everis.pwc.raw.SOURCE@681a8b4e"/>
                <WORKFLOWVARIABLE NAME="$Start.StartTime" DESCRIPTION="The time this task started" USERDEFINED="NO" DATATYPE="date/time" DEFAULTVALUE="" ISPERSISTENT="NO" ISNULL="NO"/>
                <WORKFLOWVARIABLE NAME="$Start.EndTime" DESCRIPTION="The time this task completed" USERDEFINED="NO" DATATYPE="date/time" DEFAULTVALUE="" ISPERSISTENT="NO" ISNULL="NO"/>
                <WORKFLOWVARIABLE NAME="$Start.Status" DESCRIPTION="Status of this task&amp;apos;s execution" USERDEFINED="NO" DATATYPE="integer" DEFAULTVALUE="" ISPERSISTENT="NO" ISNULL="NO"/>
                <WORKFLOWVARIABLE NAME="$Start.PrevTaskStatus" DESCRIPTION="Status of the previous task that is not disabled" USERDEFINED="NO" DATATYPE="integer" DEFAULTVALUE="" ISPERSISTENT="NO" ISNULL="NO"/>
                <WORKFLOWVARIABLE NAME="$Start.ErrorCode" DESCRIPTION="Error code for this task&amp;apos;s execution" USERDEFINED="NO" DATATYPE="integer" DEFAULTVALUE="" ISPERSISTENT="NO" ISNULL="NO"/>
                <WORKFLOWVARIABLE NAME="$Start.ErrorMsg" DESCRIPTION="Error message for this task&amp;apos;s execution" USERDEFINED="NO" DATATYPE="string" DEFAULTVALUE="" ISPERSISTENT="NO" ISNULL="NO"/>
                <WORKFLOWVARIABLE NAME="$s_m_SelIns_corp.everis.pwc.raw.SOURCE@681a8b4e.StartTime" DESCRIPTION="The time this task started" USERDEFINED="NO" DATATYPE="date/time" DEFAULTVALUE="" ISPERSISTENT="NO" ISNULL="NO"/>
                <WORKFLOWVARIABLE NAME="$s_m_SelIns_corp.everis.pwc.raw.SOURCE@681a8b4e.EndTime" DESCRIPTION="The time this task completed" USERDEFINED="NO" DATATYPE="date/time" DEFAULTVALUE="" ISPERSISTENT="NO" ISNULL="NO"/>
                <WORKFLOWVARIABLE NAME="$s_m_SelIns_corp.everis.pwc.raw.SOURCE@681a8b4e.Status" DESCRIPTION="Status of this task&amp;apos;s execution" USERDEFINED="NO" DATATYPE="integer" DEFAULTVALUE="" ISPERSISTENT="NO" ISNULL="NO"/>
                <WORKFLOWVARIABLE NAME="$s_m_SelIns_corp.everis.pwc.raw.SOURCE@681a8b4e.prevTaskStatus" DESCRIPTION="Status of the previous task that is not disabled" USERDEFINED="NO" DATATYPE="integer" DEFAULTVALUE="" ISPERSISTENT="NO" ISNULL="NO"/>
                <WORKFLOWVARIABLE NAME="$s_m_SelIns_corp.everis.pwc.raw.SOURCE@681a8b4e.ErrorCode" DESCRIPTION="Error code for this task&amp;apos;s execution" USERDEFINED="NO" DATATYPE="integer" DEFAULTVALUE="" ISPERSISTENT="NO" ISNULL="NO"/>
                <WORKFLOWVARIABLE NAME="$s_m_SelIns_corp.everis.pwc.raw.SOURCE@681a8b4e.ErrorMsg" DESCRIPTION="Error message for this task&amp;apos;s execution" USERDEFINED="NO" DATATYPE="string" DEFAULTVALUE="" ISPERSISTENT="NO" ISNULL="NO"/>
                <WORKFLOWVARIABLE NAME="$s_m_SelIns_corp.everis.pwc.raw.SOURCE@681a8b4e.SrcSuccessRows" DESCRIPTION="Rows successfully read" USERDEFINED="NO" DATATYPE="integer" DEFAULTVALUE="" ISPERSISTENT="NO" ISNULL="NO"/>
                <WORKFLOWVARIABLE NAME="$s_m_SelIns_corp.everis.pwc.raw.SOURCE@681a8b4e.SrcFailedRows" DESCRIPTION="Rows failed to read" USERDEFINED="NO" DATATYPE="integer" DEFAULTVALUE="" ISPERSISTENT="NO" ISNULL="NO"/>
                <WORKFLOWVARIABLE NAME="$s_m_SelIns_corp.everis.pwc.raw.SOURCE@681a8b4e.TgtSuccessRows" DESCRIPTION="Rows successfully loaded" USERDEFINED="NO" DATATYPE="integer" DEFAULTVALUE="" ISPERSISTENT="NO" ISNULL="NO"/>
                <WORKFLOWVARIABLE NAME="$s_m_SelIns_corp.everis.pwc.raw.SOURCE@681a8b4e.TgtFailedRows" DESCRIPTION="Rows failed to load" USERDEFINED="NO" DATATYPE="integer" DEFAULTVALUE="" ISPERSISTENT="NO" ISNULL="NO"/>
                <WORKFLOWVARIABLE NAME="$s_m_SelIns_corp.everis.pwc.raw.SOURCE@681a8b4e.TotalTransErrors" DESCRIPTION="Total number of transformation errors" USERDEFINED="NO" DATATYPE="integer" DEFAULTVALUE="" ISPERSISTENT="NO" ISNULL="NO"/>
                <WORKFLOWVARIABLE NAME="$s_m_SelIns_corp.everis.pwc.raw.SOURCE@681a8b4e.FirstErrorCode" DESCRIPTION="First error code" USERDEFINED="NO" DATATYPE="integer" DEFAULTVALUE="" ISPERSISTENT="NO" ISNULL="NO"/>
                <WORKFLOWVARIABLE NAME="$s_m_SelIns_corp.everis.pwc.raw.SOURCE@681a8b4e.FirstErrorMsg" DESCRIPTION="First error message" USERDEFINED="NO" DATATYPE="string" DEFAULTVALUE="" ISPERSISTENT="NO" ISNULL="NO"/>
            </WORKFLOW>
            <SOURCE NAME="SRC_${DBDWHV}.${V_MS_CLIENTES_NO_MIXTOS}" DBDNAME="DB2" BUSINESSNAME="" DESCRIPTION="" OBJECTVERSION="1" OWNERNAME="" DATABASETYPE="DB2" VERSIONNUMBER="1">
                <SOURCEFIELD NAME="MIX.CIFNIF AS NIF_CLIENTE" BUSINESSNAME="" DESCRIPTION="" DATATYPE="varchar" KEYTYPE="NOT A KEY" PRECISION="10" SCALE="0" NULLABLE="NULL" USAGE_FLAGS="" LEVEL="0" FIELDTYPE="ELEMITEM" PICTURETEXT="" OCCURS="0" LENGTH="0" PHYSICALOFFSET="" PHYSICALLENGTH="10" FIELDNUMBER="0" FIELDPROPERTY="" HIDDEN="NO"/>
                <SOURCEFIELD NAME="MIX.NUM_CLIENTE" BUSINESSNAME="" DESCRIPTION="" DATATYPE="varchar" KEYTYPE="NOT A KEY" PRECISION="10" SCALE="0" NULLABLE="NULL" USAGE_FLAGS="" LEVEL="0" FIELDTYPE="ELEMITEM" PICTURETEXT="" OCCURS="0" LENGTH="10" PHYSICALOFFSET="" PHYSICALLENGTH="10" FIELDNUMBER="1" FIELDPROPERTY="" HIDDEN="NO"/>
                <SOURCEFIELD NAME="MIX.COD_ESTADO_GENERAL" BUSINESSNAME="" DESCRIPTION="" DATATYPE="varchar" KEYTYPE="NOT A KEY" PRECISION="10" SCALE="0" NULLABLE="NULL" USAGE_FLAGS="" LEVEL="0" FIELDTYPE="ELEMITEM" PICTURETEXT="" OCCURS="0" LENGTH="20" PHYSICALOFFSET="" PHYSICALLENGTH="10" FIELDNUMBER="2" FIELDPROPERTY="" HIDDEN="NO"/>
                <SOURCEFIELD NAME="MIX.TIPO_DOCUMENTO_NORM" BUSINESSNAME="" DESCRIPTION="" DATATYPE="varchar" KEYTYPE="NOT A KEY" PRECISION="10" SCALE="0" NULLABLE="NULL" USAGE_FLAGS="" LEVEL="0" FIELDTYPE="ELEMITEM" PICTURETEXT="" OCCURS="0" LENGTH="30" PHYSICALOFFSET="" PHYSICALLENGTH="10" FIELDNUMBER="3" FIELDPROPERTY="" HIDDEN="NO"/>
                <SOURCEFIELD NAME="MIX.CLASE_CLI_COD_CLASE_CLIENTE" BUSINESSNAME="" DESCRIPTION="" DATATYPE="varchar" KEYTYPE="NOT A KEY" PRECISION="10" SCALE="0" NULLABLE="NULL" USAGE_FLAGS="" LEVEL="0" FIELDTYPE="ELEMITEM" PICTURETEXT="" OCCURS="0" LENGTH="40" PHYSICALOFFSET="" PHYSICALLENGTH="10" FIELDNUMBER="4" FIELDPROPERTY="" HIDDEN="NO"/>
                <SOURCEFIELD NAME="MIX.DES_TIPO_CLIENTE" BUSINESSNAME="" DESCRIPTION="" DATATYPE="varchar" KEYTYPE="NOT A KEY" PRECISION="10" SCALE="0" NULLABLE="NULL" USAGE_FLAGS="" LEVEL="0" FIELDTYPE="ELEMITEM" PICTURETEXT="" OCCURS="0" LENGTH="50" PHYSICALOFFSET="" PHYSICALLENGTH="10" FIELDNUMBER="5" FIELDPROPERTY="" HIDDEN="NO"/>
                <SOURCEFIELD NAME="MIX.DES_SUBTIPO_CLIENTE" BUSINESSNAME="" DESCRIPTION="" DATATYPE="varchar" KEYTYPE="NOT A KEY" PRECISION="10" SCALE="0" NULLABLE="NULL" USAGE_FLAGS="" LEVEL="0" FIELDTYPE="ELEMITEM" PICTURETEXT="" OCCURS="0" LENGTH="60" PHYSICALOFFSET="" PHYSICALLENGTH="10" FIELDNUMBER="6" FIELDPROPERTY="" HIDDEN="NO"/>
                <SOURCEFIELD NAME="MIX.CIF_CABECERA" BUSINESSNAME="" DESCRIPTION="" DATATYPE="varchar" KEYTYPE="NOT A KEY" PRECISION="10" SCALE="0" NULLABLE="NULL" USAGE_FLAGS="" LEVEL="0" FIELDTYPE="ELEMITEM" PICTURETEXT="" OCCURS="0" LENGTH="70" PHYSICALOFFSET="" PHYSICALLENGTH="10" FIELDNUMBER="7" FIELDPROPERTY="" HIDDEN="NO"/>
                <SOURCEFIELD NAME="MIX.GRUPO_COMERCIAL" BUSINESSNAME="" DESCRIPTION="" DATATYPE="varchar" KEYTYPE="NOT A KEY" PRECISION="10" SCALE="0" NULLABLE="NULL" USAGE_FLAGS="" LEVEL="0" FIELDTYPE="ELEMITEM" PICTURETEXT="" OCCURS="0" LENGTH="80" PHYSICALOFFSET="" PHYSICALLENGTH="10" FIELDNUMBER="8" FIELDPROPERTY="" HIDDEN="NO"/>
                <SOURCEFIELD NAME="MIX.ANTIG_MESES" BUSINESSNAME="" DESCRIPTION="" DATATYPE="varchar" KEYTYPE="NOT A KEY" PRECISION="10" SCALE="0" NULLABLE="NULL" USAGE_FLAGS="" LEVEL="0" FIELDTYPE="ELEMITEM" PICTURETEXT="" OCCURS="0" LENGTH="90" PHYSICALOFFSET="" PHYSICALLENGTH="10" FIELDNUMBER="9" FIELDPROPERTY="" HIDDEN="NO"/>
                <SOURCEFIELD NAME="MIX.FEC_INSTALACION" BUSINESSNAME="" DESCRIPTION="" DATATYPE="varchar" KEYTYPE="NOT A KEY" PRECISION="10" SCALE="0" NULLABLE="NULL" USAGE_FLAGS="" LEVEL="0" FIELDTYPE="ELEMITEM" PICTURETEXT="" OCCURS="0" LENGTH="100" PHYSICALOFFSET="" PHYSICALLENGTH="10" FIELDNUMBER="10" FIELDPROPERTY="" HIDDEN="NO"/>
            </SOURCE>
            <TARGET NAME="TGT_${DBDWHV}.${V_MS_CLIENTES_NO_MIXTOS}" OBJECTVERSION="1" DATABASETYPE="DB2" VERSIONNUMBER="1">
                <TARGETFIELD NAME="MIX.CIFNIF AS NIF_CLIENTE" DATATYPE="varchar" KEYTYPE="NOT A KEY" PRECISION="10" SCALE="0" FIELDNUMBER="1" NULLABLE="NULL"/>
                <TARGETFIELD NAME="MIX.NUM_CLIENTE" DATATYPE="varchar" KEYTYPE="NOT A KEY" PRECISION="10" SCALE="0" FIELDNUMBER="2" NULLABLE="NULL"/>
                <TARGETFIELD NAME="MIX.COD_ESTADO_GENERAL" DATATYPE="varchar" KEYTYPE="NOT A KEY" PRECISION="10" SCALE="0" FIELDNUMBER="3" NULLABLE="NULL"/>
                <TARGETFIELD NAME="MIX.TIPO_DOCUMENTO_NORM" DATATYPE="varchar" KEYTYPE="NOT A KEY" PRECISION="10" SCALE="0" FIELDNUMBER="4" NULLABLE="NULL"/>
                <TARGETFIELD NAME="MIX.CLASE_CLI_COD_CLASE_CLIENTE" DATATYPE="varchar" KEYTYPE="NOT A KEY" PRECISION="10" SCALE="0" FIELDNUMBER="5" NULLABLE="NULL"/>
                <TARGETFIELD NAME="MIX.DES_TIPO_CLIENTE" DATATYPE="varchar" KEYTYPE="NOT A KEY" PRECISION="10" SCALE="0" FIELDNUMBER="6" NULLABLE="NULL"/>
                <TARGETFIELD NAME="MIX.DES_SUBTIPO_CLIENTE" DATATYPE="varchar" KEYTYPE="NOT A KEY" PRECISION="10" SCALE="0" FIELDNUMBER="7" NULLABLE="NULL"/>
                <TARGETFIELD NAME="MIX.CIF_CABECERA" DATATYPE="varchar" KEYTYPE="NOT A KEY" PRECISION="10" SCALE="0" FIELDNUMBER="8" NULLABLE="NULL"/>
                <TARGETFIELD NAME="MIX.GRUPO_COMERCIAL" DATATYPE="varchar" KEYTYPE="NOT A KEY" PRECISION="10" SCALE="0" FIELDNUMBER="9" NULLABLE="NULL"/>
                <TARGETFIELD NAME="MIX.ANTIG_MESES" DATATYPE="varchar" KEYTYPE="NOT A KEY" PRECISION="10" SCALE="0" FIELDNUMBER="10" NULLABLE="NULL"/>
                <TARGETFIELD NAME="MIX.FEC_INSTALACION" DATATYPE="varchar" KEYTYPE="NOT A KEY" PRECISION="10" SCALE="0" FIELDNUMBER="11" NULLABLE="NULL"/>
            </TARGET>
            <MAPPING NAME="m_SelIns_${DBDWHV}.${V_MS_CLIENTES_NO_MIXTOS}" OBJECTVERSION="1" ISVALID="YES" VERSIONNUMBER="1">
                <TRANSFORMATION NAME="SQ_${DBDWHV}.${V_MS_CLIENTES_NO_MIXTOS}" TYPE="Source Qualifier" OBJECTVERSION="1" REUSABLE="NO" VERSIONNUMBER="1">
                    <TRANSFORMFIELD NAME="CIFNIF AS NIF_CLIENTE" DATATYPE="string" PORTTYPE="INPUT/OUTPUT" PRECISION="10" SCALE="0"/>
                    <TRANSFORMFIELD NAME="NUM_CLIENTE" DATATYPE="string" PORTTYPE="INPUT/OUTPUT" PRECISION="10" SCALE="0"/>
                    <TRANSFORMFIELD NAME="COD_ESTADO_GENERAL" DATATYPE="string" PORTTYPE="INPUT/OUTPUT" PRECISION="10" SCALE="0"/>
                    <TRANSFORMFIELD NAME="TIPO_DOCUMENTO_NORM" DATATYPE="string" PORTTYPE="INPUT/OUTPUT" PRECISION="10" SCALE="0"/>
                    <TRANSFORMFIELD NAME="CLASE_CLI_COD_CLASE_CLIENTE" DATATYPE="string" PORTTYPE="INPUT/OUTPUT" PRECISION="10" SCALE="0"/>
                    <TRANSFORMFIELD NAME="DES_TIPO_CLIENTE" DATATYPE="string" PORTTYPE="INPUT/OUTPUT" PRECISION="10" SCALE="0"/>
                    <TRANSFORMFIELD NAME="DES_SUBTIPO_CLIENTE" DATATYPE="string" PORTTYPE="INPUT/OUTPUT" PRECISION="10" SCALE="0"/>
                    <TRANSFORMFIELD NAME="CIF_CABECERA" DATATYPE="string" PORTTYPE="INPUT/OUTPUT" PRECISION="10" SCALE="0"/>
                    <TRANSFORMFIELD NAME="GRUPO_COMERCIAL" DATATYPE="string" PORTTYPE="INPUT/OUTPUT" PRECISION="10" SCALE="0"/>
                    <TRANSFORMFIELD NAME="ANTIG_MESES" DATATYPE="string" PORTTYPE="INPUT/OUTPUT" PRECISION="10" SCALE="0"/>
                    <TRANSFORMFIELD NAME="FEC_INSTALACION" DATATYPE="string" PORTTYPE="INPUT/OUTPUT" PRECISION="10" SCALE="0"/>
                    <TABLEATTRIBUTE NAME="Number Of Sorted Ports" VALUE="0"/>
                    <TABLEATTRIBUTE NAME="Tracing Level" VALUE="Normal"/>
                    <TABLEATTRIBUTE NAME="Is Partitionable" VALUE="NO"/>
                    <TABLEATTRIBUTE NAME="Output is deterministic" VALUE="NO"/>
                    <TABLEATTRIBUTE NAME="Output is repeatable" VALUE="Never"/>
                </TRANSFORMATION>
                <INSTANCE NAME="${DBDWHV}.${V_MS_CLIENTES_NO_MIXTOS}" TYPE="SOURCE" REUSABLE="" TRANSFORMATION_TYPE="Source Definition" TRANSFORMATION_NAME="${DBDWHV}.${V_MS_CLIENTES_NO_MIXTOS}" DBDNAME="DB2"/>
                <INSTANCE NAME="TGT_${DBDWHV}.${V_MS_CLIENTES_NO_MIXTOS}" TYPE="TARGET" REUSABLE="" TRANSFORMATION_TYPE="Target Definition" TRANSFORMATION_NAME="TGT_${DBDWHV}.${V_MS_CLIENTES_NO_MIXTOS}"/>
                <INSTANCE NAME="SQ_${DBDWHV}.${V_MS_CLIENTES_NO_MIXTOS}" TYPE="SOURCE" REUSABLE="NO" TRANSFORMATION_TYPE="Source Qualifier" TRANSFORMATION_NAME="SQ_${DBDWHV}.${V_MS_CLIENTES_NO_MIXTOS}" DBDNAME="DB2">
                    <ASSOCIATED_SOURCE_INSTANCE NAME="SRC_${DBDWHV}.${V_MS_CLIENTES_NO_MIXTOS}"/>
                </INSTANCE>
                <CONNECTOR FROMINSTANCE="${DBDWHV}.${V_MS_CLIENTES_NO_MIXTOS}" FROMINSTANCETYPE="Source Definition" FROMFIELD="MIX.CIFNIF AS NIF_CLIENTE" TOINSTANCE="SQ_${DBDWHV}.${V_MS_CLIENTES_NO_MIXTOS}" TOINSTANCETYPE="Source Qualifier" TOFIELD="MIX.CIFNIF AS NIF_CLIENTE"/>
                <CONNECTOR FROMINSTANCE="SQ_${DBDWHV}.${V_MS_CLIENTES_NO_MIXTOS}" FROMINSTANCETYPE="Source Qualifier" FROMFIELD="MIX.CIFNIF AS NIF_CLIENTE" TOINSTANCE="TGT_${DBDWHV}.${V_MS_CLIENTES_NO_MIXTOS}" TOINSTANCETYPE="Target Definition" TOFIELD="NOMIX.MIX.CIFNIF AS NIF_CLIENTE"/>
                <CONNECTOR FROMINSTANCE="${DBDWHV}.${V_MS_CLIENTES_NO_MIXTOS}" FROMINSTANCETYPE="Source Definition" FROMFIELD="MIX.NUM_CLIENTE" TOINSTANCE="SQ_${DBDWHV}.${V_MS_CLIENTES_NO_MIXTOS}" TOINSTANCETYPE="Source Qualifier" TOFIELD="MIX.NUM_CLIENTE"/>
                <CONNECTOR FROMINSTANCE="SQ_${DBDWHV}.${V_MS_CLIENTES_NO_MIXTOS}" FROMINSTANCETYPE="Source Qualifier" FROMFIELD="MIX.NUM_CLIENTE" TOINSTANCE="TGT_${DBDWHV}.${V_MS_CLIENTES_NO_MIXTOS}" TOINSTANCETYPE="Target Definition" TOFIELD="NOMIX.MIX.NUM_CLIENTE"/>
                <CONNECTOR FROMINSTANCE="${DBDWHV}.${V_MS_CLIENTES_NO_MIXTOS}" FROMINSTANCETYPE="Source Definition" FROMFIELD="MIX.COD_ESTADO_GENERAL" TOINSTANCE="SQ_${DBDWHV}.${V_MS_CLIENTES_NO_MIXTOS}" TOINSTANCETYPE="Source Qualifier" TOFIELD="MIX.COD_ESTADO_GENERAL"/>
                <CONNECTOR FROMINSTANCE="SQ_${DBDWHV}.${V_MS_CLIENTES_NO_MIXTOS}" FROMINSTANCETYPE="Source Qualifier" FROMFIELD="MIX.COD_ESTADO_GENERAL" TOINSTANCE="TGT_${DBDWHV}.${V_MS_CLIENTES_NO_MIXTOS}" TOINSTANCETYPE="Target Definition" TOFIELD="NOMIX.MIX.COD_ESTADO_GENERAL"/>
                <CONNECTOR FROMINSTANCE="${DBDWHV}.${V_MS_CLIENTES_NO_MIXTOS}" FROMINSTANCETYPE="Source Definition" FROMFIELD="MIX.TIPO_DOCUMENTO_NORM" TOINSTANCE="SQ_${DBDWHV}.${V_MS_CLIENTES_NO_MIXTOS}" TOINSTANCETYPE="Source Qualifier" TOFIELD="MIX.TIPO_DOCUMENTO_NORM"/>
                <CONNECTOR FROMINSTANCE="SQ_${DBDWHV}.${V_MS_CLIENTES_NO_MIXTOS}" FROMINSTANCETYPE="Source Qualifier" FROMFIELD="MIX.TIPO_DOCUMENTO_NORM" TOINSTANCE="TGT_${DBDWHV}.${V_MS_CLIENTES_NO_MIXTOS}" TOINSTANCETYPE="Target Definition" TOFIELD="NOMIX.MIX.TIPO_DOCUMENTO_NORM"/>
                <CONNECTOR FROMINSTANCE="${DBDWHV}.${V_MS_CLIENTES_NO_MIXTOS}" FROMINSTANCETYPE="Source Definition" FROMFIELD="MIX.CLASE_CLI_COD_CLASE_CLIENTE" TOINSTANCE="SQ_${DBDWHV}.${V_MS_CLIENTES_NO_MIXTOS}" TOINSTANCETYPE="Source Qualifier" TOFIELD="MIX.CLASE_CLI_COD_CLASE_CLIENTE"/>
                <CONNECTOR FROMINSTANCE="SQ_${DBDWHV}.${V_MS_CLIENTES_NO_MIXTOS}" FROMINSTANCETYPE="Source Qualifier" FROMFIELD="MIX.CLASE_CLI_COD_CLASE_CLIENTE" TOINSTANCE="TGT_${DBDWHV}.${V_MS_CLIENTES_NO_MIXTOS}" TOINSTANCETYPE="Target Definition" TOFIELD="NOMIX.MIX.CLASE_CLI_COD_CLASE_CLIENTE"/>
                <CONNECTOR FROMINSTANCE="${DBDWHV}.${V_MS_CLIENTES_NO_MIXTOS}" FROMINSTANCETYPE="Source Definition" FROMFIELD="MIX.DES_TIPO_CLIENTE" TOINSTANCE="SQ_${DBDWHV}.${V_MS_CLIENTES_NO_MIXTOS}" TOINSTANCETYPE="Source Qualifier" TOFIELD="MIX.DES_TIPO_CLIENTE"/>
                <CONNECTOR FROMINSTANCE="SQ_${DBDWHV}.${V_MS_CLIENTES_NO_MIXTOS}" FROMINSTANCETYPE="Source Qualifier" FROMFIELD="MIX.DES_TIPO_CLIENTE" TOINSTANCE="TGT_${DBDWHV}.${V_MS_CLIENTES_NO_MIXTOS}" TOINSTANCETYPE="Target Definition" TOFIELD="NOMIX.MIX.DES_TIPO_CLIENTE"/>
                <CONNECTOR FROMINSTANCE="${DBDWHV}.${V_MS_CLIENTES_NO_MIXTOS}" FROMINSTANCETYPE="Source Definition" FROMFIELD="MIX.DES_SUBTIPO_CLIENTE" TOINSTANCE="SQ_${DBDWHV}.${V_MS_CLIENTES_NO_MIXTOS}" TOINSTANCETYPE="Source Qualifier" TOFIELD="MIX.DES_SUBTIPO_CLIENTE"/>
                <CONNECTOR FROMINSTANCE="SQ_${DBDWHV}.${V_MS_CLIENTES_NO_MIXTOS}" FROMINSTANCETYPE="Source Qualifier" FROMFIELD="MIX.DES_SUBTIPO_CLIENTE" TOINSTANCE="TGT_${DBDWHV}.${V_MS_CLIENTES_NO_MIXTOS}" TOINSTANCETYPE="Target Definition" TOFIELD="NOMIX.MIX.DES_SUBTIPO_CLIENTE"/>
                <CONNECTOR FROMINSTANCE="${DBDWHV}.${V_MS_CLIENTES_NO_MIXTOS}" FROMINSTANCETYPE="Source Definition" FROMFIELD="MIX.CIF_CABECERA" TOINSTANCE="SQ_${DBDWHV}.${V_MS_CLIENTES_NO_MIXTOS}" TOINSTANCETYPE="Source Qualifier" TOFIELD="MIX.CIF_CABECERA"/>
                <CONNECTOR FROMINSTANCE="SQ_${DBDWHV}.${V_MS_CLIENTES_NO_MIXTOS}" FROMINSTANCETYPE="Source Qualifier" FROMFIELD="MIX.CIF_CABECERA" TOINSTANCE="TGT_${DBDWHV}.${V_MS_CLIENTES_NO_MIXTOS}" TOINSTANCETYPE="Target Definition" TOFIELD="NOMIX.MIX.CIF_CABECERA"/>
                <CONNECTOR FROMINSTANCE="${DBDWHV}.${V_MS_CLIENTES_NO_MIXTOS}" FROMINSTANCETYPE="Source Definition" FROMFIELD="MIX.GRUPO_COMERCIAL" TOINSTANCE="SQ_${DBDWHV}.${V_MS_CLIENTES_NO_MIXTOS}" TOINSTANCETYPE="Source Qualifier" TOFIELD="MIX.GRUPO_COMERCIAL"/>
                <CONNECTOR FROMINSTANCE="SQ_${DBDWHV}.${V_MS_CLIENTES_NO_MIXTOS}" FROMINSTANCETYPE="Source Qualifier" FROMFIELD="MIX.GRUPO_COMERCIAL" TOINSTANCE="TGT_${DBDWHV}.${V_MS_CLIENTES_NO_MIXTOS}" TOINSTANCETYPE="Target Definition" TOFIELD="NOMIX.MIX.GRUPO_COMERCIAL"/>
                <CONNECTOR FROMINSTANCE="${DBDWHV}.${V_MS_CLIENTES_NO_MIXTOS}" FROMINSTANCETYPE="Source Definition" FROMFIELD="MIX.ANTIG_MESES" TOINSTANCE="SQ_${DBDWHV}.${V_MS_CLIENTES_NO_MIXTOS}" TOINSTANCETYPE="Source Qualifier" TOFIELD="MIX.ANTIG_MESES"/>
                <CONNECTOR FROMINSTANCE="SQ_${DBDWHV}.${V_MS_CLIENTES_NO_MIXTOS}" FROMINSTANCETYPE="Source Qualifier" FROMFIELD="MIX.ANTIG_MESES" TOINSTANCE="TGT_${DBDWHV}.${V_MS_CLIENTES_NO_MIXTOS}" TOINSTANCETYPE="Target Definition" TOFIELD="NOMIX.MIX.ANTIG_MESES"/>
                <CONNECTOR FROMINSTANCE="${DBDWHV}.${V_MS_CLIENTES_NO_MIXTOS}" FROMINSTANCETYPE="Source Definition" FROMFIELD="MIX.FEC_INSTALACION" TOINSTANCE="SQ_${DBDWHV}.${V_MS_CLIENTES_NO_MIXTOS}" TOINSTANCETYPE="Source Qualifier" TOFIELD="MIX.FEC_INSTALACION"/>
                <CONNECTOR FROMINSTANCE="SQ_${DBDWHV}.${V_MS_CLIENTES_NO_MIXTOS}" FROMINSTANCETYPE="Source Qualifier" FROMFIELD="MIX.FEC_INSTALACION" TOINSTANCE="TGT_${DBDWHV}.${V_MS_CLIENTES_NO_MIXTOS}" TOINSTANCETYPE="Target Definition" TOFIELD="NOMIX.MIX.FEC_INSTALACION"/>
                <TARGETLOADORDER TARGETINSTANCE="TGT_${DBDWHV}.${V_MS_CLIENTES_NO_MIXTOS}" ORDER="1"/>
            </MAPPING>
        </FOLDER>
    </REPOSITORY>
</POWERMART>
