<?xml version="1.0" encoding="ISO-8859-1" standalone="yes"?>
<!DOCTYPE POWERMART SYSTEM "powrmart.dtd">
<POWERMART CREATION_DATE="" REPOSITORY_VERSION="">
    <REPOSITORY NAME="XDIPCRS" DATABASETYPE="DB2" CODEPAGE="Latin1" VERSION="184">
        <FOLDER NAME="XDW991593" DESCRIPTION="Everis : Antonio Jesus, Group for Global Corporate Teaser Tool(GCT), Developer, antonio.jesus.munoz.lapaz@zurich.com" SHARED="NOTSHARED" OWNER="w991593" GROUP="" PERMISSIONS="rwx---r--" UUID="55cd59eb-588d-4840-8dee-97c3257a4945">
            <CONFIG NAME="default_session_config" DESCRIPTION="Default session configuration object" ISDEFAULT="YES" VERSIONNUMBER="1">
                <ATTRIBUTE NAME="Advanced" VALUE=""/>
                <ATTRIBUTE NAME="Constraint based load ordering" VALUE="NO"/>
                <ATTRIBUTE NAME="Cache LOOKUP() function" VALUE="YES"/>
                <ATTRIBUTE NAME="Default buffer block size" VALUE="Auto"/>
                <ATTRIBUTE NAME="Line Sequential buffer length" VALUE="1024"/>
                <ATTRIBUTE NAME="Maximum Memory Allowed For Auto Memory Attributes" VALUE="512MB"/>
                <ATTRIBUTE NAME="Maximum Percentage of Total Memory Allowed For Auto Memory Attributes" VALUE="5"/>
                <ATTRIBUTE NAME="Additional Concurrent Pipelines for Lookup Cache Creation" VALUE="Auto"/>
                <ATTRIBUTE NAME="Custom Properties" VALUE=""/>
                <ATTRIBUTE NAME="Pre-build lookup cache" VALUE="Auto"/>
                <ATTRIBUTE NAME="Optimization Level" VALUE="Medium"/>
                <ATTRIBUTE NAME="DateTime Format String" VALUE="MM/DD/YYYY HH24:MI:SS.US"/>
                <ATTRIBUTE NAME="Pre 85 Timestamp Compatibility" VALUE="NO"/>
                <ATTRIBUTE NAME="Log Options" VALUE="0"/>
                <ATTRIBUTE NAME="Save session log by" VALUE="Session runs"/>
                <ATTRIBUTE NAME="Save session log for these runs" VALUE="0"/>
                <ATTRIBUTE NAME="Session Log File Max Size" VALUE="0"/>
                <ATTRIBUTE NAME="Session Log File Max Time Period" VALUE="0"/>
                <ATTRIBUTE NAME="Maximum Partial Session Log Files" VALUE="1"/>
                <ATTRIBUTE NAME="Writer Commit Statistics Log Frequency" VALUE="1"/>
                <ATTRIBUTE NAME="Writer Commit Statistics Log Interval" VALUE="0"/>
                <ATTRIBUTE NAME="Error handling" VALUE=""/>
                <ATTRIBUTE NAME="Stop on errors" VALUE="0"/>
                <ATTRIBUTE NAME="Override tracing" VALUE="None"/>
                <ATTRIBUTE NAME="On Stored Procedure error" VALUE="Stop"/>
                <ATTRIBUTE NAME="On Pre-session command task error" VALUE="Stop"/>
                <ATTRIBUTE NAME="On Pre-Post SQL error" VALUE="Stop"/>
                <ATTRIBUTE NAME="Enable Recovery" VALUE="NO"/>
                <ATTRIBUTE NAME="Error Log Type" VALUE="None"/>
                <ATTRIBUTE NAME="Error Log Table Name Prefix" VALUE=""/>
                <ATTRIBUTE NAME="Error Log File Name" VALUE="PMError.log"/>
                <ATTRIBUTE NAME="Log Source Row Data" VALUE="NO"/>
                <ATTRIBUTE NAME="Data Column Delimiter" VALUE="|"/>
                <ATTRIBUTE NAME="Partitioning Options" VALUE=""/>
                <ATTRIBUTE NAME="Dynamic Partitioning" VALUE="Disabled"/>
                <ATTRIBUTE NAME="Number of Partitions" VALUE="1"/>
                <ATTRIBUTE NAME="Multiplication Factor" VALUE="Auto"/>
                <ATTRIBUTE NAME="Session on Grid" VALUE=""/>
                <ATTRIBUTE NAME="Is Enabled" VALUE="NO"/>
            </CONFIG>
            <WORKFLOW NAME="wf_SelIns_TGT_TGT_${DBDWHV}.${V_MS_CLIENTES_NO_MIXTOS}TGT_TGT_${DBDWHV}.${V_HC_MS_HIST_SEGMENTO_MERCADO}" DESCRIPTION="Workflow generated from SQL" SERVERNAME="dipcis01" SERVER_DOMAINNAME="dinfadm01" SCHEDULERNAME="Scheduler" REUSABLE_SCHEDULER="NO" ISENABLED="YES" SUSPEND_ON_ERROR="NO" TASKS_MUST_RUN_ON_SERVER="NO" VERSIONNUMBER="1" ISSERVICE="YES" ISRUNNABLESERVICE="NO">
                <SCHEDULER NAME="Scheduler" REUSABLE="NO" VERSIONNUMBER="1"/>
                <TASK NAME="START" TYPE="Start" REUSABLE="NO" VERSIONNUMBER="1"/>
                <SESSION NAME="s_m_SelIns_corp.everis.pwc.raw.SOURCE@3003697" DESCRIPTION="Session of wf_SelIns_corp.everis.pwc.raw.SOURCE@3003697" REUSABLE="YES" ISVALID="m_SelIns_corp.everis.pwc.raw.SOURCE@3003697" MAPPINGNAME="Binary" SORTORDER="1" VERSIONNUMBER="NO">
                    <CONFIGREFERENCE REFOBJECTNAME="default_session_config" TYPE="Session config">
                        <ATTRIBUTE NAME="Stop on errors" VALUE="$PMSessionErrorThreshold"/>
                    </CONFIGREFERENCE>
                </SESSION>
                <TASKINSTANCE NAME="Start" DESCRIPTION="" TASKTYPE="Start" TASKNAME="Start" ISENABLED="YES" REUSABLE="NO" TREAT_INPUTLINK_AS_AND="" FAIL_PARENT_IF_INSTANCE_FAILS="" FAIL_PARENT_IF_INSTANCE_DID_NOT_RUN="" SERVER_OVERRIDE=""/>
                <TASKINSTANCE NAME="s_m_SelIns_corp.everis.pwc.raw.SOURCE@3003697" DESCRIPTION="" TASKTYPE="" TASKNAME="Session" ISENABLED="s_m_SelIns_corp.everis.pwc.raw.SOURCE@3003697" REUSABLE="YES" TREAT_INPUTLINK_AS_AND="NO" FAIL_PARENT_IF_INSTANCE_FAILS="YES" FAIL_PARENT_IF_INSTANCE_DID_NOT_RUN="YES" SERVER_OVERRIDE="NO"/>
                <WORKFLOWLINK FROMTASK="Start" TOTASK="s_m_SelIns_corp.everis.pwc.raw.SOURCE@3003697"/>
                <WORKFLOWVARIABLE NAME="$Start.StartTime" DESCRIPTION="The time this task started" USERDEFINED="NO" DATATYPE="date/time" DEFAULTVALUE="" ISPERSISTENT="NO" ISNULL="NO"/>
                <WORKFLOWVARIABLE NAME="$Start.EndTime" DESCRIPTION="The time this task completed" USERDEFINED="NO" DATATYPE="date/time" DEFAULTVALUE="" ISPERSISTENT="NO" ISNULL="NO"/>
                <WORKFLOWVARIABLE NAME="$Start.Status" DESCRIPTION="Status of this task&amp;apos;s execution" USERDEFINED="NO" DATATYPE="integer" DEFAULTVALUE="" ISPERSISTENT="NO" ISNULL="NO"/>
                <WORKFLOWVARIABLE NAME="$Start.PrevTaskStatus" DESCRIPTION="Status of the previous task that is not disabled" USERDEFINED="NO" DATATYPE="integer" DEFAULTVALUE="" ISPERSISTENT="NO" ISNULL="NO"/>
                <WORKFLOWVARIABLE NAME="$Start.ErrorCode" DESCRIPTION="Error code for this task&amp;apos;s execution" USERDEFINED="NO" DATATYPE="integer" DEFAULTVALUE="" ISPERSISTENT="NO" ISNULL="NO"/>
                <WORKFLOWVARIABLE NAME="$Start.ErrorMsg" DESCRIPTION="Error message for this task&amp;apos;s execution" USERDEFINED="NO" DATATYPE="string" DEFAULTVALUE="" ISPERSISTENT="NO" ISNULL="NO"/>
                <WORKFLOWVARIABLE NAME="$s_m_SelIns_corp.everis.pwc.raw.SOURCE@3003697.StartTime" DESCRIPTION="The time this task started" USERDEFINED="NO" DATATYPE="date/time" DEFAULTVALUE="" ISPERSISTENT="NO" ISNULL="NO"/>
                <WORKFLOWVARIABLE NAME="$s_m_SelIns_corp.everis.pwc.raw.SOURCE@3003697.EndTime" DESCRIPTION="The time this task completed" USERDEFINED="NO" DATATYPE="date/time" DEFAULTVALUE="" ISPERSISTENT="NO" ISNULL="NO"/>
                <WORKFLOWVARIABLE NAME="$s_m_SelIns_corp.everis.pwc.raw.SOURCE@3003697.Status" DESCRIPTION="Status of this task&amp;apos;s execution" USERDEFINED="NO" DATATYPE="integer" DEFAULTVALUE="" ISPERSISTENT="NO" ISNULL="NO"/>
                <WORKFLOWVARIABLE NAME="$s_m_SelIns_corp.everis.pwc.raw.SOURCE@3003697.prevTaskStatus" DESCRIPTION="Status of the previous task that is not disabled" USERDEFINED="NO" DATATYPE="integer" DEFAULTVALUE="" ISPERSISTENT="NO" ISNULL="NO"/>
                <WORKFLOWVARIABLE NAME="$s_m_SelIns_corp.everis.pwc.raw.SOURCE@3003697.ErrorCode" DESCRIPTION="Error code for this task&amp;apos;s execution" USERDEFINED="NO" DATATYPE="integer" DEFAULTVALUE="" ISPERSISTENT="NO" ISNULL="NO"/>
                <WORKFLOWVARIABLE NAME="$s_m_SelIns_corp.everis.pwc.raw.SOURCE@3003697.ErrorMsg" DESCRIPTION="Error message for this task&amp;apos;s execution" USERDEFINED="NO" DATATYPE="string" DEFAULTVALUE="" ISPERSISTENT="NO" ISNULL="NO"/>
                <WORKFLOWVARIABLE NAME="$s_m_SelIns_corp.everis.pwc.raw.SOURCE@3003697.SrcSuccessRows" DESCRIPTION="Rows successfully read" USERDEFINED="NO" DATATYPE="integer" DEFAULTVALUE="" ISPERSISTENT="NO" ISNULL="NO"/>
                <WORKFLOWVARIABLE NAME="$s_m_SelIns_corp.everis.pwc.raw.SOURCE@3003697.SrcFailedRows" DESCRIPTION="Rows failed to read" USERDEFINED="NO" DATATYPE="integer" DEFAULTVALUE="" ISPERSISTENT="NO" ISNULL="NO"/>
                <WORKFLOWVARIABLE NAME="$s_m_SelIns_corp.everis.pwc.raw.SOURCE@3003697.TgtSuccessRows" DESCRIPTION="Rows successfully loaded" USERDEFINED="NO" DATATYPE="integer" DEFAULTVALUE="" ISPERSISTENT="NO" ISNULL="NO"/>
                <WORKFLOWVARIABLE NAME="$s_m_SelIns_corp.everis.pwc.raw.SOURCE@3003697.TgtFailedRows" DESCRIPTION="Rows failed to load" USERDEFINED="NO" DATATYPE="integer" DEFAULTVALUE="" ISPERSISTENT="NO" ISNULL="NO"/>
                <WORKFLOWVARIABLE NAME="$s_m_SelIns_corp.everis.pwc.raw.SOURCE@3003697.TotalTransErrors" DESCRIPTION="Total number of transformation errors" USERDEFINED="NO" DATATYPE="integer" DEFAULTVALUE="" ISPERSISTENT="NO" ISNULL="NO"/>
                <WORKFLOWVARIABLE NAME="$s_m_SelIns_corp.everis.pwc.raw.SOURCE@3003697.FirstErrorCode" DESCRIPTION="First error code" USERDEFINED="NO" DATATYPE="integer" DEFAULTVALUE="" ISPERSISTENT="NO" ISNULL="NO"/>
                <WORKFLOWVARIABLE NAME="$s_m_SelIns_corp.everis.pwc.raw.SOURCE@3003697.FirstErrorMsg" DESCRIPTION="First error message" USERDEFINED="NO" DATATYPE="string" DEFAULTVALUE="" ISPERSISTENT="NO" ISNULL="NO"/>
            </WORKFLOW>
            <SOURCE NAME="SRC_TGT_TGT_${DBDWHV}.${V_MS_CLIENTES_NO_MIXTOS}TGT_TGT_${DBDWHV}.${V_HC_MS_HIST_SEGMENTO_MERCADO}" DBDNAME="DB2" BUSINESSNAME="" DESCRIPTION="" OBJECTVERSION="1" OWNERNAME="" DATABASETYPE="DB2" VERSIONNUMBER="1">
                <SOURCEFIELD NAME="MIX.dMIX.CIFNIF AS NIF_CLIENTE" BUSINESSNAME="" DESCRIPTION="" DATATYPE="varchar" KEYTYPE="NOT A KEY" PRECISION="10" SCALE="0" NULLABLE="NULL" USAGE_FLAGS="" LEVEL="0" FIELDTYPE="ELEMITEM" PICTURETEXT="" OCCURS="0" LENGTH="0" PHYSICALOFFSET="" PHYSICALLENGTH="10" FIELDNUMBER="0" FIELDPROPERTY="" HIDDEN="NO"/>
                <SOURCEFIELD NAME="MIX.dMIX.NUM_CLIENTE" BUSINESSNAME="" DESCRIPTION="" DATATYPE="varchar" KEYTYPE="NOT A KEY" PRECISION="10" SCALE="0" NULLABLE="NULL" USAGE_FLAGS="" LEVEL="0" FIELDTYPE="ELEMITEM" PICTURETEXT="" OCCURS="0" LENGTH="10" PHYSICALOFFSET="" PHYSICALLENGTH="10" FIELDNUMBER="1" FIELDPROPERTY="" HIDDEN="NO"/>
                <SOURCEFIELD NAME="MIX.dMIX.COD_ESTADO_GENERAL" BUSINESSNAME="" DESCRIPTION="" DATATYPE="varchar" KEYTYPE="NOT A KEY" PRECISION="10" SCALE="0" NULLABLE="NULL" USAGE_FLAGS="" LEVEL="0" FIELDTYPE="ELEMITEM" PICTURETEXT="" OCCURS="0" LENGTH="20" PHYSICALOFFSET="" PHYSICALLENGTH="10" FIELDNUMBER="2" FIELDPROPERTY="" HIDDEN="NO"/>
                <SOURCEFIELD NAME="MIX.dMIX.TIPO_DOCUMENTO_NORM" BUSINESSNAME="" DESCRIPTION="" DATATYPE="varchar" KEYTYPE="NOT A KEY" PRECISION="10" SCALE="0" NULLABLE="NULL" USAGE_FLAGS="" LEVEL="0" FIELDTYPE="ELEMITEM" PICTURETEXT="" OCCURS="0" LENGTH="30" PHYSICALOFFSET="" PHYSICALLENGTH="10" FIELDNUMBER="3" FIELDPROPERTY="" HIDDEN="NO"/>
                <SOURCEFIELD NAME="MIX.dMIX.CLASE_CLI_COD_CLASE_CLIENTE" BUSINESSNAME="" DESCRIPTION="" DATATYPE="varchar" KEYTYPE="NOT A KEY" PRECISION="10" SCALE="0" NULLABLE="NULL" USAGE_FLAGS="" LEVEL="0" FIELDTYPE="ELEMITEM" PICTURETEXT="" OCCURS="0" LENGTH="40" PHYSICALOFFSET="" PHYSICALLENGTH="10" FIELDNUMBER="4" FIELDPROPERTY="" HIDDEN="NO"/>
                <SOURCEFIELD NAME="MIX.dMIX.DES_TIPO_CLIENTE" BUSINESSNAME="" DESCRIPTION="" DATATYPE="varchar" KEYTYPE="NOT A KEY" PRECISION="10" SCALE="0" NULLABLE="NULL" USAGE_FLAGS="" LEVEL="0" FIELDTYPE="ELEMITEM" PICTURETEXT="" OCCURS="0" LENGTH="50" PHYSICALOFFSET="" PHYSICALLENGTH="10" FIELDNUMBER="5" FIELDPROPERTY="" HIDDEN="NO"/>
                <SOURCEFIELD NAME="MIX.dMIX.DES_SUBTIPO_CLIENTE" BUSINESSNAME="" DESCRIPTION="" DATATYPE="varchar" KEYTYPE="NOT A KEY" PRECISION="10" SCALE="0" NULLABLE="NULL" USAGE_FLAGS="" LEVEL="0" FIELDTYPE="ELEMITEM" PICTURETEXT="" OCCURS="0" LENGTH="60" PHYSICALOFFSET="" PHYSICALLENGTH="10" FIELDNUMBER="6" FIELDPROPERTY="" HIDDEN="NO"/>
                <SOURCEFIELD NAME="MIX.dMIX.CIF_CABECERA" BUSINESSNAME="" DESCRIPTION="" DATATYPE="varchar" KEYTYPE="NOT A KEY" PRECISION="10" SCALE="0" NULLABLE="NULL" USAGE_FLAGS="" LEVEL="0" FIELDTYPE="ELEMITEM" PICTURETEXT="" OCCURS="0" LENGTH="70" PHYSICALOFFSET="" PHYSICALLENGTH="10" FIELDNUMBER="7" FIELDPROPERTY="" HIDDEN="NO"/>
                <SOURCEFIELD NAME="MIX.dMIX.GRUPO_COMERCIAL" BUSINESSNAME="" DESCRIPTION="" DATATYPE="varchar" KEYTYPE="NOT A KEY" PRECISION="10" SCALE="0" NULLABLE="NULL" USAGE_FLAGS="" LEVEL="0" FIELDTYPE="ELEMITEM" PICTURETEXT="" OCCURS="0" LENGTH="80" PHYSICALOFFSET="" PHYSICALLENGTH="10" FIELDNUMBER="8" FIELDPROPERTY="" HIDDEN="NO"/>
                <SOURCEFIELD NAME="MIX.dMIX.ANTIG_MESES" BUSINESSNAME="" DESCRIPTION="" DATATYPE="varchar" KEYTYPE="NOT A KEY" PRECISION="10" SCALE="0" NULLABLE="NULL" USAGE_FLAGS="" LEVEL="0" FIELDTYPE="ELEMITEM" PICTURETEXT="" OCCURS="0" LENGTH="90" PHYSICALOFFSET="" PHYSICALLENGTH="10" FIELDNUMBER="9" FIELDPROPERTY="" HIDDEN="NO"/>
                <SOURCEFIELD NAME="MIX.dMIX.FEC_INSTALACION" BUSINESSNAME="" DESCRIPTION="" DATATYPE="varchar" KEYTYPE="NOT A KEY" PRECISION="10" SCALE="0" NULLABLE="NULL" USAGE_FLAGS="" LEVEL="0" FIELDTYPE="ELEMITEM" PICTURETEXT="" OCCURS="0" LENGTH="100" PHYSICALOFFSET="" PHYSICALLENGTH="10" FIELDNUMBER="10" FIELDPROPERTY="" HIDDEN="NO"/>
                <SOURCEFIELD NAME="MIX.dCIFNIF" BUSINESSNAME="" DESCRIPTION="" DATATYPE="varchar" KEYTYPE="NOT A KEY" PRECISION="10" SCALE="0" NULLABLE="NULL" USAGE_FLAGS="" LEVEL="0" FIELDTYPE="ELEMITEM" PICTURETEXT="" OCCURS="0" LENGTH="110" PHYSICALOFFSET="" PHYSICALLENGTH="10" FIELDNUMBER="11" FIELDPROPERTY="" HIDDEN="NO"/>
            </SOURCE>
            <TARGET NAME="TGT_TGT_TGT_${DBDWHV}.${V_MS_CLIENTES_NO_MIXTOS}TGT_TGT_${DBDWHV}.${V_HC_MS_HIST_SEGMENTO_MERCADO}" OBJECTVERSION="1" DATABASETYPE="DB2" VERSIONNUMBER="1">
                <TARGETFIELD NAME="MIX.dMIX.CIFNIF AS NIF_CLIENTE" DATATYPE="varchar" KEYTYPE="NOT A KEY" PRECISION="10" SCALE="0" FIELDNUMBER="1" NULLABLE="NULL"/>
                <TARGETFIELD NAME="MIX.dMIX.NUM_CLIENTE" DATATYPE="varchar" KEYTYPE="NOT A KEY" PRECISION="10" SCALE="0" FIELDNUMBER="2" NULLABLE="NULL"/>
                <TARGETFIELD NAME="MIX.dMIX.COD_ESTADO_GENERAL" DATATYPE="varchar" KEYTYPE="NOT A KEY" PRECISION="10" SCALE="0" FIELDNUMBER="3" NULLABLE="NULL"/>
                <TARGETFIELD NAME="MIX.dMIX.TIPO_DOCUMENTO_NORM" DATATYPE="varchar" KEYTYPE="NOT A KEY" PRECISION="10" SCALE="0" FIELDNUMBER="4" NULLABLE="NULL"/>
                <TARGETFIELD NAME="MIX.dMIX.CLASE_CLI_COD_CLASE_CLIENTE" DATATYPE="varchar" KEYTYPE="NOT A KEY" PRECISION="10" SCALE="0" FIELDNUMBER="5" NULLABLE="NULL"/>
                <TARGETFIELD NAME="MIX.dMIX.DES_TIPO_CLIENTE" DATATYPE="varchar" KEYTYPE="NOT A KEY" PRECISION="10" SCALE="0" FIELDNUMBER="6" NULLABLE="NULL"/>
                <TARGETFIELD NAME="MIX.dMIX.DES_SUBTIPO_CLIENTE" DATATYPE="varchar" KEYTYPE="NOT A KEY" PRECISION="10" SCALE="0" FIELDNUMBER="7" NULLABLE="NULL"/>
                <TARGETFIELD NAME="MIX.dMIX.CIF_CABECERA" DATATYPE="varchar" KEYTYPE="NOT A KEY" PRECISION="10" SCALE="0" FIELDNUMBER="8" NULLABLE="NULL"/>
                <TARGETFIELD NAME="MIX.dMIX.GRUPO_COMERCIAL" DATATYPE="varchar" KEYTYPE="NOT A KEY" PRECISION="10" SCALE="0" FIELDNUMBER="9" NULLABLE="NULL"/>
                <TARGETFIELD NAME="MIX.dMIX.ANTIG_MESES" DATATYPE="varchar" KEYTYPE="NOT A KEY" PRECISION="10" SCALE="0" FIELDNUMBER="10" NULLABLE="NULL"/>
                <TARGETFIELD NAME="MIX.dMIX.FEC_INSTALACION" DATATYPE="varchar" KEYTYPE="NOT A KEY" PRECISION="10" SCALE="0" FIELDNUMBER="11" NULLABLE="NULL"/>
                <TARGETFIELD NAME="MIX.dCIFNIF" DATATYPE="varchar" KEYTYPE="NOT A KEY" PRECISION="10" SCALE="0" FIELDNUMBER="12" NULLABLE="NULL"/>
            </TARGET>
            <MAPPING NAME="m_SelIns_TGT_TGT_${DBDWHV}.${V_MS_CLIENTES_NO_MIXTOS}TGT_TGT_${DBDWHV}.${V_HC_MS_HIST_SEGMENTO_MERCADO}" OBJECTVERSION="1" ISVALID="YES" VERSIONNUMBER="1">
                <TRANSFORMATION NAME="SQ_TGT_TGT_${DBDWHV}.${V_MS_CLIENTES_NO_MIXTOS}TGT_TGT_${DBDWHV}.${V_HC_MS_HIST_SEGMENTO_MERCADO}" TYPE="Source Qualifier" OBJECTVERSION="1" REUSABLE="NO" VERSIONNUMBER="1">
                    <TRANSFORMFIELD NAME="dMIX.CIFNIF AS NIF_CLIENTE" DATATYPE="string" PORTTYPE="INPUT/OUTPUT" PRECISION="10" SCALE="0"/>
                    <TRANSFORMFIELD NAME="dMIX.NUM_CLIENTE" DATATYPE="string" PORTTYPE="INPUT/OUTPUT" PRECISION="10" SCALE="0"/>
                    <TRANSFORMFIELD NAME="dMIX.COD_ESTADO_GENERAL" DATATYPE="string" PORTTYPE="INPUT/OUTPUT" PRECISION="10" SCALE="0"/>
                    <TRANSFORMFIELD NAME="dMIX.TIPO_DOCUMENTO_NORM" DATATYPE="string" PORTTYPE="INPUT/OUTPUT" PRECISION="10" SCALE="0"/>
                    <TRANSFORMFIELD NAME="dMIX.CLASE_CLI_COD_CLASE_CLIENTE" DATATYPE="string" PORTTYPE="INPUT/OUTPUT" PRECISION="10" SCALE="0"/>
                    <TRANSFORMFIELD NAME="dMIX.DES_TIPO_CLIENTE" DATATYPE="string" PORTTYPE="INPUT/OUTPUT" PRECISION="10" SCALE="0"/>
                    <TRANSFORMFIELD NAME="dMIX.DES_SUBTIPO_CLIENTE" DATATYPE="string" PORTTYPE="INPUT/OUTPUT" PRECISION="10" SCALE="0"/>
                    <TRANSFORMFIELD NAME="dMIX.CIF_CABECERA" DATATYPE="string" PORTTYPE="INPUT/OUTPUT" PRECISION="10" SCALE="0"/>
                    <TRANSFORMFIELD NAME="dMIX.GRUPO_COMERCIAL" DATATYPE="string" PORTTYPE="INPUT/OUTPUT" PRECISION="10" SCALE="0"/>
                    <TRANSFORMFIELD NAME="dMIX.ANTIG_MESES" DATATYPE="string" PORTTYPE="INPUT/OUTPUT" PRECISION="10" SCALE="0"/>
                    <TRANSFORMFIELD NAME="dMIX.FEC_INSTALACION" DATATYPE="string" PORTTYPE="INPUT/OUTPUT" PRECISION="10" SCALE="0"/>
                    <TRANSFORMFIELD NAME="dCIFNIF" DATATYPE="string" PORTTYPE="INPUT/OUTPUT" PRECISION="10" SCALE="0"/>
                    <TABLEATTRIBUTE NAME="Number Of Sorted Ports" VALUE="0"/>
                    <TABLEATTRIBUTE NAME="Tracing Level" VALUE="Normal"/>
                    <TABLEATTRIBUTE NAME="Is Partitionable" VALUE="NO"/>
                    <TABLEATTRIBUTE NAME="Output is deterministic" VALUE="NO"/>
                    <TABLEATTRIBUTE NAME="Output is repeatable" VALUE="Never"/>
                </TRANSFORMATION>
                <INSTANCE NAME="TGT_TGT_${DBDWHV}.${V_MS_CLIENTES_NO_MIXTOS}TGT_TGT_${DBDWHV}.${V_HC_MS_HIST_SEGMENTO_MERCADO}" TYPE="SOURCE" REUSABLE="" TRANSFORMATION_TYPE="Source Definition" TRANSFORMATION_NAME="TGT_TGT_${DBDWHV}.${V_MS_CLIENTES_NO_MIXTOS}TGT_TGT_${DBDWHV}.${V_HC_MS_HIST_SEGMENTO_MERCADO}" DBDNAME="DB2"/>
                <INSTANCE NAME="TGT_TGT_TGT_${DBDWHV}.${V_MS_CLIENTES_NO_MIXTOS}TGT_TGT_${DBDWHV}.${V_HC_MS_HIST_SEGMENTO_MERCADO}" TYPE="TARGET" REUSABLE="" TRANSFORMATION_TYPE="Target Definition" TRANSFORMATION_NAME="TGT_TGT_TGT_${DBDWHV}.${V_MS_CLIENTES_NO_MIXTOS}TGT_TGT_${DBDWHV}.${V_HC_MS_HIST_SEGMENTO_MERCADO}"/>
                <INSTANCE NAME="SQ_TGT_TGT_${DBDWHV}.${V_MS_CLIENTES_NO_MIXTOS}TGT_TGT_${DBDWHV}.${V_HC_MS_HIST_SEGMENTO_MERCADO}" TYPE="SOURCE" REUSABLE="NO" TRANSFORMATION_TYPE="Source Qualifier" TRANSFORMATION_NAME="SQ_TGT_TGT_${DBDWHV}.${V_MS_CLIENTES_NO_MIXTOS}TGT_TGT_${DBDWHV}.${V_HC_MS_HIST_SEGMENTO_MERCADO}" DBDNAME="DB2">
                    <ASSOCIATED_SOURCE_INSTANCE NAME="SRC_TGT_TGT_${DBDWHV}.${V_MS_CLIENTES_NO_MIXTOS}TGT_TGT_${DBDWHV}.${V_HC_MS_HIST_SEGMENTO_MERCADO}"/>
                </INSTANCE>
                <CONNECTOR FROMINSTANCE="TGT_TGT_${DBDWHV}.${V_MS_CLIENTES_NO_MIXTOS}TGT_TGT_${DBDWHV}.${V_HC_MS_HIST_SEGMENTO_MERCADO}" FROMINSTANCETYPE="Source Definition" FROMFIELD="MIX.dMIX.CIFNIF AS NIF_CLIENTE" TOINSTANCE="SQ_TGT_TGT_${DBDWHV}.${V_MS_CLIENTES_NO_MIXTOS}TGT_TGT_${DBDWHV}.${V_HC_MS_HIST_SEGMENTO_MERCADO}" TOINSTANCETYPE="Source Qualifier" TOFIELD="MIX.dMIX.CIFNIF AS NIF_CLIENTE"/>
                <CONNECTOR FROMINSTANCE="SQ_TGT_TGT_${DBDWHV}.${V_MS_CLIENTES_NO_MIXTOS}TGT_TGT_${DBDWHV}.${V_HC_MS_HIST_SEGMENTO_MERCADO}" FROMINSTANCETYPE="Source Qualifier" FROMFIELD="MIX.dMIX.CIFNIF AS NIF_CLIENTE" TOINSTANCE="TGT_TGT_TGT_${DBDWHV}.${V_MS_CLIENTES_NO_MIXTOS}TGT_TGT_${DBDWHV}.${V_HC_MS_HIST_SEGMENTO_MERCADO}" TOINSTANCETYPE="Target Definition" TOFIELD="NOMIX.MIX.dMIX.CIFNIF AS NIF_CLIENTE"/>
                <CONNECTOR FROMINSTANCE="TGT_TGT_${DBDWHV}.${V_MS_CLIENTES_NO_MIXTOS}TGT_TGT_${DBDWHV}.${V_HC_MS_HIST_SEGMENTO_MERCADO}" FROMINSTANCETYPE="Source Definition" FROMFIELD="MIX.dMIX.NUM_CLIENTE" TOINSTANCE="SQ_TGT_TGT_${DBDWHV}.${V_MS_CLIENTES_NO_MIXTOS}TGT_TGT_${DBDWHV}.${V_HC_MS_HIST_SEGMENTO_MERCADO}" TOINSTANCETYPE="Source Qualifier" TOFIELD="MIX.dMIX.NUM_CLIENTE"/>
                <CONNECTOR FROMINSTANCE="SQ_TGT_TGT_${DBDWHV}.${V_MS_CLIENTES_NO_MIXTOS}TGT_TGT_${DBDWHV}.${V_HC_MS_HIST_SEGMENTO_MERCADO}" FROMINSTANCETYPE="Source Qualifier" FROMFIELD="MIX.dMIX.NUM_CLIENTE" TOINSTANCE="TGT_TGT_TGT_${DBDWHV}.${V_MS_CLIENTES_NO_MIXTOS}TGT_TGT_${DBDWHV}.${V_HC_MS_HIST_SEGMENTO_MERCADO}" TOINSTANCETYPE="Target Definition" TOFIELD="NOMIX.MIX.dMIX.NUM_CLIENTE"/>
                <CONNECTOR FROMINSTANCE="TGT_TGT_${DBDWHV}.${V_MS_CLIENTES_NO_MIXTOS}TGT_TGT_${DBDWHV}.${V_HC_MS_HIST_SEGMENTO_MERCADO}" FROMINSTANCETYPE="Source Definition" FROMFIELD="MIX.dMIX.COD_ESTADO_GENERAL" TOINSTANCE="SQ_TGT_TGT_${DBDWHV}.${V_MS_CLIENTES_NO_MIXTOS}TGT_TGT_${DBDWHV}.${V_HC_MS_HIST_SEGMENTO_MERCADO}" TOINSTANCETYPE="Source Qualifier" TOFIELD="MIX.dMIX.COD_ESTADO_GENERAL"/>
                <CONNECTOR FROMINSTANCE="SQ_TGT_TGT_${DBDWHV}.${V_MS_CLIENTES_NO_MIXTOS}TGT_TGT_${DBDWHV}.${V_HC_MS_HIST_SEGMENTO_MERCADO}" FROMINSTANCETYPE="Source Qualifier" FROMFIELD="MIX.dMIX.COD_ESTADO_GENERAL" TOINSTANCE="TGT_TGT_TGT_${DBDWHV}.${V_MS_CLIENTES_NO_MIXTOS}TGT_TGT_${DBDWHV}.${V_HC_MS_HIST_SEGMENTO_MERCADO}" TOINSTANCETYPE="Target Definition" TOFIELD="NOMIX.MIX.dMIX.COD_ESTADO_GENERAL"/>
                <CONNECTOR FROMINSTANCE="TGT_TGT_${DBDWHV}.${V_MS_CLIENTES_NO_MIXTOS}TGT_TGT_${DBDWHV}.${V_HC_MS_HIST_SEGMENTO_MERCADO}" FROMINSTANCETYPE="Source Definition" FROMFIELD="MIX.dMIX.TIPO_DOCUMENTO_NORM" TOINSTANCE="SQ_TGT_TGT_${DBDWHV}.${V_MS_CLIENTES_NO_MIXTOS}TGT_TGT_${DBDWHV}.${V_HC_MS_HIST_SEGMENTO_MERCADO}" TOINSTANCETYPE="Source Qualifier" TOFIELD="MIX.dMIX.TIPO_DOCUMENTO_NORM"/>
                <CONNECTOR FROMINSTANCE="SQ_TGT_TGT_${DBDWHV}.${V_MS_CLIENTES_NO_MIXTOS}TGT_TGT_${DBDWHV}.${V_HC_MS_HIST_SEGMENTO_MERCADO}" FROMINSTANCETYPE="Source Qualifier" FROMFIELD="MIX.dMIX.TIPO_DOCUMENTO_NORM" TOINSTANCE="TGT_TGT_TGT_${DBDWHV}.${V_MS_CLIENTES_NO_MIXTOS}TGT_TGT_${DBDWHV}.${V_HC_MS_HIST_SEGMENTO_MERCADO}" TOINSTANCETYPE="Target Definition" TOFIELD="NOMIX.MIX.dMIX.TIPO_DOCUMENTO_NORM"/>
                <CONNECTOR FROMINSTANCE="TGT_TGT_${DBDWHV}.${V_MS_CLIENTES_NO_MIXTOS}TGT_TGT_${DBDWHV}.${V_HC_MS_HIST_SEGMENTO_MERCADO}" FROMINSTANCETYPE="Source Definition" FROMFIELD="MIX.dMIX.CLASE_CLI_COD_CLASE_CLIENTE" TOINSTANCE="SQ_TGT_TGT_${DBDWHV}.${V_MS_CLIENTES_NO_MIXTOS}TGT_TGT_${DBDWHV}.${V_HC_MS_HIST_SEGMENTO_MERCADO}" TOINSTANCETYPE="Source Qualifier" TOFIELD="MIX.dMIX.CLASE_CLI_COD_CLASE_CLIENTE"/>
                <CONNECTOR FROMINSTANCE="SQ_TGT_TGT_${DBDWHV}.${V_MS_CLIENTES_NO_MIXTOS}TGT_TGT_${DBDWHV}.${V_HC_MS_HIST_SEGMENTO_MERCADO}" FROMINSTANCETYPE="Source Qualifier" FROMFIELD="MIX.dMIX.CLASE_CLI_COD_CLASE_CLIENTE" TOINSTANCE="TGT_TGT_TGT_${DBDWHV}.${V_MS_CLIENTES_NO_MIXTOS}TGT_TGT_${DBDWHV}.${V_HC_MS_HIST_SEGMENTO_MERCADO}" TOINSTANCETYPE="Target Definition" TOFIELD="NOMIX.MIX.dMIX.CLASE_CLI_COD_CLASE_CLIENTE"/>
                <CONNECTOR FROMINSTANCE="TGT_TGT_${DBDWHV}.${V_MS_CLIENTES_NO_MIXTOS}TGT_TGT_${DBDWHV}.${V_HC_MS_HIST_SEGMENTO_MERCADO}" FROMINSTANCETYPE="Source Definition" FROMFIELD="MIX.dMIX.DES_TIPO_CLIENTE" TOINSTANCE="SQ_TGT_TGT_${DBDWHV}.${V_MS_CLIENTES_NO_MIXTOS}TGT_TGT_${DBDWHV}.${V_HC_MS_HIST_SEGMENTO_MERCADO}" TOINSTANCETYPE="Source Qualifier" TOFIELD="MIX.dMIX.DES_TIPO_CLIENTE"/>
                <CONNECTOR FROMINSTANCE="SQ_TGT_TGT_${DBDWHV}.${V_MS_CLIENTES_NO_MIXTOS}TGT_TGT_${DBDWHV}.${V_HC_MS_HIST_SEGMENTO_MERCADO}" FROMINSTANCETYPE="Source Qualifier" FROMFIELD="MIX.dMIX.DES_TIPO_CLIENTE" TOINSTANCE="TGT_TGT_TGT_${DBDWHV}.${V_MS_CLIENTES_NO_MIXTOS}TGT_TGT_${DBDWHV}.${V_HC_MS_HIST_SEGMENTO_MERCADO}" TOINSTANCETYPE="Target Definition" TOFIELD="NOMIX.MIX.dMIX.DES_TIPO_CLIENTE"/>
                <CONNECTOR FROMINSTANCE="TGT_TGT_${DBDWHV}.${V_MS_CLIENTES_NO_MIXTOS}TGT_TGT_${DBDWHV}.${V_HC_MS_HIST_SEGMENTO_MERCADO}" FROMINSTANCETYPE="Source Definition" FROMFIELD="MIX.dMIX.DES_SUBTIPO_CLIENTE" TOINSTANCE="SQ_TGT_TGT_${DBDWHV}.${V_MS_CLIENTES_NO_MIXTOS}TGT_TGT_${DBDWHV}.${V_HC_MS_HIST_SEGMENTO_MERCADO}" TOINSTANCETYPE="Source Qualifier" TOFIELD="MIX.dMIX.DES_SUBTIPO_CLIENTE"/>
                <CONNECTOR FROMINSTANCE="SQ_TGT_TGT_${DBDWHV}.${V_MS_CLIENTES_NO_MIXTOS}TGT_TGT_${DBDWHV}.${V_HC_MS_HIST_SEGMENTO_MERCADO}" FROMINSTANCETYPE="Source Qualifier" FROMFIELD="MIX.dMIX.DES_SUBTIPO_CLIENTE" TOINSTANCE="TGT_TGT_TGT_${DBDWHV}.${V_MS_CLIENTES_NO_MIXTOS}TGT_TGT_${DBDWHV}.${V_HC_MS_HIST_SEGMENTO_MERCADO}" TOINSTANCETYPE="Target Definition" TOFIELD="NOMIX.MIX.dMIX.DES_SUBTIPO_CLIENTE"/>
                <CONNECTOR FROMINSTANCE="TGT_TGT_${DBDWHV}.${V_MS_CLIENTES_NO_MIXTOS}TGT_TGT_${DBDWHV}.${V_HC_MS_HIST_SEGMENTO_MERCADO}" FROMINSTANCETYPE="Source Definition" FROMFIELD="MIX.dMIX.CIF_CABECERA" TOINSTANCE="SQ_TGT_TGT_${DBDWHV}.${V_MS_CLIENTES_NO_MIXTOS}TGT_TGT_${DBDWHV}.${V_HC_MS_HIST_SEGMENTO_MERCADO}" TOINSTANCETYPE="Source Qualifier" TOFIELD="MIX.dMIX.CIF_CABECERA"/>
                <CONNECTOR FROMINSTANCE="SQ_TGT_TGT_${DBDWHV}.${V_MS_CLIENTES_NO_MIXTOS}TGT_TGT_${DBDWHV}.${V_HC_MS_HIST_SEGMENTO_MERCADO}" FROMINSTANCETYPE="Source Qualifier" FROMFIELD="MIX.dMIX.CIF_CABECERA" TOINSTANCE="TGT_TGT_TGT_${DBDWHV}.${V_MS_CLIENTES_NO_MIXTOS}TGT_TGT_${DBDWHV}.${V_HC_MS_HIST_SEGMENTO_MERCADO}" TOINSTANCETYPE="Target Definition" TOFIELD="NOMIX.MIX.dMIX.CIF_CABECERA"/>
                <CONNECTOR FROMINSTANCE="TGT_TGT_${DBDWHV}.${V_MS_CLIENTES_NO_MIXTOS}TGT_TGT_${DBDWHV}.${V_HC_MS_HIST_SEGMENTO_MERCADO}" FROMINSTANCETYPE="Source Definition" FROMFIELD="MIX.dMIX.GRUPO_COMERCIAL" TOINSTANCE="SQ_TGT_TGT_${DBDWHV}.${V_MS_CLIENTES_NO_MIXTOS}TGT_TGT_${DBDWHV}.${V_HC_MS_HIST_SEGMENTO_MERCADO}" TOINSTANCETYPE="Source Qualifier" TOFIELD="MIX.dMIX.GRUPO_COMERCIAL"/>
                <CONNECTOR FROMINSTANCE="SQ_TGT_TGT_${DBDWHV}.${V_MS_CLIENTES_NO_MIXTOS}TGT_TGT_${DBDWHV}.${V_HC_MS_HIST_SEGMENTO_MERCADO}" FROMINSTANCETYPE="Source Qualifier" FROMFIELD="MIX.dMIX.GRUPO_COMERCIAL" TOINSTANCE="TGT_TGT_TGT_${DBDWHV}.${V_MS_CLIENTES_NO_MIXTOS}TGT_TGT_${DBDWHV}.${V_HC_MS_HIST_SEGMENTO_MERCADO}" TOINSTANCETYPE="Target Definition" TOFIELD="NOMIX.MIX.dMIX.GRUPO_COMERCIAL"/>
                <CONNECTOR FROMINSTANCE="TGT_TGT_${DBDWHV}.${V_MS_CLIENTES_NO_MIXTOS}TGT_TGT_${DBDWHV}.${V_HC_MS_HIST_SEGMENTO_MERCADO}" FROMINSTANCETYPE="Source Definition" FROMFIELD="MIX.dMIX.ANTIG_MESES" TOINSTANCE="SQ_TGT_TGT_${DBDWHV}.${V_MS_CLIENTES_NO_MIXTOS}TGT_TGT_${DBDWHV}.${V_HC_MS_HIST_SEGMENTO_MERCADO}" TOINSTANCETYPE="Source Qualifier" TOFIELD="MIX.dMIX.ANTIG_MESES"/>
                <CONNECTOR FROMINSTANCE="SQ_TGT_TGT_${DBDWHV}.${V_MS_CLIENTES_NO_MIXTOS}TGT_TGT_${DBDWHV}.${V_HC_MS_HIST_SEGMENTO_MERCADO}" FROMINSTANCETYPE="Source Qualifier" FROMFIELD="MIX.dMIX.ANTIG_MESES" TOINSTANCE="TGT_TGT_TGT_${DBDWHV}.${V_MS_CLIENTES_NO_MIXTOS}TGT_TGT_${DBDWHV}.${V_HC_MS_HIST_SEGMENTO_MERCADO}" TOINSTANCETYPE="Target Definition" TOFIELD="NOMIX.MIX.dMIX.ANTIG_MESES"/>
                <CONNECTOR FROMINSTANCE="TGT_TGT_${DBDWHV}.${V_MS_CLIENTES_NO_MIXTOS}TGT_TGT_${DBDWHV}.${V_HC_MS_HIST_SEGMENTO_MERCADO}" FROMINSTANCETYPE="Source Definition" FROMFIELD="MIX.dMIX.FEC_INSTALACION" TOINSTANCE="SQ_TGT_TGT_${DBDWHV}.${V_MS_CLIENTES_NO_MIXTOS}TGT_TGT_${DBDWHV}.${V_HC_MS_HIST_SEGMENTO_MERCADO}" TOINSTANCETYPE="Source Qualifier" TOFIELD="MIX.dMIX.FEC_INSTALACION"/>
                <CONNECTOR FROMINSTANCE="SQ_TGT_TGT_${DBDWHV}.${V_MS_CLIENTES_NO_MIXTOS}TGT_TGT_${DBDWHV}.${V_HC_MS_HIST_SEGMENTO_MERCADO}" FROMINSTANCETYPE="Source Qualifier" FROMFIELD="MIX.dMIX.FEC_INSTALACION" TOINSTANCE="TGT_TGT_TGT_${DBDWHV}.${V_MS_CLIENTES_NO_MIXTOS}TGT_TGT_${DBDWHV}.${V_HC_MS_HIST_SEGMENTO_MERCADO}" TOINSTANCETYPE="Target Definition" TOFIELD="NOMIX.MIX.dMIX.FEC_INSTALACION"/>
                <CONNECTOR FROMINSTANCE="TGT_TGT_${DBDWHV}.${V_MS_CLIENTES_NO_MIXTOS}TGT_TGT_${DBDWHV}.${V_HC_MS_HIST_SEGMENTO_MERCADO}" FROMINSTANCETYPE="Source Definition" FROMFIELD="MIX.dCIFNIF" TOINSTANCE="SQ_TGT_TGT_${DBDWHV}.${V_MS_CLIENTES_NO_MIXTOS}TGT_TGT_${DBDWHV}.${V_HC_MS_HIST_SEGMENTO_MERCADO}" TOINSTANCETYPE="Source Qualifier" TOFIELD="MIX.dCIFNIF"/>
                <CONNECTOR FROMINSTANCE="SQ_TGT_TGT_${DBDWHV}.${V_MS_CLIENTES_NO_MIXTOS}TGT_TGT_${DBDWHV}.${V_HC_MS_HIST_SEGMENTO_MERCADO}" FROMINSTANCETYPE="Source Qualifier" FROMFIELD="MIX.dCIFNIF" TOINSTANCE="TGT_TGT_TGT_${DBDWHV}.${V_MS_CLIENTES_NO_MIXTOS}TGT_TGT_${DBDWHV}.${V_HC_MS_HIST_SEGMENTO_MERCADO}" TOINSTANCETYPE="Target Definition" TOFIELD="NOMIX.MIX.dCIFNIF"/>
                <TARGETLOADORDER TARGETINSTANCE="TGT_TGT_TGT_${DBDWHV}.${V_MS_CLIENTES_NO_MIXTOS}TGT_TGT_${DBDWHV}.${V_HC_MS_HIST_SEGMENTO_MERCADO}" ORDER="1"/>
            </MAPPING>
        </FOLDER>
    </REPOSITORY>
</POWERMART>
