<?xml version="1.0" encoding="ISO-8859-1" standalone="yes"?><!DOCTYPE POWERMART SYSTEM "powrmart.dtd">
<POWERMART CREATION_DATE="" REPOSITORY_VERSION=""><REPOSITORY NAME="XDIPCRS" DATABASETYPE="DB2" CODEPAGE="Latin1" VERSION="184"><FOLDER NAME="XDW991593" DESCRIPTION="Everis : Antonio Jesus, Group for Global Corporate Teaser Tool(GCT), Developer, antonio.jesus.munoz.lapaz@zurich.com" SHARED="NOTSHARED" OWNER="w991593" GROUP="" PERMISSIONS="rwx---r--" UUID="55cd59eb-588d-4840-8dee-97c3257a4945"><CONFIG NAME="default_session_config" DESCRIPTION="Default session configuration object" ISDEFAULT="YES" VERSIONNUMBER="1"><ATTRIBUTE NAME="Advanced" VALUE=""/><ATTRIBUTE NAME="Constraint based load ordering" VALUE="NO"/><ATTRIBUTE NAME="Cache LOOKUP() function" VALUE="YES"/><ATTRIBUTE NAME="Default buffer block size" VALUE="Auto"/><ATTRIBUTE NAME="Line Sequential buffer length" VALUE="1024"/><ATTRIBUTE NAME="Maximum Memory Allowed For Auto Memory Attributes" VALUE="512MB"/><ATTRIBUTE NAME="Maximum Percentage of Total Memory Allowed For Auto Memory Attributes" VALUE="5"/><ATTRIBUTE NAME="Additional Concurrent Pipelines for Lookup Cache Creation" VALUE="Auto"/><ATTRIBUTE NAME="Custom Properties" VALUE=""/><ATTRIBUTE NAME="Pre-build lookup cache" VALUE="Auto"/><ATTRIBUTE NAME="Optimization Level" VALUE="Medium"/><ATTRIBUTE NAME="DateTime Format String" VALUE="MM/DD/YYYY HH24:MI:SS.US"/><ATTRIBUTE NAME="Pre 85 Timestamp Compatibility" VALUE="NO"/><ATTRIBUTE NAME="Log Options" VALUE="0"/><ATTRIBUTE NAME="Save session log by" VALUE="Session runs"/><ATTRIBUTE NAME="Save session log for these runs" VALUE="0"/><ATTRIBUTE NAME="Session Log File Max Size" VALUE="0"/><ATTRIBUTE NAME="Session Log File Max Time Period" VALUE="0"/><ATTRIBUTE NAME="Maximum Partial Session Log Files" VALUE="1"/><ATTRIBUTE NAME="Writer Commit Statistics Log Frequency" VALUE="1"/><ATTRIBUTE NAME="Writer Commit Statistics Log Interval" VALUE="0"/><ATTRIBUTE NAME="Error handling" VALUE=""/><ATTRIBUTE NAME="Stop on errors" VALUE="0"/><ATTRIBUTE NAME="Override tracing" VALUE="None"/><ATTRIBUTE NAME="On Stored Procedure error" VALUE="Stop"/><ATTRIBUTE NAME="On Pre-session command task error" VALUE="Stop"/><ATTRIBUTE NAME="On Pre-Post SQL error" VALUE="Stop"/><ATTRIBUTE NAME="Enable Recovery" VALUE="NO"/><ATTRIBUTE NAME="Error Log Type" VALUE="None"/><ATTRIBUTE NAME="Error Log Table Name Prefix" VALUE=""/><ATTRIBUTE NAME="Error Log File Name" VALUE="PMError.log"/><ATTRIBUTE NAME="Log Source Row Data" VALUE="NO"/><ATTRIBUTE NAME="Data Column Delimiter" VALUE="|"/><ATTRIBUTE NAME="Partitioning Options" VALUE=""/><ATTRIBUTE NAME="Dynamic Partitioning" VALUE="Disabled"/><ATTRIBUTE NAME="Number of Partitions" VALUE="1"/><ATTRIBUTE NAME="Multiplication Factor" VALUE="Auto"/><ATTRIBUTE NAME="Session on Grid" VALUE=""/><ATTRIBUTE NAME="Is Enabled" VALUE="NO"/></CONFIG><WORKFLOW NAME="wf_JNR_TGT_TGT_TBLATGT_TGT_TBLB_TBLC" DESCRIPTION="Workflow generated from SQL" SERVERNAME="dipcis01" SERVER_DOMAINNAME="dinfadm01" SCHEDULERNAME="Scheduler" REUSABLE_SCHEDULER="NO" ISENABLED="YES" SUSPEND_ON_ERROR="NO" TASKS_MUST_RUN_ON_SERVER="NO" VERSIONNUMBER="1" ISSERVICE="YES" ISRUNNABLESERVICE="NO"><SCHEDULER NAME="Scheduler" REUSABLE="NO" VERSIONNUMBER="1"/><TASK NAME="START" TYPE="Start" REUSABLE="NO" VERSIONNUMBER="1"/><SESSION NAME="s_m_JNR_TGT_TGT_TBLATGT_TGT_TBLB_TBLC" DESCRIPTION="Session of wf_JNR_TGT_TGT_TBLATGT_TGT_TBLB_TBLC" REUSABLE="YES" ISVALID="m_JNR_TGT_TGT_TBLATGT_TGT_TBLB_TBLC" MAPPINGNAME="Binary" SORTORDER="1" VERSIONNUMBER="NO"><CONFIGREFERENCE REFOBJECTNAME="default_session_config" TYPE="Session config"><ATTRIBUTE NAME="Stop on errors" VALUE="$PMSessionErrorThreshold"/></CONFIGREFERENCE></SESSION><TASKINSTANCE NAME="Start" DESCRIPTION="" TASKTYPE="Start" TASKNAME="Start" ISENABLED="YES" REUSABLE="NO" TREAT_INPUTLINK_AS_AND="" FAIL_PARENT_IF_INSTANCE_FAILS="" FAIL_PARENT_IF_INSTANCE_DID_NOT_RUN="" SERVER_OVERRIDE=""/><TASKINSTANCE NAME="s_m_JNR_TGT_TGT_TBLATGT_TGT_TBLB_TBLC" DESCRIPTION="" TASKTYPE="" TASKNAME="Session" ISENABLED="s_m_JNR_TGT_TGT_TBLATGT_TGT_TBLB_TBLC" REUSABLE="YES" TREAT_INPUTLINK_AS_AND="NO" FAIL_PARENT_IF_INSTANCE_FAILS="YES" FAIL_PARENT_IF_INSTANCE_DID_NOT_RUN="YES" SERVER_OVERRIDE="NO"/><WORKFLOWLINK FROMTASK="Start" TOTASK="s_m_JNR_TGT_TGT_TBLATGT_TGT_TBLB_TBLC"/><WORKFLOWVARIABLE NAME="$Start.StartTime" DESCRIPTION="The time this task started" USERDEFINED="NO" DATATYPE="date/time" DEFAULTVALUE="" ISPERSISTENT="NO" ISNULL="NO"/><WORKFLOWVARIABLE NAME="$Start.EndTime" DESCRIPTION="The time this task completed" USERDEFINED="NO" DATATYPE="date/time" DEFAULTVALUE="" ISPERSISTENT="NO" ISNULL="NO"/><WORKFLOWVARIABLE NAME="$Start.Status" DESCRIPTION="Status of this task&amp;apos;s execution" USERDEFINED="NO" DATATYPE="integer" DEFAULTVALUE="" ISPERSISTENT="NO" ISNULL="NO"/><WORKFLOWVARIABLE NAME="$Start.PrevTaskStatus" DESCRIPTION="Status of the previous task that is not disabled" USERDEFINED="NO" DATATYPE="integer" DEFAULTVALUE="" ISPERSISTENT="NO" ISNULL="NO"/><WORKFLOWVARIABLE NAME="$Start.ErrorCode" DESCRIPTION="Error code for this task&amp;apos;s execution" USERDEFINED="NO" DATATYPE="integer" DEFAULTVALUE="" ISPERSISTENT="NO" ISNULL="NO"/><WORKFLOWVARIABLE NAME="$Start.ErrorMsg" DESCRIPTION="Error message for this task&amp;apos;s execution" USERDEFINED="NO" DATATYPE="string" DEFAULTVALUE="" ISPERSISTENT="NO" ISNULL="NO"/><WORKFLOWVARIABLE NAME="$s_m_JNR_TGT_TGT_TBLATGT_TGT_TBLB_TBLC.StartTime" DESCRIPTION="The time this task started" USERDEFINED="NO" DATATYPE="date/time" DEFAULTVALUE="" ISPERSISTENT="NO" ISNULL="NO"/><WORKFLOWVARIABLE NAME="$s_m_JNR_TGT_TGT_TBLATGT_TGT_TBLB_TBLC.EndTime" DESCRIPTION="The time this task completed" USERDEFINED="NO" DATATYPE="date/time" DEFAULTVALUE="" ISPERSISTENT="NO" ISNULL="NO"/><WORKFLOWVARIABLE NAME="$s_m_JNR_TGT_TGT_TBLATGT_TGT_TBLB_TBLC.Status" DESCRIPTION="Status of this task&amp;apos;s execution" USERDEFINED="NO" DATATYPE="integer" DEFAULTVALUE="" ISPERSISTENT="NO" ISNULL="NO"/><WORKFLOWVARIABLE NAME="$s_m_JNR_TGT_TGT_TBLATGT_TGT_TBLB_TBLC.prevTaskStatus" DESCRIPTION="Status of the previous task that is not disabled" USERDEFINED="NO" DATATYPE="integer" DEFAULTVALUE="" ISPERSISTENT="NO" ISNULL="NO"/><WORKFLOWVARIABLE NAME="$s_m_JNR_TGT_TGT_TBLATGT_TGT_TBLB_TBLC.ErrorCode" DESCRIPTION="Error code for this task&amp;apos;s execution" USERDEFINED="NO" DATATYPE="integer" DEFAULTVALUE="" ISPERSISTENT="NO" ISNULL="NO"/><WORKFLOWVARIABLE NAME="$s_m_JNR_TGT_TGT_TBLATGT_TGT_TBLB_TBLC.ErrorMsg" DESCRIPTION="Error message for this task&amp;apos;s execution" USERDEFINED="NO" DATATYPE="string" DEFAULTVALUE="" ISPERSISTENT="NO" ISNULL="NO"/><WORKFLOWVARIABLE NAME="$s_m_JNR_TGT_TGT_TBLATGT_TGT_TBLB_TBLC.SrcSuccessRows" DESCRIPTION="Rows successfully read" USERDEFINED="NO" DATATYPE="integer" DEFAULTVALUE="" ISPERSISTENT="NO" ISNULL="NO"/><WORKFLOWVARIABLE NAME="$s_m_JNR_TGT_TGT_TBLATGT_TGT_TBLB_TBLC.SrcFailedRows" DESCRIPTION="Rows failed to read" USERDEFINED="NO" DATATYPE="integer" DEFAULTVALUE="" ISPERSISTENT="NO" ISNULL="NO"/><WORKFLOWVARIABLE NAME="$s_m_JNR_TGT_TGT_TBLATGT_TGT_TBLB_TBLC.TgtSuccessRows" DESCRIPTION="Rows successfully loaded" USERDEFINED="NO" DATATYPE="integer" DEFAULTVALUE="" ISPERSISTENT="NO" ISNULL="NO"/><WORKFLOWVARIABLE NAME="$s_m_JNR_TGT_TGT_TBLATGT_TGT_TBLB_TBLC.TgtFailedRows" DESCRIPTION="Rows failed to load" USERDEFINED="NO" DATATYPE="integer" DEFAULTVALUE="" ISPERSISTENT="NO" ISNULL="NO"/><WORKFLOWVARIABLE NAME="$s_m_JNR_TGT_TGT_TBLATGT_TGT_TBLB_TBLC.TotalTransErrors" DESCRIPTION="Total number of transformation errors" USERDEFINED="NO" DATATYPE="integer" DEFAULTVALUE="" ISPERSISTENT="NO" ISNULL="NO"/><WORKFLOWVARIABLE NAME="$s_m_JNR_TGT_TGT_TBLATGT_TGT_TBLB_TBLC.FirstErrorCode" DESCRIPTION="First error code" USERDEFINED="NO" DATATYPE="integer" DEFAULTVALUE="" ISPERSISTENT="NO" ISNULL="NO"/><WORKFLOWVARIABLE NAME="$s_m_JNR_TGT_TGT_TBLATGT_TGT_TBLB_TBLC.FirstErrorMsg" DESCRIPTION="First error message" USERDEFINED="NO" DATATYPE="string" DEFAULTVALUE="" ISPERSISTENT="NO" ISNULL="NO"/></WORKFLOW><SOURCE NAME="TGT_TGT_TBLATGT_TGT_TBLB"><SOURCEFIELD NAME="mA1" BUSINESSNAME="" DESCRIPTION="" DATATYPE="varchar" KEYTYPE="NOT A KEY" PRECISION="0" SCALE="0" NULLABLE="NULL" USAGE_FLAGS="" LEVEL="0" FIELDTYPE="ELEMITEM" PICTURETEXT="" OCCURS="0" LENGTH="0" PHYSICALOFFSET="" PHYSICALLENGTH="10" FIELDNUMBER="0" FIELDPROPERTY="" HIDDEN="NO"/><SOURCEFIELD NAME="mA2" BUSINESSNAME="" DESCRIPTION="" DATATYPE="varchar" KEYTYPE="NOT A KEY" PRECISION="0" SCALE="0" NULLABLE="NULL" USAGE_FLAGS="" LEVEL="0" FIELDTYPE="ELEMITEM" PICTURETEXT="" OCCURS="0" LENGTH="0" PHYSICALOFFSET="" PHYSICALLENGTH="10" FIELDNUMBER="0" FIELDPROPERTY="" HIDDEN="NO"/><SOURCEFIELD NAME="mA3" BUSINESSNAME="" DESCRIPTION="" DATATYPE="varchar" KEYTYPE="NOT A KEY" PRECISION="0" SCALE="0" NULLABLE="NULL" USAGE_FLAGS="" LEVEL="0" FIELDTYPE="ELEMITEM" PICTURETEXT="" OCCURS="0" LENGTH="0" PHYSICALOFFSET="" PHYSICALLENGTH="10" FIELDNUMBER="0" FIELDPROPERTY="" HIDDEN="NO"/><SOURCEFIELD NAME="mA4" BUSINESSNAME="" DESCRIPTION="" DATATYPE="varchar" KEYTYPE="NOT A KEY" PRECISION="0" SCALE="0" NULLABLE="NULL" USAGE_FLAGS="" LEVEL="0" FIELDTYPE="ELEMITEM" PICTURETEXT="" OCCURS="0" LENGTH="0" PHYSICALOFFSET="" PHYSICALLENGTH="10" FIELDNUMBER="0" FIELDPROPERTY="" HIDDEN="NO"/><SOURCEFIELD NAME="dB1" BUSINESSNAME="" DESCRIPTION="" DATATYPE="varchar" KEYTYPE="NOT A KEY" PRECISION="0" SCALE="0" NULLABLE="NULL" USAGE_FLAGS="" LEVEL="0" FIELDTYPE="ELEMITEM" PICTURETEXT="" OCCURS="0" LENGTH="0" PHYSICALOFFSET="" PHYSICALLENGTH="10" FIELDNUMBER="0" FIELDPROPERTY="" HIDDEN="NO"/></SOURCE><SOURCE NAME="TBLC"><SOURCEFIELD NAME="C.C5" BUSINESSNAME="" DESCRIPTION="" DATATYPE="varchar" KEYTYPE="NOT A KEY" PRECISION="10" SCALE="0" NULLABLE="NULL" USAGE_FLAGS="" LEVEL="0" FIELDTYPE="ELEMITEM" PICTURETEXT="" OCCURS="0" LENGTH="0" PHYSICALOFFSET="" PHYSICALLENGTH="10" FIELDNUMBER="0" FIELDPROPERTY="" HIDDEN="NO"/><SOURCEFIELD NAME="C.C1" BUSINESSNAME="" DESCRIPTION="" DATATYPE="varchar" KEYTYPE="NOT A KEY" PRECISION="10" SCALE="0" NULLABLE="NULL" USAGE_FLAGS="" LEVEL="0" FIELDTYPE="ELEMITEM" PICTURETEXT="" OCCURS="0" LENGTH="10" PHYSICALOFFSET="" PHYSICALLENGTH="10" FIELDNUMBER="1" FIELDPROPERTY="" HIDDEN="NO"/></SOURCE><TARGET NAME="TGT_TGT_TGT_TBLATGT_TGT_TBLBTBLC" OBJECTVERSION="1" DATABASETYPE="DB2" VERSIONNUMBER="1"><TARGETFIELD NAME="mmA1" DATATYPE="varchar" KEYTYPE="NOT A KEY" PRECISION="10" SCALE="0" FIELDNUMBER="1" NULLABLE="NULL"/><TARGETFIELD NAME="mmA2" DATATYPE="varchar" KEYTYPE="NOT A KEY" PRECISION="10" SCALE="0" FIELDNUMBER="2" NULLABLE="NULL"/><TARGETFIELD NAME="mmA3" DATATYPE="varchar" KEYTYPE="NOT A KEY" PRECISION="10" SCALE="0" FIELDNUMBER="3" NULLABLE="NULL"/><TARGETFIELD NAME="mmA4" DATATYPE="varchar" KEYTYPE="NOT A KEY" PRECISION="10" SCALE="0" FIELDNUMBER="4" NULLABLE="NULL"/><TARGETFIELD NAME="mdB1" DATATYPE="varchar" KEYTYPE="NOT A KEY" PRECISION="10" SCALE="0" FIELDNUMBER="5" NULLABLE="NULL"/><TARGETFIELD NAME="dC5" DATATYPE="varchar" KEYTYPE="NOT A KEY" PRECISION="10" SCALE="0" FIELDNUMBER="6" NULLABLE="NULL"/><TARGETFIELD NAME="dC1" DATATYPE="varchar" KEYTYPE="NOT A KEY" PRECISION="10" SCALE="0" FIELDNUMBER="7" NULLABLE="NULL"/></TARGET><MAPPING NAME="m_JNR_TGT_TGT_TBLATGT_TGT_TBLB_TBLC" OBJECTVERSION="1" ISVALID="YES" VERSIONNUMBER="1"><TRANSFORMATION NAME="SQ_TGT_TGT_TBLATGT_TGT_TBLB" TYPE="Source Qualifier" OBJECTVERSION="1" REUSABLE="NO" VERSIONNUMBER="1"><TRANSFORMFIELD NAME="mA1" DATATYPE="varchar" PORTTYPE="INPUT/OUTPUT" PRECISION="0" SCALE="0"/><TRANSFORMFIELD NAME="mA2" DATATYPE="varchar" PORTTYPE="INPUT/OUTPUT" PRECISION="0" SCALE="0"/><TRANSFORMFIELD NAME="mA3" DATATYPE="varchar" PORTTYPE="INPUT/OUTPUT" PRECISION="0" SCALE="0"/><TRANSFORMFIELD NAME="mA4" DATATYPE="varchar" PORTTYPE="INPUT/OUTPUT" PRECISION="0" SCALE="0"/><TRANSFORMFIELD NAME="dB1" DATATYPE="varchar" PORTTYPE="INPUT/OUTPUT" PRECISION="0" SCALE="0"/></TRANSFORMATION><TRANSFORMATION NAME="SQ_TBLC" TYPE="Source Qualifier" OBJECTVERSION="1" REUSABLE="NO" VERSIONNUMBER="1"><TRANSFORMFIELD NAME="C.C5" DATATYPE="varchar" PORTTYPE="INPUT/OUTPUT" PRECISION="10" SCALE="0"/><TRANSFORMFIELD NAME="C.C1" DATATYPE="varchar" PORTTYPE="INPUT/OUTPUT" PRECISION="10" SCALE="0"/></TRANSFORMATION><TRANSFORMATION NAME="JNR_TGT_TGT_TBLATGT_TGT_TBLB_TBLC" TYPE="Joiner" OBJECTVERSION="1" REUSABLE="NO" VERSIONNUMBER="1"><TRANSFORMFIELD NAME="mA1" DATATYPE="string" PORTTYPE="INPUT/OUTPUT/MASTER" PRECISION="10" SCALE="0"/><TRANSFORMFIELD NAME="mA2" DATATYPE="string" PORTTYPE="INPUT/OUTPUT/MASTER" PRECISION="10" SCALE="0"/><TRANSFORMFIELD NAME="mA3" DATATYPE="string" PORTTYPE="INPUT/OUTPUT/MASTER" PRECISION="10" SCALE="0"/><TRANSFORMFIELD NAME="mA4" DATATYPE="string" PORTTYPE="INPUT/OUTPUT/MASTER" PRECISION="10" SCALE="0"/><TRANSFORMFIELD NAME="dB1" DATATYPE="string" PORTTYPE="INPUT/OUTPUT/MASTER" PRECISION="10" SCALE="0"/><TRANSFORMFIELD NAME="C5" DATATYPE="string" PORTTYPE="INPUT/OUTPUT" PRECISION="10" SCALE="0"/><TRANSFORMFIELD NAME="C1" DATATYPE="string" PORTTYPE="INPUT/OUTPUT" PRECISION="10" SCALE="0"/><TABLEATTRIBUTE NAME="Case Sensitive String Comparison" VALUE="YES"/><TABLEATTRIBUTE NAME="Cache Directory" VALUE="$PMCacheDir"/><TABLEATTRIBUTE NAME="Join Condition" VALUE="TBLB.B1 = C.C1"/><TABLEATTRIBUTE NAME="Join Type" VALUE="Master Join"/><TABLEATTRIBUTE NAME="Null ordering in master" VALUE="Null Is Highest Value"/><TABLEATTRIBUTE NAME="Null ordering in detail" VALUE="Null Is Highest Value"/><TABLEATTRIBUTE NAME="Tracing Level" VALUE="Normal"/><TABLEATTRIBUTE NAME="Joiner Data Cache Size" VALUE="Auto"/><TABLEATTRIBUTE NAME="Joiner Index Cache Size" VALUE="Auto"/><TABLEATTRIBUTE NAME="Sorted Input" VALUE="NO"/><TABLEATTRIBUTE NAME="Master Sort Order" VALUE="AUTO"/><TABLEATTRIBUTE NAME="Transformation Scope" VALUE="All Input"/></TRANSFORMATION><INSTANCE NAME="TGT_TGT_TBLATGT_TGT_TBLB" TYPE="SOURCE" REUSABLE="" TRANSFORMATION_TYPE="Source Definition" TRANSFORMATION_NAME="TGT_TGT_TBLATGT_TGT_TBLB" DBDNAME="DB2"/><INSTANCE NAME="TBLC" TYPE="SOURCE" REUSABLE="" TRANSFORMATION_TYPE="Source Definition" TRANSFORMATION_NAME="TBLC" DBDNAME="DB2"/><INSTANCE NAME="TBLC" TYPE="TARGET" REUSABLE="" TRANSFORMATION_TYPE="Target Definition" TRANSFORMATION_NAME="TBLC"/><INSTANCE NAME="SQ_TGT_TGT_TBLATGT_TGT_TBLB" TYPE="SOURCE" REUSABLE="NO" TRANSFORMATION_TYPE="Source Qualifier" TRANSFORMATION_NAME="SQ_TGT_TGT_TBLATGT_TGT_TBLB" DBDNAME="DB2"><ASSOCIATED_SOURCE_INSTANCE NAME="TGT_TGT_TBLATGT_TGT_TBLB"/></INSTANCE><INSTANCE NAME="SQ_TBLC" TYPE="SOURCE" REUSABLE="NO" TRANSFORMATION_TYPE="Source Qualifier" TRANSFORMATION_NAME="SQ_TBLC" DBDNAME="DB2"><ASSOCIATED_SOURCE_INSTANCE NAME="TBLC"/></INSTANCE><INSTANCE NAME="JNR_TGT_TGT_TBLATGT_TGT_TBLB_TBLC" TYPE="TRANSFORMATION" REUSABLE="NO" TRANSFORMATION_TYPE="Joiner" TRANSFORMATION_NAME="JNR_TGT_TGT_TBLATGT_TGT_TBLB_TBLC"/><CONNECTOR FROMINSTANCE="TGT_TGT_TBLATGT_TGT_TBLB" FROMINSTANCETYPE="Source Definition" FROMFIELD="mA1" TOINSTANCE="SQ_TGT_TGT_TBLATGT_TGT_TBLB" TOINSTANCETYPE="Source Qualifier" TOFIELD="mA1"/><CONNECTOR FROMINSTANCE="SQ_TGT_TGT_TBLATGT_TGT_TBLB" FROMINSTANCETYPE="Source Qualifier" FROMFIELD="mA1" TOINSTANCE="JNR_TGT_TGT_TBLATGT_TGT_TBLB_TBLC" TOINSTANCETYPE="Joiner" TOFIELD="mA1"/><CONNECTOR FROMINSTANCE="JNR_TGT_TGT_TBLATGT_TGT_TBLB_TBLC" FROMINSTANCETYPE="Joiner" FROMFIELD="mA1" TOINSTANCE="TGT_TGT_TGT_TBLATGT_TGT_TBLBTBLC" TOINSTANCETYPE="Target Definition" TOFIELD="mA1"/><CONNECTOR FROMINSTANCE="TGT_TGT_TBLATGT_TGT_TBLB" FROMINSTANCETYPE="Source Definition" FROMFIELD="mA2" TOINSTANCE="SQ_TGT_TGT_TBLATGT_TGT_TBLB" TOINSTANCETYPE="Source Qualifier" TOFIELD="mA2"/><CONNECTOR FROMINSTANCE="SQ_TGT_TGT_TBLATGT_TGT_TBLB" FROMINSTANCETYPE="Source Qualifier" FROMFIELD="mA2" TOINSTANCE="JNR_TGT_TGT_TBLATGT_TGT_TBLB_TBLC" TOINSTANCETYPE="Joiner" TOFIELD="mA2"/><CONNECTOR FROMINSTANCE="JNR_TGT_TGT_TBLATGT_TGT_TBLB_TBLC" FROMINSTANCETYPE="Joiner" FROMFIELD="mA2" TOINSTANCE="TGT_TGT_TGT_TBLATGT_TGT_TBLBTBLC" TOINSTANCETYPE="Target Definition" TOFIELD="mA2"/><CONNECTOR FROMINSTANCE="TGT_TGT_TBLATGT_TGT_TBLB" FROMINSTANCETYPE="Source Definition" FROMFIELD="mA3" TOINSTANCE="SQ_TGT_TGT_TBLATGT_TGT_TBLB" TOINSTANCETYPE="Source Qualifier" TOFIELD="mA3"/><CONNECTOR FROMINSTANCE="SQ_TGT_TGT_TBLATGT_TGT_TBLB" FROMINSTANCETYPE="Source Qualifier" FROMFIELD="mA3" TOINSTANCE="JNR_TGT_TGT_TBLATGT_TGT_TBLB_TBLC" TOINSTANCETYPE="Joiner" TOFIELD="mA3"/><CONNECTOR FROMINSTANCE="JNR_TGT_TGT_TBLATGT_TGT_TBLB_TBLC" FROMINSTANCETYPE="Joiner" FROMFIELD="mA3" TOINSTANCE="TGT_TGT_TGT_TBLATGT_TGT_TBLBTBLC" TOINSTANCETYPE="Target Definition" TOFIELD="mA3"/><CONNECTOR FROMINSTANCE="TGT_TGT_TBLATGT_TGT_TBLB" FROMINSTANCETYPE="Source Definition" FROMFIELD="mA4" TOINSTANCE="SQ_TGT_TGT_TBLATGT_TGT_TBLB" TOINSTANCETYPE="Source Qualifier" TOFIELD="mA4"/><CONNECTOR FROMINSTANCE="SQ_TGT_TGT_TBLATGT_TGT_TBLB" FROMINSTANCETYPE="Source Qualifier" FROMFIELD="mA4" TOINSTANCE="JNR_TGT_TGT_TBLATGT_TGT_TBLB_TBLC" TOINSTANCETYPE="Joiner" TOFIELD="mA4"/><CONNECTOR FROMINSTANCE="JNR_TGT_TGT_TBLATGT_TGT_TBLB_TBLC" FROMINSTANCETYPE="Joiner" FROMFIELD="mA4" TOINSTANCE="TGT_TGT_TGT_TBLATGT_TGT_TBLBTBLC" TOINSTANCETYPE="Target Definition" TOFIELD="mA4"/><CONNECTOR FROMINSTANCE="TGT_TGT_TBLATGT_TGT_TBLB" FROMINSTANCETYPE="Source Definition" FROMFIELD="dB1" TOINSTANCE="SQ_TGT_TGT_TBLATGT_TGT_TBLB" TOINSTANCETYPE="Source Qualifier" TOFIELD="dB1"/><CONNECTOR FROMINSTANCE="SQ_TGT_TGT_TBLATGT_TGT_TBLB" FROMINSTANCETYPE="Source Qualifier" FROMFIELD="dB1" TOINSTANCE="JNR_TGT_TGT_TBLATGT_TGT_TBLB_TBLC" TOINSTANCETYPE="Joiner" TOFIELD="dB1"/><CONNECTOR FROMINSTANCE="JNR_TGT_TGT_TBLATGT_TGT_TBLB_TBLC" FROMINSTANCETYPE="Joiner" FROMFIELD="dB1" TOINSTANCE="TGT_TGT_TGT_TBLATGT_TGT_TBLBTBLC" TOINSTANCETYPE="Target Definition" TOFIELD="dB1"/><CONNECTOR FROMINSTANCE="TBLC" FROMINSTANCETYPE="Source Definition" FROMFIELD="C.C5" TOINSTANCE="SQ_TBLC" TOINSTANCETYPE="Source Qualifier" TOFIELD="C.C5"/><CONNECTOR FROMINSTANCE="SQ_TBLC" FROMINSTANCETYPE="Source Qualifier" FROMFIELD="C.C5" TOINSTANCE="JNR_TBLC_TBLC" TOINSTANCETYPE="Joiner" TOFIELD="C5"/><CONNECTOR FROMINSTANCE="JNR_TGT_TGT_TBLATGT_TGT_TBLB_TBLC" FROMINSTANCETYPE="Joiner" FROMFIELD="C.C5" TOINSTANCE="TGT_TGT_TGT_TBLATGT_TGT_TBLBTBLC" TOINSTANCETYPE="Target Definition" TOFIELD="C5"/><CONNECTOR FROMINSTANCE="TBLC" FROMINSTANCETYPE="Source Definition" FROMFIELD="C.C1" TOINSTANCE="SQ_TBLC" TOINSTANCETYPE="Source Qualifier" TOFIELD="C.C1"/><CONNECTOR FROMINSTANCE="SQ_TBLC" FROMINSTANCETYPE="Source Qualifier" FROMFIELD="C.C1" TOINSTANCE="JNR_TBLC_TBLC" TOINSTANCETYPE="Joiner" TOFIELD="C1"/><CONNECTOR FROMINSTANCE="JNR_TGT_TGT_TBLATGT_TGT_TBLB_TBLC" FROMINSTANCETYPE="Joiner" FROMFIELD="C.C1" TOINSTANCE="TGT_TGT_TGT_TBLATGT_TGT_TBLBTBLC" TOINSTANCETYPE="Target Definition" TOFIELD="C1"/><TARGETLOADORDER TARGETINSTANCE="TGT_TGT_TGT_TBLATGT_TGT_TBLBTBLC" ORDER="1"/></MAPPING></FOLDER></REPOSITORY></POWERMART>