<?xml version="1.0" encoding="ISO-8859-1" standalone="yes"?><!DOCTYPE POWERMART SYSTEM "powrmart.dtd">
<POWERMART CREATION_DATE="" REPOSITORY_VERSION=""><REPOSITORY NAME="XDIPCRS" DATABASETYPE="DB2" CODEPAGE="Latin1" VERSION="184"><FOLDER NAME="XDW991593" DESCRIPTION="Everis : Antonio Jesus, Group for Global Corporate Teaser Tool(GCT), Developer, antonio.jesus.munoz.lapaz@zurich.com" SHARED="NOTSHARED" OWNER="w991593" GROUP="" PERMISSIONS="rwx---r--" UUID="55cd59eb-588d-4840-8dee-97c3257a4945"><CONFIG NAME="default_session_config" DESCRIPTION="Default session configuration object" ISDEFAULT="YES" VERSIONNUMBER="1"><ATTRIBUTE NAME="Advanced" VALUE=""/><ATTRIBUTE NAME="Constraint based load ordering" VALUE="NO"/><ATTRIBUTE NAME="Cache LOOKUP() function" VALUE="YES"/><ATTRIBUTE NAME="Default buffer block size" VALUE="Auto"/><ATTRIBUTE NAME="Line Sequential buffer length" VALUE="1024"/><ATTRIBUTE NAME="Maximum Memory Allowed For Auto Memory Attributes" VALUE="512MB"/><ATTRIBUTE NAME="Maximum Percentage of Total Memory Allowed For Auto Memory Attributes" VALUE="5"/><ATTRIBUTE NAME="Additional Concurrent Pipelines for Lookup Cache Creation" VALUE="Auto"/><ATTRIBUTE NAME="Custom Properties" VALUE=""/><ATTRIBUTE NAME="Pre-build lookup cache" VALUE="Auto"/><ATTRIBUTE NAME="Optimization Level" VALUE="Medium"/><ATTRIBUTE NAME="DateTime Format String" VALUE="MM/DD/YYYY HH24:MI:SS.US"/><ATTRIBUTE NAME="Pre 85 Timestamp Compatibility" VALUE="NO"/><ATTRIBUTE NAME="Log Options" VALUE="0"/><ATTRIBUTE NAME="Save session log by" VALUE="Session runs"/><ATTRIBUTE NAME="Save session log for these runs" VALUE="0"/><ATTRIBUTE NAME="Session Log File Max Size" VALUE="0"/><ATTRIBUTE NAME="Session Log File Max Time Period" VALUE="0"/><ATTRIBUTE NAME="Maximum Partial Session Log Files" VALUE="1"/><ATTRIBUTE NAME="Writer Commit Statistics Log Frequency" VALUE="1"/><ATTRIBUTE NAME="Writer Commit Statistics Log Interval" VALUE="0"/><ATTRIBUTE NAME="Error handling" VALUE=""/><ATTRIBUTE NAME="Stop on errors" VALUE="0"/><ATTRIBUTE NAME="Override tracing" VALUE="None"/><ATTRIBUTE NAME="On Stored Procedure error" VALUE="Stop"/><ATTRIBUTE NAME="On Pre-session command task error" VALUE="Stop"/><ATTRIBUTE NAME="On Pre-Post SQL error" VALUE="Stop"/><ATTRIBUTE NAME="Enable Recovery" VALUE="NO"/><ATTRIBUTE NAME="Error Log Type" VALUE="None"/><ATTRIBUTE NAME="Error Log Table Name Prefix" VALUE=""/><ATTRIBUTE NAME="Error Log File Name" VALUE="PMError.log"/><ATTRIBUTE NAME="Log Source Row Data" VALUE="NO"/><ATTRIBUTE NAME="Data Column Delimiter" VALUE="|"/><ATTRIBUTE NAME="Partitioning Options" VALUE=""/><ATTRIBUTE NAME="Dynamic Partitioning" VALUE="Disabled"/><ATTRIBUTE NAME="Number of Partitions" VALUE="1"/><ATTRIBUTE NAME="Multiplication Factor" VALUE="Auto"/><ATTRIBUTE NAME="Session on Grid" VALUE=""/><ATTRIBUTE NAME="Is Enabled" VALUE="NO"/></CONFIG><WORKFLOW NAME="wf_JNR_TGT_TGT_TGT_TBLATGT_TBLBTBLC)_TBLD" DESCRIPTION="Workflow generated from SQL" SERVERNAME="dipcis01" SERVER_DOMAINNAME="dinfadm01" SCHEDULERNAME="Scheduler" REUSABLE_SCHEDULER="NO" ISENABLED="YES" SUSPEND_ON_ERROR="NO" TASKS_MUST_RUN_ON_SERVER="NO" VERSIONNUMBER="1" ISSERVICE="YES" ISRUNNABLESERVICE="NO"><SCHEDULER NAME="Scheduler" REUSABLE="NO" VERSIONNUMBER="1"/><TASK NAME="START" TYPE="Start" REUSABLE="NO" VERSIONNUMBER="1"/><SESSION NAME="s_m_JNR_TGT_TGT_TGT_TBLATGT_TBLBTBLC)_TBLD" DESCRIPTION="Session of wf_JNR_TGT_TGT_TGT_TBLATGT_TBLBTBLC)_TBLD" REUSABLE="YES" ISVALID="m_JNR_TGT_TGT_TGT_TBLATGT_TBLBTBLC)_TBLD" MAPPINGNAME="Binary" SORTORDER="1" VERSIONNUMBER="NO"><CONFIGREFERENCE REFOBJECTNAME="default_session_config" TYPE="Session config"><ATTRIBUTE NAME="Stop on errors" VALUE="$PMSessionErrorThreshold"/></CONFIGREFERENCE></SESSION><TASKINSTANCE NAME="Start" DESCRIPTION="" TASKTYPE="Start" TASKNAME="Start" ISENABLED="YES" REUSABLE="NO" TREAT_INPUTLINK_AS_AND="" FAIL_PARENT_IF_INSTANCE_FAILS="" FAIL_PARENT_IF_INSTANCE_DID_NOT_RUN="" SERVER_OVERRIDE=""/><TASKINSTANCE NAME="s_m_JNR_TGT_TGT_TGT_TBLATGT_TBLBTBLC)_TBLD" DESCRIPTION="" TASKTYPE="" TASKNAME="Session" ISENABLED="s_m_JNR_TGT_TGT_TGT_TBLATGT_TBLBTBLC)_TBLD" REUSABLE="YES" TREAT_INPUTLINK_AS_AND="NO" FAIL_PARENT_IF_INSTANCE_FAILS="YES" FAIL_PARENT_IF_INSTANCE_DID_NOT_RUN="YES" SERVER_OVERRIDE="NO"/><WORKFLOWLINK FROMTASK="Start" TOTASK="s_m_JNR_TGT_TGT_TGT_TBLATGT_TBLBTBLC)_TBLD"/><WORKFLOWVARIABLE NAME="$Start.StartTime" DESCRIPTION="The time this task started" USERDEFINED="NO" DATATYPE="date/time" DEFAULTVALUE="" ISPERSISTENT="NO" ISNULL="NO"/><WORKFLOWVARIABLE NAME="$Start.EndTime" DESCRIPTION="The time this task completed" USERDEFINED="NO" DATATYPE="date/time" DEFAULTVALUE="" ISPERSISTENT="NO" ISNULL="NO"/><WORKFLOWVARIABLE NAME="$Start.Status" DESCRIPTION="Status of this task&amp;apos;s execution" USERDEFINED="NO" DATATYPE="integer" DEFAULTVALUE="" ISPERSISTENT="NO" ISNULL="NO"/><WORKFLOWVARIABLE NAME="$Start.PrevTaskStatus" DESCRIPTION="Status of the previous task that is not disabled" USERDEFINED="NO" DATATYPE="integer" DEFAULTVALUE="" ISPERSISTENT="NO" ISNULL="NO"/><WORKFLOWVARIABLE NAME="$Start.ErrorCode" DESCRIPTION="Error code for this task&amp;apos;s execution" USERDEFINED="NO" DATATYPE="integer" DEFAULTVALUE="" ISPERSISTENT="NO" ISNULL="NO"/><WORKFLOWVARIABLE NAME="$Start.ErrorMsg" DESCRIPTION="Error message for this task&amp;apos;s execution" USERDEFINED="NO" DATATYPE="string" DEFAULTVALUE="" ISPERSISTENT="NO" ISNULL="NO"/><WORKFLOWVARIABLE NAME="$s_m_JNR_TGT_TGT_TGT_TBLATGT_TBLBTBLC)_TBLD.StartTime" DESCRIPTION="The time this task started" USERDEFINED="NO" DATATYPE="date/time" DEFAULTVALUE="" ISPERSISTENT="NO" ISNULL="NO"/><WORKFLOWVARIABLE NAME="$s_m_JNR_TGT_TGT_TGT_TBLATGT_TBLBTBLC)_TBLD.EndTime" DESCRIPTION="The time this task completed" USERDEFINED="NO" DATATYPE="date/time" DEFAULTVALUE="" ISPERSISTENT="NO" ISNULL="NO"/><WORKFLOWVARIABLE NAME="$s_m_JNR_TGT_TGT_TGT_TBLATGT_TBLBTBLC)_TBLD.Status" DESCRIPTION="Status of this task&amp;apos;s execution" USERDEFINED="NO" DATATYPE="integer" DEFAULTVALUE="" ISPERSISTENT="NO" ISNULL="NO"/><WORKFLOWVARIABLE NAME="$s_m_JNR_TGT_TGT_TGT_TBLATGT_TBLBTBLC)_TBLD.prevTaskStatus" DESCRIPTION="Status of the previous task that is not disabled" USERDEFINED="NO" DATATYPE="integer" DEFAULTVALUE="" ISPERSISTENT="NO" ISNULL="NO"/><WORKFLOWVARIABLE NAME="$s_m_JNR_TGT_TGT_TGT_TBLATGT_TBLBTBLC)_TBLD.ErrorCode" DESCRIPTION="Error code for this task&amp;apos;s execution" USERDEFINED="NO" DATATYPE="integer" DEFAULTVALUE="" ISPERSISTENT="NO" ISNULL="NO"/><WORKFLOWVARIABLE NAME="$s_m_JNR_TGT_TGT_TGT_TBLATGT_TBLBTBLC)_TBLD.ErrorMsg" DESCRIPTION="Error message for this task&amp;apos;s execution" USERDEFINED="NO" DATATYPE="string" DEFAULTVALUE="" ISPERSISTENT="NO" ISNULL="NO"/><WORKFLOWVARIABLE NAME="$s_m_JNR_TGT_TGT_TGT_TBLATGT_TBLBTBLC)_TBLD.SrcSuccessRows" DESCRIPTION="Rows successfully read" USERDEFINED="NO" DATATYPE="integer" DEFAULTVALUE="" ISPERSISTENT="NO" ISNULL="NO"/><WORKFLOWVARIABLE NAME="$s_m_JNR_TGT_TGT_TGT_TBLATGT_TBLBTBLC)_TBLD.SrcFailedRows" DESCRIPTION="Rows failed to read" USERDEFINED="NO" DATATYPE="integer" DEFAULTVALUE="" ISPERSISTENT="NO" ISNULL="NO"/><WORKFLOWVARIABLE NAME="$s_m_JNR_TGT_TGT_TGT_TBLATGT_TBLBTBLC)_TBLD.TgtSuccessRows" DESCRIPTION="Rows successfully loaded" USERDEFINED="NO" DATATYPE="integer" DEFAULTVALUE="" ISPERSISTENT="NO" ISNULL="NO"/><WORKFLOWVARIABLE NAME="$s_m_JNR_TGT_TGT_TGT_TBLATGT_TBLBTBLC)_TBLD.TgtFailedRows" DESCRIPTION="Rows failed to load" USERDEFINED="NO" DATATYPE="integer" DEFAULTVALUE="" ISPERSISTENT="NO" ISNULL="NO"/><WORKFLOWVARIABLE NAME="$s_m_JNR_TGT_TGT_TGT_TBLATGT_TBLBTBLC)_TBLD.TotalTransErrors" DESCRIPTION="Total number of transformation errors" USERDEFINED="NO" DATATYPE="integer" DEFAULTVALUE="" ISPERSISTENT="NO" ISNULL="NO"/><WORKFLOWVARIABLE NAME="$s_m_JNR_TGT_TGT_TGT_TBLATGT_TBLBTBLC)_TBLD.FirstErrorCode" DESCRIPTION="First error code" USERDEFINED="NO" DATATYPE="integer" DEFAULTVALUE="" ISPERSISTENT="NO" ISNULL="NO"/><WORKFLOWVARIABLE NAME="$s_m_JNR_TGT_TGT_TGT_TBLATGT_TBLBTBLC)_TBLD.FirstErrorMsg" DESCRIPTION="First error message" USERDEFINED="NO" DATATYPE="string" DEFAULTVALUE="" ISPERSISTENT="NO" ISNULL="NO"/></WORKFLOW><SOURCE NAME="TGT_TGT_TGT_TBLATGT_TBLBTBLC)"/><SOURCE NAME="TBLD"><SOURCEFIELD NAME="D.D1" BUSINESSNAME="" DESCRIPTION="" DATATYPE="varchar" KEYTYPE="NOT A KEY" PRECISION="10" SCALE="0" NULLABLE="NULL" USAGE_FLAGS="" LEVEL="0" FIELDTYPE="ELEMITEM" PICTURETEXT="" OCCURS="0" LENGTH="0" PHYSICALOFFSET="" PHYSICALLENGTH="10" FIELDNUMBER="0" FIELDPROPERTY="" HIDDEN="NO"/></SOURCE><TARGET NAME="TGT_TGT_TGT_TGT_TBLATGT_TBLBTBLC)TBLD" OBJECTVERSION="1" DATABASETYPE="DB2" VERSIONNUMBER="1"><TARGETFIELD NAME="dD1" DATATYPE="varchar" KEYTYPE="NOT A KEY" PRECISION="10" SCALE="0" FIELDNUMBER="1" NULLABLE="NULL"/></TARGET><MAPPING NAME="m_JNR_TGT_TGT_TGT_TBLATGT_TBLBTBLC)_TBLD" OBJECTVERSION="1" ISVALID="YES" VERSIONNUMBER="1"><TRANSFORMATION NAME="SQ_TGT_TGT_TGT_TBLATGT_TBLBTBLC)" TYPE="Source Qualifier" OBJECTVERSION="1" REUSABLE="NO" VERSIONNUMBER="1"/><TRANSFORMATION NAME="SQ_TBLD" TYPE="Source Qualifier" OBJECTVERSION="1" REUSABLE="NO" VERSIONNUMBER="1"><TRANSFORMFIELD NAME="D.D1" DATATYPE="varchar" PORTTYPE="INPUT/OUTPUT" PRECISION="10" SCALE="0"/></TRANSFORMATION><TRANSFORMATION NAME="JNR_TGT_TGT_TGT_TBLATGT_TBLBTBLC)_TBLD" TYPE="Joiner" OBJECTVERSION="1" REUSABLE="NO" VERSIONNUMBER="1"><TRANSFORMFIELD NAME="D1" DATATYPE="string" PORTTYPE="INPUT/OUTPUT" PRECISION="10" SCALE="0"/><TABLEATTRIBUTE NAME="Case Sensitive String Comparison" VALUE="YES"/><TABLEATTRIBUTE NAME="Cache Directory" VALUE="$PMCacheDir"/><TABLEATTRIBUTE NAME="Join Condition" VALUE="B.B1 = D.D1"/><TABLEATTRIBUTE NAME="Join Type" VALUE="Master Join"/><TABLEATTRIBUTE NAME="Null ordering in master" VALUE="Null Is Highest Value"/><TABLEATTRIBUTE NAME="Null ordering in detail" VALUE="Null Is Highest Value"/><TABLEATTRIBUTE NAME="Tracing Level" VALUE="Normal"/><TABLEATTRIBUTE NAME="Joiner Data Cache Size" VALUE="Auto"/><TABLEATTRIBUTE NAME="Joiner Index Cache Size" VALUE="Auto"/><TABLEATTRIBUTE NAME="Sorted Input" VALUE="NO"/><TABLEATTRIBUTE NAME="Master Sort Order" VALUE="AUTO"/><TABLEATTRIBUTE NAME="Transformation Scope" VALUE="All Input"/></TRANSFORMATION><INSTANCE NAME="TGT_TGT_TGT_TBLATGT_TBLBTBLC)" TYPE="SOURCE" REUSABLE="" TRANSFORMATION_TYPE="Source Definition" TRANSFORMATION_NAME="TGT_TGT_TGT_TBLATGT_TBLBTBLC)" DBDNAME="DB2"/><INSTANCE NAME="TBLD" TYPE="SOURCE" REUSABLE="" TRANSFORMATION_TYPE="Source Definition" TRANSFORMATION_NAME="TBLD" DBDNAME="DB2"/><INSTANCE NAME="TBLD" TYPE="TARGET" REUSABLE="" TRANSFORMATION_TYPE="Target Definition" TRANSFORMATION_NAME="TBLD"/><INSTANCE NAME="SQ_TGT_TGT_TGT_TBLATGT_TBLBTBLC)" TYPE="SOURCE" REUSABLE="NO" TRANSFORMATION_TYPE="Source Qualifier" TRANSFORMATION_NAME="SQ_TGT_TGT_TGT_TBLATGT_TBLBTBLC)" DBDNAME="DB2"><ASSOCIATED_SOURCE_INSTANCE NAME="TGT_TGT_TGT_TBLATGT_TBLBTBLC)"/></INSTANCE><INSTANCE NAME="SQ_TBLD" TYPE="SOURCE" REUSABLE="NO" TRANSFORMATION_TYPE="Source Qualifier" TRANSFORMATION_NAME="SQ_TBLD" DBDNAME="DB2"><ASSOCIATED_SOURCE_INSTANCE NAME="TBLD"/></INSTANCE><INSTANCE NAME="JNR_TGT_TGT_TGT_TBLATGT_TBLBTBLC)_TBLD" TYPE="TRANSFORMATION" REUSABLE="NO" TRANSFORMATION_TYPE="Joiner" TRANSFORMATION_NAME="JNR_TGT_TGT_TGT_TBLATGT_TBLBTBLC)_TBLD"/><CONNECTOR FROMINSTANCE="TBLD" FROMINSTANCETYPE="Source Definition" FROMFIELD="D.D1" TOINSTANCE="SQ_TBLD" TOINSTANCETYPE="Source Qualifier" TOFIELD="D.D1"/><CONNECTOR FROMINSTANCE="SQ_TBLD" FROMINSTANCETYPE="Source Qualifier" FROMFIELD="D.D1" TOINSTANCE="JNR_TBLD_TBLD" TOINSTANCETYPE="Joiner" TOFIELD="D1"/><CONNECTOR FROMINSTANCE="JNR_TGT_TGT_TGT_TBLATGT_TBLBTBLC)_TBLD" FROMINSTANCETYPE="Joiner" FROMFIELD="D.D1" TOINSTANCE="TGT_TGT_TGT_TGT_TBLATGT_TBLBTBLC)TBLD" TOINSTANCETYPE="Target Definition" TOFIELD="D1"/><TARGETLOADORDER TARGETINSTANCE="TGT_TGT_TGT_TGT_TBLATGT_TBLBTBLC)TBLD" ORDER="1"/></MAPPING></FOLDER></REPOSITORY></POWERMART>