<?xml version="1.0" encoding="ISO-8859-1" standalone="yes"?>
<!DOCTYPE POWERMART SYSTEM "powrmart.dtd">
<POWERMART CREATION_DATE="" REPOSITORY_VERSION="">
    <REPOSITORY NAME="XDIPCRS" DATABASETYPE="DB2" CODEPAGE="Latin1" VERSION="184">
        <FOLDER NAME="XDW991593" DESCRIPTION="Everis : Antonio Jesus, Group for Global Corporate Teaser Tool(GCT), Developer, antonio.jesus.munoz.lapaz@zurich.com" SHARED="NOTSHARED" OWNER="w991593" GROUP="" PERMISSIONS="rwx---r--" UUID="55cd59eb-588d-4840-8dee-97c3257a4945">
            <CONFIG NAME="default_session_config" DESCRIPTION="Default session configuration object" ISDEFAULT="YES" VERSIONNUMBER="1">
                <ATTRIBUTE NAME="Advanced" VALUE=""/>
                <ATTRIBUTE NAME="Constraint based load ordering" VALUE="NO"/>
                <ATTRIBUTE NAME="Cache LOOKUP() function" VALUE="YES"/>
                <ATTRIBUTE NAME="Default buffer block size" VALUE="Auto"/>
                <ATTRIBUTE NAME="Line Sequential buffer length" VALUE="1024"/>
                <ATTRIBUTE NAME="Maximum Memory Allowed For Auto Memory Attributes" VALUE="512MB"/>
                <ATTRIBUTE NAME="Maximum Percentage of Total Memory Allowed For Auto Memory Attributes" VALUE="5"/>
                <ATTRIBUTE NAME="Additional Concurrent Pipelines for Lookup Cache Creation" VALUE="Auto"/>
                <ATTRIBUTE NAME="Custom Properties" VALUE=""/>
                <ATTRIBUTE NAME="Pre-build lookup cache" VALUE="Auto"/>
                <ATTRIBUTE NAME="Optimization Level" VALUE="Medium"/>
                <ATTRIBUTE NAME="DateTime Format String" VALUE="MM/DD/YYYY HH24:MI:SS.US"/>
                <ATTRIBUTE NAME="Pre 85 Timestamp Compatibility" VALUE="NO"/>
                <ATTRIBUTE NAME="Log Options" VALUE="0"/>
                <ATTRIBUTE NAME="Save session log by" VALUE="Session runs"/>
                <ATTRIBUTE NAME="Save session log for these runs" VALUE="0"/>
                <ATTRIBUTE NAME="Session Log File Max Size" VALUE="0"/>
                <ATTRIBUTE NAME="Session Log File Max Time Period" VALUE="0"/>
                <ATTRIBUTE NAME="Maximum Partial Session Log Files" VALUE="1"/>
                <ATTRIBUTE NAME="Writer Commit Statistics Log Frequency" VALUE="1"/>
                <ATTRIBUTE NAME="Writer Commit Statistics Log Interval" VALUE="0"/>
                <ATTRIBUTE NAME="Error handling" VALUE=""/>
                <ATTRIBUTE NAME="Stop on errors" VALUE="0"/>
                <ATTRIBUTE NAME="Override tracing" VALUE="None"/>
                <ATTRIBUTE NAME="On Stored Procedure error" VALUE="Stop"/>
                <ATTRIBUTE NAME="On Pre-session command task error" VALUE="Stop"/>
                <ATTRIBUTE NAME="On Pre-Post SQL error" VALUE="Stop"/>
                <ATTRIBUTE NAME="Enable Recovery" VALUE="NO"/>
                <ATTRIBUTE NAME="Error Log Type" VALUE="None"/>
                <ATTRIBUTE NAME="Error Log Table Name Prefix" VALUE=""/>
                <ATTRIBUTE NAME="Error Log File Name" VALUE="PMError.log"/>
                <ATTRIBUTE NAME="Log Source Row Data" VALUE="NO"/>
                <ATTRIBUTE NAME="Data Column Delimiter" VALUE="|"/>
                <ATTRIBUTE NAME="Partitioning Options" VALUE=""/>
                <ATTRIBUTE NAME="Dynamic Partitioning" VALUE="Disabled"/>
                <ATTRIBUTE NAME="Number of Partitions" VALUE="1"/>
                <ATTRIBUTE NAME="Multiplication Factor" VALUE="Auto"/>
                <ATTRIBUTE NAME="Session on Grid" VALUE=""/>
                <ATTRIBUTE NAME="Is Enabled" VALUE="NO"/>
            </CONFIG>
            <WORKFLOW NAME="wf_JNR_TGT_TABLEA_TABLEB" DESCRIPTION="Workflow generated from SQL" SERVERNAME="dipcis01" SERVER_DOMAINNAME="dinfadm01" SCHEDULERNAME="Scheduler" REUSABLE_SCHEDULER="NO" ISENABLED="YES" SUSPEND_ON_ERROR="NO" TASKS_MUST_RUN_ON_SERVER="NO" VERSIONNUMBER="1" ISSERVICE="YES" ISRUNNABLESERVICE="NO">
                <SCHEDULER NAME="Scheduler" REUSABLE="NO" VERSIONNUMBER="1"/>
                <TASK NAME="START" TYPE="Start" REUSABLE="NO" VERSIONNUMBER="1"/>
                <SESSION NAME="s_m_JNR_TGT_TABLEA_TABLEB" DESCRIPTION="Session of wf_JNR_TGT_TABLEA_TABLEB" REUSABLE="YES" ISVALID="m_JNR_TGT_TABLEA_TABLEB" MAPPINGNAME="Binary" SORTORDER="1" VERSIONNUMBER="NO">
                    <CONFIGREFERENCE REFOBJECTNAME="default_session_config" TYPE="Session config">
                        <ATTRIBUTE NAME="Stop on errors" VALUE="$PMSessionErrorThreshold"/>
                    </CONFIGREFERENCE>
                </SESSION>
                <TASKINSTANCE NAME="Start" DESCRIPTION="" TASKTYPE="Start" TASKNAME="Start" ISENABLED="YES" REUSABLE="NO" TREAT_INPUTLINK_AS_AND="" FAIL_PARENT_IF_INSTANCE_FAILS="" FAIL_PARENT_IF_INSTANCE_DID_NOT_RUN="" SERVER_OVERRIDE=""/>
                <TASKINSTANCE NAME="s_m_JNR_TGT_TABLEA_TABLEB" DESCRIPTION="" TASKTYPE="" TASKNAME="Session" ISENABLED="s_m_JNR_TGT_TABLEA_TABLEB" REUSABLE="YES" TREAT_INPUTLINK_AS_AND="NO" FAIL_PARENT_IF_INSTANCE_FAILS="YES" FAIL_PARENT_IF_INSTANCE_DID_NOT_RUN="YES" SERVER_OVERRIDE="NO"/>
                <WORKFLOWLINK FROMTASK="Start" TOTASK="s_m_JNR_TGT_TABLEA_TABLEB"/>
                <WORKFLOWVARIABLE NAME="$Start.StartTime" DESCRIPTION="The time this task started" USERDEFINED="NO" DATATYPE="date/time" DEFAULTVALUE="" ISPERSISTENT="NO" ISNULL="NO"/>
                <WORKFLOWVARIABLE NAME="$Start.EndTime" DESCRIPTION="The time this task completed" USERDEFINED="NO" DATATYPE="date/time" DEFAULTVALUE="" ISPERSISTENT="NO" ISNULL="NO"/>
                <WORKFLOWVARIABLE NAME="$Start.Status" DESCRIPTION="Status of this task&amp;apos;s execution" USERDEFINED="NO" DATATYPE="integer" DEFAULTVALUE="" ISPERSISTENT="NO" ISNULL="NO"/>
                <WORKFLOWVARIABLE NAME="$Start.PrevTaskStatus" DESCRIPTION="Status of the previous task that is not disabled" USERDEFINED="NO" DATATYPE="integer" DEFAULTVALUE="" ISPERSISTENT="NO" ISNULL="NO"/>
                <WORKFLOWVARIABLE NAME="$Start.ErrorCode" DESCRIPTION="Error code for this task&amp;apos;s execution" USERDEFINED="NO" DATATYPE="integer" DEFAULTVALUE="" ISPERSISTENT="NO" ISNULL="NO"/>
                <WORKFLOWVARIABLE NAME="$Start.ErrorMsg" DESCRIPTION="Error message for this task&amp;apos;s execution" USERDEFINED="NO" DATATYPE="string" DEFAULTVALUE="" ISPERSISTENT="NO" ISNULL="NO"/>
                <WORKFLOWVARIABLE NAME="$s_m_JNR_TGT_TABLEA_TABLEB.StartTime" DESCRIPTION="The time this task started" USERDEFINED="NO" DATATYPE="date/time" DEFAULTVALUE="" ISPERSISTENT="NO" ISNULL="NO"/>
                <WORKFLOWVARIABLE NAME="$s_m_JNR_TGT_TABLEA_TABLEB.EndTime" DESCRIPTION="The time this task completed" USERDEFINED="NO" DATATYPE="date/time" DEFAULTVALUE="" ISPERSISTENT="NO" ISNULL="NO"/>
                <WORKFLOWVARIABLE NAME="$s_m_JNR_TGT_TABLEA_TABLEB.Status" DESCRIPTION="Status of this task&amp;apos;s execution" USERDEFINED="NO" DATATYPE="integer" DEFAULTVALUE="" ISPERSISTENT="NO" ISNULL="NO"/>
                <WORKFLOWVARIABLE NAME="$s_m_JNR_TGT_TABLEA_TABLEB.prevTaskStatus" DESCRIPTION="Status of the previous task that is not disabled" USERDEFINED="NO" DATATYPE="integer" DEFAULTVALUE="" ISPERSISTENT="NO" ISNULL="NO"/>
                <WORKFLOWVARIABLE NAME="$s_m_JNR_TGT_TABLEA_TABLEB.ErrorCode" DESCRIPTION="Error code for this task&amp;apos;s execution" USERDEFINED="NO" DATATYPE="integer" DEFAULTVALUE="" ISPERSISTENT="NO" ISNULL="NO"/>
                <WORKFLOWVARIABLE NAME="$s_m_JNR_TGT_TABLEA_TABLEB.ErrorMsg" DESCRIPTION="Error message for this task&amp;apos;s execution" USERDEFINED="NO" DATATYPE="string" DEFAULTVALUE="" ISPERSISTENT="NO" ISNULL="NO"/>
                <WORKFLOWVARIABLE NAME="$s_m_JNR_TGT_TABLEA_TABLEB.SrcSuccessRows" DESCRIPTION="Rows successfully read" USERDEFINED="NO" DATATYPE="integer" DEFAULTVALUE="" ISPERSISTENT="NO" ISNULL="NO"/>
                <WORKFLOWVARIABLE NAME="$s_m_JNR_TGT_TABLEA_TABLEB.SrcFailedRows" DESCRIPTION="Rows failed to read" USERDEFINED="NO" DATATYPE="integer" DEFAULTVALUE="" ISPERSISTENT="NO" ISNULL="NO"/>
                <WORKFLOWVARIABLE NAME="$s_m_JNR_TGT_TABLEA_TABLEB.TgtSuccessRows" DESCRIPTION="Rows successfully loaded" USERDEFINED="NO" DATATYPE="integer" DEFAULTVALUE="" ISPERSISTENT="NO" ISNULL="NO"/>
                <WORKFLOWVARIABLE NAME="$s_m_JNR_TGT_TABLEA_TABLEB.TgtFailedRows" DESCRIPTION="Rows failed to load" USERDEFINED="NO" DATATYPE="integer" DEFAULTVALUE="" ISPERSISTENT="NO" ISNULL="NO"/>
                <WORKFLOWVARIABLE NAME="$s_m_JNR_TGT_TABLEA_TABLEB.TotalTransErrors" DESCRIPTION="Total number of transformation errors" USERDEFINED="NO" DATATYPE="integer" DEFAULTVALUE="" ISPERSISTENT="NO" ISNULL="NO"/>
                <WORKFLOWVARIABLE NAME="$s_m_JNR_TGT_TABLEA_TABLEB.FirstErrorCode" DESCRIPTION="First error code" USERDEFINED="NO" DATATYPE="integer" DEFAULTVALUE="" ISPERSISTENT="NO" ISNULL="NO"/>
                <WORKFLOWVARIABLE NAME="$s_m_JNR_TGT_TABLEA_TABLEB.FirstErrorMsg" DESCRIPTION="First error message" USERDEFINED="NO" DATATYPE="string" DEFAULTVALUE="" ISPERSISTENT="NO" ISNULL="NO"/>
            </WORKFLOW>
            <SOURCE NAME="TGT_TABLEA">
                <SOURCEFIELD NAME="ACAMPOA" BUSINESSNAME="" DESCRIPTION="" DATATYPE="varchar" KEYTYPE="NOT A KEY" PRECISION="0" SCALE="0" NULLABLE="NULL" USAGE_FLAGS="" LEVEL="0" FIELDTYPE="ELEMITEM" PICTURETEXT="" OCCURS="0" LENGTH="0" PHYSICALOFFSET="" PHYSICALLENGTH="10" FIELDNUMBER="0" FIELDPROPERTY="" HIDDEN="NO"/>
                <SOURCEFIELD NAME="ACAMPOB" BUSINESSNAME="" DESCRIPTION="" DATATYPE="varchar" KEYTYPE="NOT A KEY" PRECISION="0" SCALE="0" NULLABLE="NULL" USAGE_FLAGS="" LEVEL="0" FIELDTYPE="ELEMITEM" PICTURETEXT="" OCCURS="0" LENGTH="0" PHYSICALOFFSET="" PHYSICALLENGTH="10" FIELDNUMBER="0" FIELDPROPERTY="" HIDDEN="NO"/>
                <SOURCEFIELD NAME="ACAMPOC" BUSINESSNAME="" DESCRIPTION="" DATATYPE="varchar" KEYTYPE="NOT A KEY" PRECISION="0" SCALE="0" NULLABLE="NULL" USAGE_FLAGS="" LEVEL="0" FIELDTYPE="ELEMITEM" PICTURETEXT="" OCCURS="0" LENGTH="0" PHYSICALOFFSET="" PHYSICALLENGTH="10" FIELDNUMBER="0" FIELDPROPERTY="" HIDDEN="NO"/>
                <SOURCEFIELD NAME="ACAMPOC &gt; 1;" BUSINESSNAME="" DESCRIPTION="" DATATYPE="varchar" KEYTYPE="NOT A KEY" PRECISION="0" SCALE="0" NULLABLE="NULL" USAGE_FLAGS="" LEVEL="0" FIELDTYPE="ELEMITEM" PICTURETEXT="" OCCURS="0" LENGTH="0" PHYSICALOFFSET="" PHYSICALLENGTH="10" FIELDNUMBER="0" FIELDPROPERTY="" HIDDEN="NO"/>
            </SOURCE>
            <SOURCE NAME="TABLEB">
                <SOURCEFIELD NAME="B.BCAMPOA" BUSINESSNAME="" DESCRIPTION="" DATATYPE="varchar" KEYTYPE="NOT A KEY" PRECISION="10" SCALE="0" NULLABLE="NULL" USAGE_FLAGS="" LEVEL="0" FIELDTYPE="ELEMITEM" PICTURETEXT="" OCCURS="0" LENGTH="0" PHYSICALOFFSET="" PHYSICALLENGTH="10" FIELDNUMBER="0" FIELDPROPERTY="" HIDDEN="NO"/>
                <SOURCEFIELD NAME="B.BCAMPOB" BUSINESSNAME="" DESCRIPTION="" DATATYPE="varchar" KEYTYPE="NOT A KEY" PRECISION="10" SCALE="0" NULLABLE="NULL" USAGE_FLAGS="" LEVEL="0" FIELDTYPE="ELEMITEM" PICTURETEXT="" OCCURS="0" LENGTH="10" PHYSICALOFFSET="" PHYSICALLENGTH="10" FIELDNUMBER="1" FIELDPROPERTY="" HIDDEN="NO"/>
                <SOURCEFIELD NAME="B.BCAMPOC" BUSINESSNAME="" DESCRIPTION="" DATATYPE="varchar" KEYTYPE="NOT A KEY" PRECISION="10" SCALE="0" NULLABLE="NULL" USAGE_FLAGS="" LEVEL="0" FIELDTYPE="ELEMITEM" PICTURETEXT="" OCCURS="0" LENGTH="20" PHYSICALOFFSET="" PHYSICALLENGTH="10" FIELDNUMBER="2" FIELDPROPERTY="" HIDDEN="NO"/>
            </SOURCE>
            <TARGET NAME="TGT_TGT_TABLEATABLEB" OBJECTVERSION="1" DATABASETYPE="DB2" VERSIONNUMBER="1">
                <TARGETFIELD NAME="ACAMPOA" DATATYPE="varchar" KEYTYPE="NOT A KEY" PRECISION="10" SCALE="0" FIELDNUMBER="1" NULLABLE="NULL"/>
                <TARGETFIELD NAME="ACAMPOB" DATATYPE="varchar" KEYTYPE="NOT A KEY" PRECISION="10" SCALE="0" FIELDNUMBER="2" NULLABLE="NULL"/>
                <TARGETFIELD NAME="ACAMPOC" DATATYPE="varchar" KEYTYPE="NOT A KEY" PRECISION="10" SCALE="0" FIELDNUMBER="3" NULLABLE="NULL"/>
                <TARGETFIELD NAME="BCAMPOA" DATATYPE="varchar" KEYTYPE="NOT A KEY" PRECISION="10" SCALE="0" FIELDNUMBER="4" NULLABLE="NULL"/>
                <TARGETFIELD NAME="BCAMPOB" DATATYPE="varchar" KEYTYPE="NOT A KEY" PRECISION="10" SCALE="0" FIELDNUMBER="5" NULLABLE="NULL"/>
                <TARGETFIELD NAME="BCAMPOC" DATATYPE="varchar" KEYTYPE="NOT A KEY" PRECISION="10" SCALE="0" FIELDNUMBER="6" NULLABLE="NULL"/>
                <TARGETFIELD NAME="ACAMPOC &gt; 1;" DATATYPE="varchar" KEYTYPE="NOT A KEY" PRECISION="10" SCALE="0" FIELDNUMBER="7" NULLABLE="NULL"/>
            </TARGET>
            <MAPPING NAME="m_JNR_TGT_TABLEA_TABLEB" OBJECTVERSION="1" ISVALID="YES" VERSIONNUMBER="1">
                <TRANSFORMATION NAME="SQ_TGT_TABLEA" TYPE="Source Qualifier" OBJECTVERSION="1" REUSABLE="NO" VERSIONNUMBER="1">
                    <TRANSFORMFIELD NAME="ACAMPOA" DATATYPE="varchar" PORTTYPE="INPUT/OUTPUT" PRECISION="0" SCALE="0"/>
                    <TRANSFORMFIELD NAME="ACAMPOB" DATATYPE="varchar" PORTTYPE="INPUT/OUTPUT" PRECISION="0" SCALE="0"/>
                    <TRANSFORMFIELD NAME="ACAMPOC" DATATYPE="varchar" PORTTYPE="INPUT/OUTPUT" PRECISION="0" SCALE="0"/>
                    <TRANSFORMFIELD NAME="ACAMPOC &gt; 1;" DATATYPE="varchar" PORTTYPE="INPUT/OUTPUT" PRECISION="0" SCALE="0"/>
                </TRANSFORMATION>
                <TRANSFORMATION NAME="SQ_TABLEB" TYPE="Source Qualifier" OBJECTVERSION="1" REUSABLE="NO" VERSIONNUMBER="1">
                    <TRANSFORMFIELD NAME="B.BCAMPOA" DATATYPE="varchar" PORTTYPE="INPUT/OUTPUT" PRECISION="10" SCALE="0"/>
                    <TRANSFORMFIELD NAME="B.BCAMPOB" DATATYPE="varchar" PORTTYPE="INPUT/OUTPUT" PRECISION="10" SCALE="0"/>
                    <TRANSFORMFIELD NAME="B.BCAMPOC" DATATYPE="varchar" PORTTYPE="INPUT/OUTPUT" PRECISION="10" SCALE="0"/>
                </TRANSFORMATION>
                <TRANSFORMATION NAME="JNR_TGT_TABLEA_TABLEB" TYPE="Joiner" OBJECTVERSION="1" REUSABLE="NO" VERSIONNUMBER="1">
                    <TRANSFORMFIELD NAME="ACAMPOA" DATATYPE="string" PORTTYPE="INPUT/OUTPUT/MASTER" PRECISION="10" SCALE="0"/>
                    <TRANSFORMFIELD NAME="ACAMPOB" DATATYPE="string" PORTTYPE="INPUT/OUTPUT/MASTER" PRECISION="10" SCALE="0"/>
                    <TRANSFORMFIELD NAME="ACAMPOC" DATATYPE="string" PORTTYPE="INPUT/OUTPUT/MASTER" PRECISION="10" SCALE="0"/>
                    <TRANSFORMFIELD NAME="BCAMPOA" DATATYPE="string" PORTTYPE="INPUT/OUTPUT" PRECISION="10" SCALE="0"/>
                    <TRANSFORMFIELD NAME="BCAMPOB" DATATYPE="string" PORTTYPE="INPUT/OUTPUT" PRECISION="10" SCALE="0"/>
                    <TRANSFORMFIELD NAME="BCAMPOC" DATATYPE="string" PORTTYPE="INPUT/OUTPUT" PRECISION="10" SCALE="0"/>
                    <TRANSFORMFIELD NAME="ACAMPOC &gt; 1;" DATATYPE="string" PORTTYPE="INPUT/OUTPUT/MASTER" PRECISION="10" SCALE="0"/>
                    <TABLEATTRIBUTE NAME="Case Sensitive String Comparison" VALUE="YES"/>
                    <TABLEATTRIBUTE NAME="Cache Directory" VALUE="$PMCacheDir"/>
                    <TABLEATTRIBUTE NAME="Join Condition" VALUE="A.ACAMPOC = B.BCAMPOC  AND  A.ACAMPOC &gt; 1;"/>
                    <TABLEATTRIBUTE NAME="Join Type" VALUE="Master Join"/>
                    <TABLEATTRIBUTE NAME="Null ordering in master" VALUE="Null Is Highest Value"/>
                    <TABLEATTRIBUTE NAME="Null ordering in detail" VALUE="Null Is Highest Value"/>
                    <TABLEATTRIBUTE NAME="Tracing Level" VALUE="Normal"/>
                    <TABLEATTRIBUTE NAME="Joiner Data Cache Size" VALUE="Auto"/>
                    <TABLEATTRIBUTE NAME="Joiner Index Cache Size" VALUE="Auto"/>
                    <TABLEATTRIBUTE NAME="Sorted Input" VALUE="NO"/>
                    <TABLEATTRIBUTE NAME="Master Sort Order" VALUE="AUTO"/>
                    <TABLEATTRIBUTE NAME="Transformation Scope" VALUE="All Input"/>
                </TRANSFORMATION>
                <INSTANCE NAME="TGT_TABLEA" TYPE="SOURCE" REUSABLE="" TRANSFORMATION_TYPE="Source Definition" TRANSFORMATION_NAME="TGT_TABLEA" DBDNAME="DB2"/>
                <INSTANCE NAME="TABLEB" TYPE="SOURCE" REUSABLE="" TRANSFORMATION_TYPE="Source Definition" TRANSFORMATION_NAME="TABLEB" DBDNAME="DB2"/>
                <INSTANCE NAME="TABLEB" TYPE="TARGET" REUSABLE="" TRANSFORMATION_TYPE="Target Definition" TRANSFORMATION_NAME="TABLEB"/>
                <INSTANCE NAME="SQ_TGT_TABLEA" TYPE="SOURCE" REUSABLE="NO" TRANSFORMATION_TYPE="Source Qualifier" TRANSFORMATION_NAME="SQ_TGT_TABLEA" DBDNAME="DB2">
                    <ASSOCIATED_SOURCE_INSTANCE NAME="TGT_TABLEA"/>
                </INSTANCE>
                <INSTANCE NAME="SQ_TABLEB" TYPE="SOURCE" REUSABLE="NO" TRANSFORMATION_TYPE="Source Qualifier" TRANSFORMATION_NAME="SQ_TABLEB" DBDNAME="DB2">
                    <ASSOCIATED_SOURCE_INSTANCE NAME="TABLEB"/>
                </INSTANCE>
                <INSTANCE NAME="JNR_TGT_TABLEA_TABLEB" TYPE="TRANSFORMATION" REUSABLE="NO" TRANSFORMATION_TYPE="Joiner" TRANSFORMATION_NAME="JNR_TGT_TABLEA_TABLEB"/>
                <CONNECTOR FROMINSTANCE="TGT_TABLEA" FROMINSTANCETYPE="Source Definition" FROMFIELD="ACAMPOA" TOINSTANCE="SQ_TGT_TABLEA" TOINSTANCETYPE="Source Qualifier" TOFIELD="ACAMPOA"/>
                <CONNECTOR FROMINSTANCE="SQ_TGT_TABLEA" FROMINSTANCETYPE="Source Qualifier" FROMFIELD="ACAMPOA" TOINSTANCE="JNR_TGT_TABLEA_TABLEB" TOINSTANCETYPE="Joiner" TOFIELD="ACAMPOA"/>
                <CONNECTOR FROMINSTANCE="JNR_TGT_TABLEA_TABLEB" FROMINSTANCETYPE="Joiner" FROMFIELD="ACAMPOA" TOINSTANCE="TGT_TGT_TABLEATABLEB" TOINSTANCETYPE="Target Definition" TOFIELD="ACAMPOA"/>
                <CONNECTOR FROMINSTANCE="TGT_TABLEA" FROMINSTANCETYPE="Source Definition" FROMFIELD="ACAMPOB" TOINSTANCE="SQ_TGT_TABLEA" TOINSTANCETYPE="Source Qualifier" TOFIELD="ACAMPOB"/>
                <CONNECTOR FROMINSTANCE="SQ_TGT_TABLEA" FROMINSTANCETYPE="Source Qualifier" FROMFIELD="ACAMPOB" TOINSTANCE="JNR_TGT_TABLEA_TABLEB" TOINSTANCETYPE="Joiner" TOFIELD="ACAMPOB"/>
                <CONNECTOR FROMINSTANCE="JNR_TGT_TABLEA_TABLEB" FROMINSTANCETYPE="Joiner" FROMFIELD="ACAMPOB" TOINSTANCE="TGT_TGT_TABLEATABLEB" TOINSTANCETYPE="Target Definition" TOFIELD="ACAMPOB"/>
                <CONNECTOR FROMINSTANCE="TGT_TABLEA" FROMINSTANCETYPE="Source Definition" FROMFIELD="ACAMPOC" TOINSTANCE="SQ_TGT_TABLEA" TOINSTANCETYPE="Source Qualifier" TOFIELD="ACAMPOC"/>
                <CONNECTOR FROMINSTANCE="SQ_TGT_TABLEA" FROMINSTANCETYPE="Source Qualifier" FROMFIELD="ACAMPOC" TOINSTANCE="JNR_TGT_TABLEA_TABLEB" TOINSTANCETYPE="Joiner" TOFIELD="ACAMPOC"/>
                <CONNECTOR FROMINSTANCE="JNR_TGT_TABLEA_TABLEB" FROMINSTANCETYPE="Joiner" FROMFIELD="ACAMPOC" TOINSTANCE="TGT_TGT_TABLEATABLEB" TOINSTANCETYPE="Target Definition" TOFIELD="ACAMPOC"/>
                <CONNECTOR FROMINSTANCE="TGT_TABLEA" FROMINSTANCETYPE="Source Definition" FROMFIELD="ACAMPOC &gt; 1;" TOINSTANCE="SQ_TGT_TABLEA" TOINSTANCETYPE="Source Qualifier" TOFIELD="ACAMPOC &gt; 1;"/>
                <CONNECTOR FROMINSTANCE="SQ_TGT_TABLEA" FROMINSTANCETYPE="Source Qualifier" FROMFIELD="ACAMPOC &gt; 1;" TOINSTANCE="JNR_TGT_TABLEA_TABLEB" TOINSTANCETYPE="Joiner" TOFIELD="ACAMPOC &gt; 1;"/>
                <CONNECTOR FROMINSTANCE="JNR_TGT_TABLEA_TABLEB" FROMINSTANCETYPE="Joiner" FROMFIELD="ACAMPOC &gt; 1;" TOINSTANCE="TGT_TGT_TABLEATABLEB" TOINSTANCETYPE="Target Definition" TOFIELD="ACAMPOC &gt; 1;"/>
                <CONNECTOR FROMINSTANCE="TABLEB" FROMINSTANCETYPE="Source Definition" FROMFIELD="B.BCAMPOA" TOINSTANCE="SQ_TABLEB" TOINSTANCETYPE="Source Qualifier" TOFIELD="B.BCAMPOA"/>
                <CONNECTOR FROMINSTANCE="SQ_TABLEB" FROMINSTANCETYPE="Source Qualifier" FROMFIELD="B.BCAMPOA" TOINSTANCE="JNR_TABLEB_TABLEB" TOINSTANCETYPE="Joiner" TOFIELD="BCAMPOA"/>
                <CONNECTOR FROMINSTANCE="JNR_TGT_TABLEA_TABLEB" FROMINSTANCETYPE="Joiner" FROMFIELD="B.BCAMPOA" TOINSTANCE="TGT_TGT_TABLEATABLEB" TOINSTANCETYPE="Target Definition" TOFIELD="BCAMPOA"/>
                <CONNECTOR FROMINSTANCE="TABLEB" FROMINSTANCETYPE="Source Definition" FROMFIELD="B.BCAMPOB" TOINSTANCE="SQ_TABLEB" TOINSTANCETYPE="Source Qualifier" TOFIELD="B.BCAMPOB"/>
                <CONNECTOR FROMINSTANCE="SQ_TABLEB" FROMINSTANCETYPE="Source Qualifier" FROMFIELD="B.BCAMPOB" TOINSTANCE="JNR_TABLEB_TABLEB" TOINSTANCETYPE="Joiner" TOFIELD="BCAMPOB"/>
                <CONNECTOR FROMINSTANCE="JNR_TGT_TABLEA_TABLEB" FROMINSTANCETYPE="Joiner" FROMFIELD="B.BCAMPOB" TOINSTANCE="TGT_TGT_TABLEATABLEB" TOINSTANCETYPE="Target Definition" TOFIELD="BCAMPOB"/>
                <CONNECTOR FROMINSTANCE="TABLEB" FROMINSTANCETYPE="Source Definition" FROMFIELD="B.BCAMPOC" TOINSTANCE="SQ_TABLEB" TOINSTANCETYPE="Source Qualifier" TOFIELD="B.BCAMPOC"/>
                <CONNECTOR FROMINSTANCE="SQ_TABLEB" FROMINSTANCETYPE="Source Qualifier" FROMFIELD="B.BCAMPOC" TOINSTANCE="JNR_TABLEB_TABLEB" TOINSTANCETYPE="Joiner" TOFIELD="BCAMPOC"/>
                <CONNECTOR FROMINSTANCE="JNR_TGT_TABLEA_TABLEB" FROMINSTANCETYPE="Joiner" FROMFIELD="B.BCAMPOC" TOINSTANCE="TGT_TGT_TABLEATABLEB" TOINSTANCETYPE="Target Definition" TOFIELD="BCAMPOC"/>
                <TARGETLOADORDER TARGETINSTANCE="TGT_TGT_TABLEATABLEB" ORDER="1"/>
            </MAPPING>
        </FOLDER>
    </REPOSITORY>
</POWERMART>
