<?xml version="1.0" encoding="ISO-8859-1" standalone="yes"?><!DOCTYPE POWERMART SYSTEM "powrmart.dtd">
<POWERMART CREATION_DATE="" REPOSITORY_VERSION=""><REPOSITORY NAME="XDIPCRS" DATABASETYPE="DB2" CODEPAGE="Latin1" VERSION="184"><FOLDER NAME="XDW991593" DESCRIPTION="Everis : Antonio Jesus, Group for Global Corporate Teaser Tool(GCT), Developer, antonio.jesus.munoz.lapaz@zurich.com" SHARED="NOTSHARED" OWNER="w991593" GROUP="" PERMISSIONS="rwx---r--" UUID="55cd59eb-588d-4840-8dee-97c3257a4945"><CONFIG NAME="default_session_config" DESCRIPTION="Default session configuration object" ISDEFAULT="YES" VERSIONNUMBER="1"><ATTRIBUTE NAME="Advanced" VALUE=""/><ATTRIBUTE NAME="Constraint based load ordering" VALUE="NO"/><ATTRIBUTE NAME="Cache LOOKUP() function" VALUE="YES"/><ATTRIBUTE NAME="Default buffer block size" VALUE="Auto"/><ATTRIBUTE NAME="Line Sequential buffer length" VALUE="1024"/><ATTRIBUTE NAME="Maximum Memory Allowed For Auto Memory Attributes" VALUE="512MB"/><ATTRIBUTE NAME="Maximum Percentage of Total Memory Allowed For Auto Memory Attributes" VALUE="5"/><ATTRIBUTE NAME="Additional Concurrent Pipelines for Lookup Cache Creation" VALUE="Auto"/><ATTRIBUTE NAME="Custom Properties" VALUE=""/><ATTRIBUTE NAME="Pre-build lookup cache" VALUE="Auto"/><ATTRIBUTE NAME="Optimization Level" VALUE="Medium"/><ATTRIBUTE NAME="DateTime Format String" VALUE="MM/DD/YYYY HH24:MI:SS.US"/><ATTRIBUTE NAME="Pre 85 Timestamp Compatibility" VALUE="NO"/><ATTRIBUTE NAME="Log Options" VALUE="0"/><ATTRIBUTE NAME="Save session log by" VALUE="Session runs"/><ATTRIBUTE NAME="Save session log for these runs" VALUE="0"/><ATTRIBUTE NAME="Session Log File Max Size" VALUE="0"/><ATTRIBUTE NAME="Session Log File Max Time Period" VALUE="0"/><ATTRIBUTE NAME="Maximum Partial Session Log Files" VALUE="1"/><ATTRIBUTE NAME="Writer Commit Statistics Log Frequency" VALUE="1"/><ATTRIBUTE NAME="Writer Commit Statistics Log Interval" VALUE="0"/><ATTRIBUTE NAME="Error handling" VALUE=""/><ATTRIBUTE NAME="Stop on errors" VALUE="0"/><ATTRIBUTE NAME="Override tracing" VALUE="None"/><ATTRIBUTE NAME="On Stored Procedure error" VALUE="Stop"/><ATTRIBUTE NAME="On Pre-session command task error" VALUE="Stop"/><ATTRIBUTE NAME="On Pre-Post SQL error" VALUE="Stop"/><ATTRIBUTE NAME="Enable Recovery" VALUE="NO"/><ATTRIBUTE NAME="Error Log Type" VALUE="None"/><ATTRIBUTE NAME="Error Log Table Name Prefix" VALUE=""/><ATTRIBUTE NAME="Error Log File Name" VALUE="PMError.log"/><ATTRIBUTE NAME="Log Source Row Data" VALUE="NO"/><ATTRIBUTE NAME="Data Column Delimiter" VALUE="|"/><ATTRIBUTE NAME="Partitioning Options" VALUE=""/><ATTRIBUTE NAME="Dynamic Partitioning" VALUE="Disabled"/><ATTRIBUTE NAME="Number of Partitions" VALUE="1"/><ATTRIBUTE NAME="Multiplication Factor" VALUE="Auto"/><ATTRIBUTE NAME="Session on Grid" VALUE=""/><ATTRIBUTE NAME="Is Enabled" VALUE="NO"/></CONFIG><WORKFLOW NAME="wf_JNR_TGT_${DBDWHV}.${V_MS_CLIENTES_NO_MIXTOS}_TGT_TGT_${DBDWHV}.${V_HC_MS_HIST_SEGMENTO_MERCADO}" DESCRIPTION="Workflow generated from SQL" SERVERNAME="dipcis01" SERVER_DOMAINNAME="dinfadm01" SCHEDULERNAME="Scheduler" REUSABLE_SCHEDULER="NO" ISENABLED="YES" SUSPEND_ON_ERROR="NO" TASKS_MUST_RUN_ON_SERVER="NO" VERSIONNUMBER="1" ISSERVICE="YES" ISRUNNABLESERVICE="NO"><SCHEDULER NAME="Scheduler" REUSABLE="NO" VERSIONNUMBER="1"/><TASK NAME="START" TYPE="Start" REUSABLE="NO" VERSIONNUMBER="1"/><SESSION NAME="s_m_JNR_TGT_${DBDWHV}.${V_MS_CLIENTES_NO_MIXTOS}_TGT_TGT_${DBDWHV}.${V_HC_MS_HIST_SEGMENTO_MERCADO}" DESCRIPTION="Session of wf_JNR_TGT_${DBDWHV}.${V_MS_CLIENTES_NO_MIXTOS}_TGT_TGT_${DBDWHV}.${V_HC_MS_HIST_SEGMENTO_MERCADO}" REUSABLE="YES" ISVALID="m_JNR_TGT_${DBDWHV}.${V_MS_CLIENTES_NO_MIXTOS}_TGT_TGT_${DBDWHV}.${V_HC_MS_HIST_SEGMENTO_MERCADO}" MAPPINGNAME="Binary" SORTORDER="1" VERSIONNUMBER="NO"><CONFIGREFERENCE REFOBJECTNAME="default_session_config" TYPE="Session config"><ATTRIBUTE NAME="Stop on errors" VALUE="$PMSessionErrorThreshold"/></CONFIGREFERENCE></SESSION><TASKINSTANCE NAME="Start" DESCRIPTION="" TASKTYPE="Start" TASKNAME="Start" ISENABLED="YES" REUSABLE="NO" TREAT_INPUTLINK_AS_AND="" FAIL_PARENT_IF_INSTANCE_FAILS="" FAIL_PARENT_IF_INSTANCE_DID_NOT_RUN="" SERVER_OVERRIDE=""/><TASKINSTANCE NAME="s_m_JNR_TGT_${DBDWHV}.${V_MS_CLIENTES_NO_MIXTOS}_TGT_TGT_${DBDWHV}.${V_HC_MS_HIST_SEGMENTO_MERCADO}" DESCRIPTION="" TASKTYPE="" TASKNAME="Session" ISENABLED="s_m_JNR_TGT_${DBDWHV}.${V_MS_CLIENTES_NO_MIXTOS}_TGT_TGT_${DBDWHV}.${V_HC_MS_HIST_SEGMENTO_MERCADO}" REUSABLE="YES" TREAT_INPUTLINK_AS_AND="NO" FAIL_PARENT_IF_INSTANCE_FAILS="YES" FAIL_PARENT_IF_INSTANCE_DID_NOT_RUN="YES" SERVER_OVERRIDE="NO"/><WORKFLOWLINK FROMTASK="Start" TOTASK="s_m_JNR_TGT_${DBDWHV}.${V_MS_CLIENTES_NO_MIXTOS}_TGT_TGT_${DBDWHV}.${V_HC_MS_HIST_SEGMENTO_MERCADO}"/><WORKFLOWVARIABLE NAME="$Start.StartTime" DESCRIPTION="The time this task started" USERDEFINED="NO" DATATYPE="date/time" DEFAULTVALUE="" ISPERSISTENT="NO" ISNULL="NO"/><WORKFLOWVARIABLE NAME="$Start.EndTime" DESCRIPTION="The time this task completed" USERDEFINED="NO" DATATYPE="date/time" DEFAULTVALUE="" ISPERSISTENT="NO" ISNULL="NO"/><WORKFLOWVARIABLE NAME="$Start.Status" DESCRIPTION="Status of this task&amp;apos;s execution" USERDEFINED="NO" DATATYPE="integer" DEFAULTVALUE="" ISPERSISTENT="NO" ISNULL="NO"/><WORKFLOWVARIABLE NAME="$Start.PrevTaskStatus" DESCRIPTION="Status of the previous task that is not disabled" USERDEFINED="NO" DATATYPE="integer" DEFAULTVALUE="" ISPERSISTENT="NO" ISNULL="NO"/><WORKFLOWVARIABLE NAME="$Start.ErrorCode" DESCRIPTION="Error code for this task&amp;apos;s execution" USERDEFINED="NO" DATATYPE="integer" DEFAULTVALUE="" ISPERSISTENT="NO" ISNULL="NO"/><WORKFLOWVARIABLE NAME="$Start.ErrorMsg" DESCRIPTION="Error message for this task&amp;apos;s execution" USERDEFINED="NO" DATATYPE="string" DEFAULTVALUE="" ISPERSISTENT="NO" ISNULL="NO"/><WORKFLOWVARIABLE NAME="$s_m_JNR_TGT_${DBDWHV}.${V_MS_CLIENTES_NO_MIXTOS}_TGT_TGT_${DBDWHV}.${V_HC_MS_HIST_SEGMENTO_MERCADO}.StartTime" DESCRIPTION="The time this task started" USERDEFINED="NO" DATATYPE="date/time" DEFAULTVALUE="" ISPERSISTENT="NO" ISNULL="NO"/><WORKFLOWVARIABLE NAME="$s_m_JNR_TGT_${DBDWHV}.${V_MS_CLIENTES_NO_MIXTOS}_TGT_TGT_${DBDWHV}.${V_HC_MS_HIST_SEGMENTO_MERCADO}.EndTime" DESCRIPTION="The time this task completed" USERDEFINED="NO" DATATYPE="date/time" DEFAULTVALUE="" ISPERSISTENT="NO" ISNULL="NO"/><WORKFLOWVARIABLE NAME="$s_m_JNR_TGT_${DBDWHV}.${V_MS_CLIENTES_NO_MIXTOS}_TGT_TGT_${DBDWHV}.${V_HC_MS_HIST_SEGMENTO_MERCADO}.Status" DESCRIPTION="Status of this task&amp;apos;s execution" USERDEFINED="NO" DATATYPE="integer" DEFAULTVALUE="" ISPERSISTENT="NO" ISNULL="NO"/><WORKFLOWVARIABLE NAME="$s_m_JNR_TGT_${DBDWHV}.${V_MS_CLIENTES_NO_MIXTOS}_TGT_TGT_${DBDWHV}.${V_HC_MS_HIST_SEGMENTO_MERCADO}.prevTaskStatus" DESCRIPTION="Status of the previous task that is not disabled" USERDEFINED="NO" DATATYPE="integer" DEFAULTVALUE="" ISPERSISTENT="NO" ISNULL="NO"/><WORKFLOWVARIABLE NAME="$s_m_JNR_TGT_${DBDWHV}.${V_MS_CLIENTES_NO_MIXTOS}_TGT_TGT_${DBDWHV}.${V_HC_MS_HIST_SEGMENTO_MERCADO}.ErrorCode" DESCRIPTION="Error code for this task&amp;apos;s execution" USERDEFINED="NO" DATATYPE="integer" DEFAULTVALUE="" ISPERSISTENT="NO" ISNULL="NO"/><WORKFLOWVARIABLE NAME="$s_m_JNR_TGT_${DBDWHV}.${V_MS_CLIENTES_NO_MIXTOS}_TGT_TGT_${DBDWHV}.${V_HC_MS_HIST_SEGMENTO_MERCADO}.ErrorMsg" DESCRIPTION="Error message for this task&amp;apos;s execution" USERDEFINED="NO" DATATYPE="string" DEFAULTVALUE="" ISPERSISTENT="NO" ISNULL="NO"/><WORKFLOWVARIABLE NAME="$s_m_JNR_TGT_${DBDWHV}.${V_MS_CLIENTES_NO_MIXTOS}_TGT_TGT_${DBDWHV}.${V_HC_MS_HIST_SEGMENTO_MERCADO}.SrcSuccessRows" DESCRIPTION="Rows successfully read" USERDEFINED="NO" DATATYPE="integer" DEFAULTVALUE="" ISPERSISTENT="NO" ISNULL="NO"/><WORKFLOWVARIABLE NAME="$s_m_JNR_TGT_${DBDWHV}.${V_MS_CLIENTES_NO_MIXTOS}_TGT_TGT_${DBDWHV}.${V_HC_MS_HIST_SEGMENTO_MERCADO}.SrcFailedRows" DESCRIPTION="Rows failed to read" USERDEFINED="NO" DATATYPE="integer" DEFAULTVALUE="" ISPERSISTENT="NO" ISNULL="NO"/><WORKFLOWVARIABLE NAME="$s_m_JNR_TGT_${DBDWHV}.${V_MS_CLIENTES_NO_MIXTOS}_TGT_TGT_${DBDWHV}.${V_HC_MS_HIST_SEGMENTO_MERCADO}.TgtSuccessRows" DESCRIPTION="Rows successfully loaded" USERDEFINED="NO" DATATYPE="integer" DEFAULTVALUE="" ISPERSISTENT="NO" ISNULL="NO"/><WORKFLOWVARIABLE NAME="$s_m_JNR_TGT_${DBDWHV}.${V_MS_CLIENTES_NO_MIXTOS}_TGT_TGT_${DBDWHV}.${V_HC_MS_HIST_SEGMENTO_MERCADO}.TgtFailedRows" DESCRIPTION="Rows failed to load" USERDEFINED="NO" DATATYPE="integer" DEFAULTVALUE="" ISPERSISTENT="NO" ISNULL="NO"/><WORKFLOWVARIABLE NAME="$s_m_JNR_TGT_${DBDWHV}.${V_MS_CLIENTES_NO_MIXTOS}_TGT_TGT_${DBDWHV}.${V_HC_MS_HIST_SEGMENTO_MERCADO}.TotalTransErrors" DESCRIPTION="Total number of transformation errors" USERDEFINED="NO" DATATYPE="integer" DEFAULTVALUE="" ISPERSISTENT="NO" ISNULL="NO"/><WORKFLOWVARIABLE NAME="$s_m_JNR_TGT_${DBDWHV}.${V_MS_CLIENTES_NO_MIXTOS}_TGT_TGT_${DBDWHV}.${V_HC_MS_HIST_SEGMENTO_MERCADO}.FirstErrorCode" DESCRIPTION="First error code" USERDEFINED="NO" DATATYPE="integer" DEFAULTVALUE="" ISPERSISTENT="NO" ISNULL="NO"/><WORKFLOWVARIABLE NAME="$s_m_JNR_TGT_${DBDWHV}.${V_MS_CLIENTES_NO_MIXTOS}_TGT_TGT_${DBDWHV}.${V_HC_MS_HIST_SEGMENTO_MERCADO}.FirstErrorMsg" DESCRIPTION="First error message" USERDEFINED="NO" DATATYPE="string" DEFAULTVALUE="" ISPERSISTENT="NO" ISNULL="NO"/></WORKFLOW><SOURCE NAME="TGT_${DBDWHV}.${V_MS_CLIENTES_NO_MIXTOS}"><SOURCEFIELD NAME="MIX.NUM_CLIENTE" BUSINESSNAME="" DESCRIPTION="" DATATYPE="varchar" KEYTYPE="NOT A KEY" PRECISION="0" SCALE="0" NULLABLE="NULL" USAGE_FLAGS="" LEVEL="0" FIELDTYPE="ELEMITEM" PICTURETEXT="" OCCURS="0" LENGTH="0" PHYSICALOFFSET="" PHYSICALLENGTH="10" FIELDNUMBER="0" FIELDPROPERTY="" HIDDEN="NO"/><SOURCEFIELD NAME="MIX.COD_ESTADO_GENERAL" BUSINESSNAME="" DESCRIPTION="" DATATYPE="varchar" KEYTYPE="NOT A KEY" PRECISION="0" SCALE="0" NULLABLE="NULL" USAGE_FLAGS="" LEVEL="0" FIELDTYPE="ELEMITEM" PICTURETEXT="" OCCURS="0" LENGTH="0" PHYSICALOFFSET="" PHYSICALLENGTH="10" FIELDNUMBER="0" FIELDPROPERTY="" HIDDEN="NO"/><SOURCEFIELD NAME="MIX.TIPO_DOCUMENTO_NORM" BUSINESSNAME="" DESCRIPTION="" DATATYPE="varchar" KEYTYPE="NOT A KEY" PRECISION="0" SCALE="0" NULLABLE="NULL" USAGE_FLAGS="" LEVEL="0" FIELDTYPE="ELEMITEM" PICTURETEXT="" OCCURS="0" LENGTH="0" PHYSICALOFFSET="" PHYSICALLENGTH="10" FIELDNUMBER="0" FIELDPROPERTY="" HIDDEN="NO"/><SOURCEFIELD NAME="MIX.CLASE_CLI_COD_CLASE_CLIENTE" BUSINESSNAME="" DESCRIPTION="" DATATYPE="varchar" KEYTYPE="NOT A KEY" PRECISION="0" SCALE="0" NULLABLE="NULL" USAGE_FLAGS="" LEVEL="0" FIELDTYPE="ELEMITEM" PICTURETEXT="" OCCURS="0" LENGTH="0" PHYSICALOFFSET="" PHYSICALLENGTH="10" FIELDNUMBER="0" FIELDPROPERTY="" HIDDEN="NO"/><SOURCEFIELD NAME="MIX.DES_TIPO_CLIENTE" BUSINESSNAME="" DESCRIPTION="" DATATYPE="varchar" KEYTYPE="NOT A KEY" PRECISION="0" SCALE="0" NULLABLE="NULL" USAGE_FLAGS="" LEVEL="0" FIELDTYPE="ELEMITEM" PICTURETEXT="" OCCURS="0" LENGTH="0" PHYSICALOFFSET="" PHYSICALLENGTH="10" FIELDNUMBER="0" FIELDPROPERTY="" HIDDEN="NO"/><SOURCEFIELD NAME="MIX.DES_SUBTIPO_CLIENTE" BUSINESSNAME="" DESCRIPTION="" DATATYPE="varchar" KEYTYPE="NOT A KEY" PRECISION="0" SCALE="0" NULLABLE="NULL" USAGE_FLAGS="" LEVEL="0" FIELDTYPE="ELEMITEM" PICTURETEXT="" OCCURS="0" LENGTH="0" PHYSICALOFFSET="" PHYSICALLENGTH="10" FIELDNUMBER="0" FIELDPROPERTY="" HIDDEN="NO"/><SOURCEFIELD NAME="MIX.CIF_CABECERA" BUSINESSNAME="" DESCRIPTION="" DATATYPE="varchar" KEYTYPE="NOT A KEY" PRECISION="0" SCALE="0" NULLABLE="NULL" USAGE_FLAGS="" LEVEL="0" FIELDTYPE="ELEMITEM" PICTURETEXT="" OCCURS="0" LENGTH="0" PHYSICALOFFSET="" PHYSICALLENGTH="10" FIELDNUMBER="0" FIELDPROPERTY="" HIDDEN="NO"/><SOURCEFIELD NAME="MIX.GRUPO_COMERCIAL" BUSINESSNAME="" DESCRIPTION="" DATATYPE="varchar" KEYTYPE="NOT A KEY" PRECISION="0" SCALE="0" NULLABLE="NULL" USAGE_FLAGS="" LEVEL="0" FIELDTYPE="ELEMITEM" PICTURETEXT="" OCCURS="0" LENGTH="0" PHYSICALOFFSET="" PHYSICALLENGTH="10" FIELDNUMBER="0" FIELDPROPERTY="" HIDDEN="NO"/><SOURCEFIELD NAME="MIX.ANTIG_MESES" BUSINESSNAME="" DESCRIPTION="" DATATYPE="varchar" KEYTYPE="NOT A KEY" PRECISION="0" SCALE="0" NULLABLE="NULL" USAGE_FLAGS="" LEVEL="0" FIELDTYPE="ELEMITEM" PICTURETEXT="" OCCURS="0" LENGTH="0" PHYSICALOFFSET="" PHYSICALLENGTH="10" FIELDNUMBER="0" FIELDPROPERTY="" HIDDEN="NO"/><SOURCEFIELD NAME="MIX.FEC_INSTALACION" BUSINESSNAME="" DESCRIPTION="" DATATYPE="varchar" KEYTYPE="NOT A KEY" PRECISION="0" SCALE="0" NULLABLE="NULL" USAGE_FLAGS="" LEVEL="0" FIELDTYPE="ELEMITEM" PICTURETEXT="" OCCURS="0" LENGTH="0" PHYSICALOFFSET="" PHYSICALLENGTH="10" FIELDNUMBER="0" FIELDPROPERTY="" HIDDEN="NO"/><SOURCEFIELD NAME="CIFNIF" BUSINESSNAME="" DESCRIPTION="" DATATYPE="varchar" KEYTYPE="NOT A KEY" PRECISION="0" SCALE="0" NULLABLE="NULL" USAGE_FLAGS="" LEVEL="0" FIELDTYPE="ELEMITEM" PICTURETEXT="" OCCURS="0" LENGTH="0" PHYSICALOFFSET="" PHYSICALLENGTH="10" FIELDNUMBER="0" FIELDPROPERTY="" HIDDEN="NO"/></SOURCE><SOURCE NAME="TGT_TGT_${DBDWHV}.${V_HC_MS_HIST_SEGMENTO_MERCADO}"/><TARGET NAME="TGT_TGT_${DBDWHV}.${V_MS_CLIENTES_NO_MIXTOS}TGT_TGT_${DBDWHV}.${V_HC_MS_HIST_SEGMENTO_MERCADO}" OBJECTVERSION="1" DATABASETYPE="DB2" VERSIONNUMBER="1"><TARGETFIELD NAME="dMIX.NUM_CLIENTE" DATATYPE="varchar" KEYTYPE="NOT A KEY" PRECISION="10" SCALE="0" FIELDNUMBER="1" NULLABLE="NULL"/><TARGETFIELD NAME="dMIX.COD_ESTADO_GENERAL" DATATYPE="varchar" KEYTYPE="NOT A KEY" PRECISION="10" SCALE="0" FIELDNUMBER="2" NULLABLE="NULL"/><TARGETFIELD NAME="dMIX.TIPO_DOCUMENTO_NORM" DATATYPE="varchar" KEYTYPE="NOT A KEY" PRECISION="10" SCALE="0" FIELDNUMBER="3" NULLABLE="NULL"/><TARGETFIELD NAME="dMIX.CLASE_CLI_COD_CLASE_CLIENTE" DATATYPE="varchar" KEYTYPE="NOT A KEY" PRECISION="10" SCALE="0" FIELDNUMBER="4" NULLABLE="NULL"/><TARGETFIELD NAME="dMIX.DES_TIPO_CLIENTE" DATATYPE="varchar" KEYTYPE="NOT A KEY" PRECISION="10" SCALE="0" FIELDNUMBER="5" NULLABLE="NULL"/><TARGETFIELD NAME="dMIX.DES_SUBTIPO_CLIENTE" DATATYPE="varchar" KEYTYPE="NOT A KEY" PRECISION="10" SCALE="0" FIELDNUMBER="6" NULLABLE="NULL"/><TARGETFIELD NAME="dMIX.CIF_CABECERA" DATATYPE="varchar" KEYTYPE="NOT A KEY" PRECISION="10" SCALE="0" FIELDNUMBER="7" NULLABLE="NULL"/><TARGETFIELD NAME="dMIX.GRUPO_COMERCIAL" DATATYPE="varchar" KEYTYPE="NOT A KEY" PRECISION="10" SCALE="0" FIELDNUMBER="8" NULLABLE="NULL"/><TARGETFIELD NAME="dMIX.ANTIG_MESES" DATATYPE="varchar" KEYTYPE="NOT A KEY" PRECISION="10" SCALE="0" FIELDNUMBER="9" NULLABLE="NULL"/><TARGETFIELD NAME="dMIX.FEC_INSTALACION" DATATYPE="varchar" KEYTYPE="NOT A KEY" PRECISION="10" SCALE="0" FIELDNUMBER="10" NULLABLE="NULL"/><TARGETFIELD NAME="dCIFNIF" DATATYPE="varchar" KEYTYPE="NOT A KEY" PRECISION="10" SCALE="0" FIELDNUMBER="11" NULLABLE="NULL"/></TARGET><MAPPING NAME="m_JNR_TGT_${DBDWHV}.${V_MS_CLIENTES_NO_MIXTOS}_TGT_TGT_${DBDWHV}.${V_HC_MS_HIST_SEGMENTO_MERCADO}" OBJECTVERSION="1" ISVALID="YES" VERSIONNUMBER="1"><TRANSFORMATION NAME="SQ_TGT_${DBDWHV}.${V_MS_CLIENTES_NO_MIXTOS}" TYPE="Source Qualifier" OBJECTVERSION="1" REUSABLE="NO" VERSIONNUMBER="1"><TRANSFORMFIELD NAME="MIX.NUM_CLIENTE" DATATYPE="varchar" PORTTYPE="INPUT/OUTPUT" PRECISION="0" SCALE="0"/><TRANSFORMFIELD NAME="MIX.COD_ESTADO_GENERAL" DATATYPE="varchar" PORTTYPE="INPUT/OUTPUT" PRECISION="0" SCALE="0"/><TRANSFORMFIELD NAME="MIX.TIPO_DOCUMENTO_NORM" DATATYPE="varchar" PORTTYPE="INPUT/OUTPUT" PRECISION="0" SCALE="0"/><TRANSFORMFIELD NAME="MIX.CLASE_CLI_COD_CLASE_CLIENTE" DATATYPE="varchar" PORTTYPE="INPUT/OUTPUT" PRECISION="0" SCALE="0"/><TRANSFORMFIELD NAME="MIX.DES_TIPO_CLIENTE" DATATYPE="varchar" PORTTYPE="INPUT/OUTPUT" PRECISION="0" SCALE="0"/><TRANSFORMFIELD NAME="MIX.DES_SUBTIPO_CLIENTE" DATATYPE="varchar" PORTTYPE="INPUT/OUTPUT" PRECISION="0" SCALE="0"/><TRANSFORMFIELD NAME="MIX.CIF_CABECERA" DATATYPE="varchar" PORTTYPE="INPUT/OUTPUT" PRECISION="0" SCALE="0"/><TRANSFORMFIELD NAME="MIX.GRUPO_COMERCIAL" DATATYPE="varchar" PORTTYPE="INPUT/OUTPUT" PRECISION="0" SCALE="0"/><TRANSFORMFIELD NAME="MIX.ANTIG_MESES" DATATYPE="varchar" PORTTYPE="INPUT/OUTPUT" PRECISION="0" SCALE="0"/><TRANSFORMFIELD NAME="MIX.FEC_INSTALACION" DATATYPE="varchar" PORTTYPE="INPUT/OUTPUT" PRECISION="0" SCALE="0"/><TRANSFORMFIELD NAME="CIFNIF" DATATYPE="varchar" PORTTYPE="INPUT/OUTPUT" PRECISION="0" SCALE="0"/></TRANSFORMATION><TRANSFORMATION NAME="SQ_TGT_TGT_${DBDWHV}.${V_HC_MS_HIST_SEGMENTO_MERCADO}" TYPE="Source Qualifier" OBJECTVERSION="1" REUSABLE="NO" VERSIONNUMBER="1"/><TRANSFORMATION NAME="JNR_TGT_${DBDWHV}.${V_MS_CLIENTES_NO_MIXTOS}_TGT_TGT_${DBDWHV}.${V_HC_MS_HIST_SEGMENTO_MERCADO}" TYPE="Joiner" OBJECTVERSION="1" REUSABLE="NO" VERSIONNUMBER="1"><TRANSFORMFIELD NAME="MIX.NUM_CLIENTE" DATATYPE="string" PORTTYPE="INPUT/OUTPUT" PRECISION="10" SCALE="0"/><TRANSFORMFIELD NAME="MIX.COD_ESTADO_GENERAL" DATATYPE="string" PORTTYPE="INPUT/OUTPUT" PRECISION="10" SCALE="0"/><TRANSFORMFIELD NAME="MIX.TIPO_DOCUMENTO_NORM" DATATYPE="string" PORTTYPE="INPUT/OUTPUT" PRECISION="10" SCALE="0"/><TRANSFORMFIELD NAME="MIX.CLASE_CLI_COD_CLASE_CLIENTE" DATATYPE="string" PORTTYPE="INPUT/OUTPUT" PRECISION="10" SCALE="0"/><TRANSFORMFIELD NAME="MIX.DES_TIPO_CLIENTE" DATATYPE="string" PORTTYPE="INPUT/OUTPUT" PRECISION="10" SCALE="0"/><TRANSFORMFIELD NAME="MIX.DES_SUBTIPO_CLIENTE" DATATYPE="string" PORTTYPE="INPUT/OUTPUT" PRECISION="10" SCALE="0"/><TRANSFORMFIELD NAME="MIX.CIF_CABECERA" DATATYPE="string" PORTTYPE="INPUT/OUTPUT" PRECISION="10" SCALE="0"/><TRANSFORMFIELD NAME="MIX.GRUPO_COMERCIAL" DATATYPE="string" PORTTYPE="INPUT/OUTPUT" PRECISION="10" SCALE="0"/><TRANSFORMFIELD NAME="MIX.ANTIG_MESES" DATATYPE="string" PORTTYPE="INPUT/OUTPUT" PRECISION="10" SCALE="0"/><TRANSFORMFIELD NAME="MIX.FEC_INSTALACION" DATATYPE="string" PORTTYPE="INPUT/OUTPUT" PRECISION="10" SCALE="0"/><TRANSFORMFIELD NAME="CIFNIF" DATATYPE="string" PORTTYPE="INPUT/OUTPUT" PRECISION="10" SCALE="0"/><TABLEATTRIBUTE NAME="Case Sensitive String Comparison" VALUE="YES"/><TABLEATTRIBUTE NAME="Cache Directory" VALUE="$PMCacheDir"/><TABLEATTRIBUTE NAME="Join Condition" VALUE=" NIF_CLIENTE, COD_SEGM_ANT, SEGM_ACT.FEC_SEGMENTO, FECHA_CARGA  AND  TGT_${DBDWHV}.${V_MS_CLIENTES_NO_MIXTOS} NOMIX LEFT OUTER  AND  TGT_TGT_${DBDWHV}.${V_HC_MS_HIST_SEGMENTO_MERCADO} ${DBDWHV}.${V_HC_MS_HIST_SEGMENTO_MERCADO} SEGM_ACT	  AND  NOMIX.CIFNIF  AND   AND   AND   AND  DATE FORMAT  AND  &gt;  AND   AND  DATE FORMAT  AND   AND    AND   AND  DATE FORMAT  AND   AND   AND   AND  DATE FORMAT 'YYYYMMDD');"/><TABLEATTRIBUTE NAME="Join Type" VALUE="Master Join"/><TABLEATTRIBUTE NAME="Null ordering in master" VALUE="Null Is Highest Value"/><TABLEATTRIBUTE NAME="Null ordering in detail" VALUE="Null Is Highest Value"/><TABLEATTRIBUTE NAME="Tracing Level" VALUE="Normal"/><TABLEATTRIBUTE NAME="Joiner Data Cache Size" VALUE="Auto"/><TABLEATTRIBUTE NAME="Joiner Index Cache Size" VALUE="Auto"/><TABLEATTRIBUTE NAME="Sorted Input" VALUE="NO"/><TABLEATTRIBUTE NAME="Master Sort Order" VALUE="AUTO"/><TABLEATTRIBUTE NAME="Transformation Scope" VALUE="All Input"/></TRANSFORMATION><INSTANCE NAME="TGT_${DBDWHV}.${V_MS_CLIENTES_NO_MIXTOS}" TYPE="SOURCE" REUSABLE="" TRANSFORMATION_TYPE="Source Definition" TRANSFORMATION_NAME="TGT_${DBDWHV}.${V_MS_CLIENTES_NO_MIXTOS}" DBDNAME="DB2"/><INSTANCE NAME="TGT_TGT_${DBDWHV}.${V_HC_MS_HIST_SEGMENTO_MERCADO}" TYPE="SOURCE" REUSABLE="" TRANSFORMATION_TYPE="Source Definition" TRANSFORMATION_NAME="TGT_TGT_${DBDWHV}.${V_HC_MS_HIST_SEGMENTO_MERCADO}" DBDNAME="DB2"/><INSTANCE NAME="TGT_TGT_${DBDWHV}.${V_HC_MS_HIST_SEGMENTO_MERCADO}" TYPE="TARGET" REUSABLE="" TRANSFORMATION_TYPE="Target Definition" TRANSFORMATION_NAME="TGT_TGT_${DBDWHV}.${V_HC_MS_HIST_SEGMENTO_MERCADO}"/><INSTANCE NAME="SQ_TGT_${DBDWHV}.${V_MS_CLIENTES_NO_MIXTOS}" TYPE="SOURCE" REUSABLE="NO" TRANSFORMATION_TYPE="Source Qualifier" TRANSFORMATION_NAME="SQ_TGT_${DBDWHV}.${V_MS_CLIENTES_NO_MIXTOS}" DBDNAME="DB2"><ASSOCIATED_SOURCE_INSTANCE NAME="TGT_${DBDWHV}.${V_MS_CLIENTES_NO_MIXTOS}"/></INSTANCE><INSTANCE NAME="SQ_TGT_TGT_${DBDWHV}.${V_HC_MS_HIST_SEGMENTO_MERCADO}" TYPE="SOURCE" REUSABLE="NO" TRANSFORMATION_TYPE="Source Qualifier" TRANSFORMATION_NAME="SQ_TGT_TGT_${DBDWHV}.${V_HC_MS_HIST_SEGMENTO_MERCADO}" DBDNAME="DB2"><ASSOCIATED_SOURCE_INSTANCE NAME="TGT_TGT_${DBDWHV}.${V_HC_MS_HIST_SEGMENTO_MERCADO}"/></INSTANCE><INSTANCE NAME="JNR_TGT_${DBDWHV}.${V_MS_CLIENTES_NO_MIXTOS}_TGT_TGT_${DBDWHV}.${V_HC_MS_HIST_SEGMENTO_MERCADO}" TYPE="TRANSFORMATION" REUSABLE="NO" TRANSFORMATION_TYPE="Joiner" TRANSFORMATION_NAME="JNR_TGT_${DBDWHV}.${V_MS_CLIENTES_NO_MIXTOS}_TGT_TGT_${DBDWHV}.${V_HC_MS_HIST_SEGMENTO_MERCADO}"/><CONNECTOR FROMINSTANCE="TGT_${DBDWHV}.${V_MS_CLIENTES_NO_MIXTOS}" FROMINSTANCETYPE="Source Definition" FROMFIELD="MIX.NUM_CLIENTE" TOINSTANCE="SQ_TGT_${DBDWHV}.${V_MS_CLIENTES_NO_MIXTOS}" TOINSTANCETYPE="Source Qualifier" TOFIELD="MIX.NUM_CLIENTE"/><CONNECTOR FROMINSTANCE="SQ_TGT_${DBDWHV}.${V_MS_CLIENTES_NO_MIXTOS}" FROMINSTANCETYPE="Source Qualifier" FROMFIELD="MIX.NUM_CLIENTE" TOINSTANCE="JNR_TGT_${DBDWHV}.${V_MS_CLIENTES_NO_MIXTOS}_TGT_TGT_${DBDWHV}.${V_HC_MS_HIST_SEGMENTO_MERCADO}" TOINSTANCETYPE="Joiner" TOFIELD="MIX.NUM_CLIENTE"/><CONNECTOR FROMINSTANCE="JNR_TGT_${DBDWHV}.${V_MS_CLIENTES_NO_MIXTOS}_TGT_TGT_${DBDWHV}.${V_HC_MS_HIST_SEGMENTO_MERCADO}" FROMINSTANCETYPE="Joiner" FROMFIELD="MIX.NUM_CLIENTE" TOINSTANCE="TGT_TGT_${DBDWHV}.${V_MS_CLIENTES_NO_MIXTOS}TGT_TGT_${DBDWHV}.${V_HC_MS_HIST_SEGMENTO_MERCADO}" TOINSTANCETYPE="Target Definition" TOFIELD="MIX.NUM_CLIENTE"/><CONNECTOR FROMINSTANCE="TGT_${DBDWHV}.${V_MS_CLIENTES_NO_MIXTOS}" FROMINSTANCETYPE="Source Definition" FROMFIELD="MIX.COD_ESTADO_GENERAL" TOINSTANCE="SQ_TGT_${DBDWHV}.${V_MS_CLIENTES_NO_MIXTOS}" TOINSTANCETYPE="Source Qualifier" TOFIELD="MIX.COD_ESTADO_GENERAL"/><CONNECTOR FROMINSTANCE="SQ_TGT_${DBDWHV}.${V_MS_CLIENTES_NO_MIXTOS}" FROMINSTANCETYPE="Source Qualifier" FROMFIELD="MIX.COD_ESTADO_GENERAL" TOINSTANCE="JNR_TGT_${DBDWHV}.${V_MS_CLIENTES_NO_MIXTOS}_TGT_TGT_${DBDWHV}.${V_HC_MS_HIST_SEGMENTO_MERCADO}" TOINSTANCETYPE="Joiner" TOFIELD="MIX.COD_ESTADO_GENERAL"/><CONNECTOR FROMINSTANCE="JNR_TGT_${DBDWHV}.${V_MS_CLIENTES_NO_MIXTOS}_TGT_TGT_${DBDWHV}.${V_HC_MS_HIST_SEGMENTO_MERCADO}" FROMINSTANCETYPE="Joiner" FROMFIELD="MIX.COD_ESTADO_GENERAL" TOINSTANCE="TGT_TGT_${DBDWHV}.${V_MS_CLIENTES_NO_MIXTOS}TGT_TGT_${DBDWHV}.${V_HC_MS_HIST_SEGMENTO_MERCADO}" TOINSTANCETYPE="Target Definition" TOFIELD="MIX.COD_ESTADO_GENERAL"/><CONNECTOR FROMINSTANCE="TGT_${DBDWHV}.${V_MS_CLIENTES_NO_MIXTOS}" FROMINSTANCETYPE="Source Definition" FROMFIELD="MIX.TIPO_DOCUMENTO_NORM" TOINSTANCE="SQ_TGT_${DBDWHV}.${V_MS_CLIENTES_NO_MIXTOS}" TOINSTANCETYPE="Source Qualifier" TOFIELD="MIX.TIPO_DOCUMENTO_NORM"/><CONNECTOR FROMINSTANCE="SQ_TGT_${DBDWHV}.${V_MS_CLIENTES_NO_MIXTOS}" FROMINSTANCETYPE="Source Qualifier" FROMFIELD="MIX.TIPO_DOCUMENTO_NORM" TOINSTANCE="JNR_TGT_${DBDWHV}.${V_MS_CLIENTES_NO_MIXTOS}_TGT_TGT_${DBDWHV}.${V_HC_MS_HIST_SEGMENTO_MERCADO}" TOINSTANCETYPE="Joiner" TOFIELD="MIX.TIPO_DOCUMENTO_NORM"/><CONNECTOR FROMINSTANCE="JNR_TGT_${DBDWHV}.${V_MS_CLIENTES_NO_MIXTOS}_TGT_TGT_${DBDWHV}.${V_HC_MS_HIST_SEGMENTO_MERCADO}" FROMINSTANCETYPE="Joiner" FROMFIELD="MIX.TIPO_DOCUMENTO_NORM" TOINSTANCE="TGT_TGT_${DBDWHV}.${V_MS_CLIENTES_NO_MIXTOS}TGT_TGT_${DBDWHV}.${V_HC_MS_HIST_SEGMENTO_MERCADO}" TOINSTANCETYPE="Target Definition" TOFIELD="MIX.TIPO_DOCUMENTO_NORM"/><CONNECTOR FROMINSTANCE="TGT_${DBDWHV}.${V_MS_CLIENTES_NO_MIXTOS}" FROMINSTANCETYPE="Source Definition" FROMFIELD="MIX.CLASE_CLI_COD_CLASE_CLIENTE" TOINSTANCE="SQ_TGT_${DBDWHV}.${V_MS_CLIENTES_NO_MIXTOS}" TOINSTANCETYPE="Source Qualifier" TOFIELD="MIX.CLASE_CLI_COD_CLASE_CLIENTE"/><CONNECTOR FROMINSTANCE="SQ_TGT_${DBDWHV}.${V_MS_CLIENTES_NO_MIXTOS}" FROMINSTANCETYPE="Source Qualifier" FROMFIELD="MIX.CLASE_CLI_COD_CLASE_CLIENTE" TOINSTANCE="JNR_TGT_${DBDWHV}.${V_MS_CLIENTES_NO_MIXTOS}_TGT_TGT_${DBDWHV}.${V_HC_MS_HIST_SEGMENTO_MERCADO}" TOINSTANCETYPE="Joiner" TOFIELD="MIX.CLASE_CLI_COD_CLASE_CLIENTE"/><CONNECTOR FROMINSTANCE="JNR_TGT_${DBDWHV}.${V_MS_CLIENTES_NO_MIXTOS}_TGT_TGT_${DBDWHV}.${V_HC_MS_HIST_SEGMENTO_MERCADO}" FROMINSTANCETYPE="Joiner" FROMFIELD="MIX.CLASE_CLI_COD_CLASE_CLIENTE" TOINSTANCE="TGT_TGT_${DBDWHV}.${V_MS_CLIENTES_NO_MIXTOS}TGT_TGT_${DBDWHV}.${V_HC_MS_HIST_SEGMENTO_MERCADO}" TOINSTANCETYPE="Target Definition" TOFIELD="MIX.CLASE_CLI_COD_CLASE_CLIENTE"/><CONNECTOR FROMINSTANCE="TGT_${DBDWHV}.${V_MS_CLIENTES_NO_MIXTOS}" FROMINSTANCETYPE="Source Definition" FROMFIELD="MIX.DES_TIPO_CLIENTE" TOINSTANCE="SQ_TGT_${DBDWHV}.${V_MS_CLIENTES_NO_MIXTOS}" TOINSTANCETYPE="Source Qualifier" TOFIELD="MIX.DES_TIPO_CLIENTE"/><CONNECTOR FROMINSTANCE="SQ_TGT_${DBDWHV}.${V_MS_CLIENTES_NO_MIXTOS}" FROMINSTANCETYPE="Source Qualifier" FROMFIELD="MIX.DES_TIPO_CLIENTE" TOINSTANCE="JNR_TGT_${DBDWHV}.${V_MS_CLIENTES_NO_MIXTOS}_TGT_TGT_${DBDWHV}.${V_HC_MS_HIST_SEGMENTO_MERCADO}" TOINSTANCETYPE="Joiner" TOFIELD="MIX.DES_TIPO_CLIENTE"/><CONNECTOR FROMINSTANCE="JNR_TGT_${DBDWHV}.${V_MS_CLIENTES_NO_MIXTOS}_TGT_TGT_${DBDWHV}.${V_HC_MS_HIST_SEGMENTO_MERCADO}" FROMINSTANCETYPE="Joiner" FROMFIELD="MIX.DES_TIPO_CLIENTE" TOINSTANCE="TGT_TGT_${DBDWHV}.${V_MS_CLIENTES_NO_MIXTOS}TGT_TGT_${DBDWHV}.${V_HC_MS_HIST_SEGMENTO_MERCADO}" TOINSTANCETYPE="Target Definition" TOFIELD="MIX.DES_TIPO_CLIENTE"/><CONNECTOR FROMINSTANCE="TGT_${DBDWHV}.${V_MS_CLIENTES_NO_MIXTOS}" FROMINSTANCETYPE="Source Definition" FROMFIELD="MIX.DES_SUBTIPO_CLIENTE" TOINSTANCE="SQ_TGT_${DBDWHV}.${V_MS_CLIENTES_NO_MIXTOS}" TOINSTANCETYPE="Source Qualifier" TOFIELD="MIX.DES_SUBTIPO_CLIENTE"/><CONNECTOR FROMINSTANCE="SQ_TGT_${DBDWHV}.${V_MS_CLIENTES_NO_MIXTOS}" FROMINSTANCETYPE="Source Qualifier" FROMFIELD="MIX.DES_SUBTIPO_CLIENTE" TOINSTANCE="JNR_TGT_${DBDWHV}.${V_MS_CLIENTES_NO_MIXTOS}_TGT_TGT_${DBDWHV}.${V_HC_MS_HIST_SEGMENTO_MERCADO}" TOINSTANCETYPE="Joiner" TOFIELD="MIX.DES_SUBTIPO_CLIENTE"/><CONNECTOR FROMINSTANCE="JNR_TGT_${DBDWHV}.${V_MS_CLIENTES_NO_MIXTOS}_TGT_TGT_${DBDWHV}.${V_HC_MS_HIST_SEGMENTO_MERCADO}" FROMINSTANCETYPE="Joiner" FROMFIELD="MIX.DES_SUBTIPO_CLIENTE" TOINSTANCE="TGT_TGT_${DBDWHV}.${V_MS_CLIENTES_NO_MIXTOS}TGT_TGT_${DBDWHV}.${V_HC_MS_HIST_SEGMENTO_MERCADO}" TOINSTANCETYPE="Target Definition" TOFIELD="MIX.DES_SUBTIPO_CLIENTE"/><CONNECTOR FROMINSTANCE="TGT_${DBDWHV}.${V_MS_CLIENTES_NO_MIXTOS}" FROMINSTANCETYPE="Source Definition" FROMFIELD="MIX.CIF_CABECERA" TOINSTANCE="SQ_TGT_${DBDWHV}.${V_MS_CLIENTES_NO_MIXTOS}" TOINSTANCETYPE="Source Qualifier" TOFIELD="MIX.CIF_CABECERA"/><CONNECTOR FROMINSTANCE="SQ_TGT_${DBDWHV}.${V_MS_CLIENTES_NO_MIXTOS}" FROMINSTANCETYPE="Source Qualifier" FROMFIELD="MIX.CIF_CABECERA" TOINSTANCE="JNR_TGT_${DBDWHV}.${V_MS_CLIENTES_NO_MIXTOS}_TGT_TGT_${DBDWHV}.${V_HC_MS_HIST_SEGMENTO_MERCADO}" TOINSTANCETYPE="Joiner" TOFIELD="MIX.CIF_CABECERA"/><CONNECTOR FROMINSTANCE="JNR_TGT_${DBDWHV}.${V_MS_CLIENTES_NO_MIXTOS}_TGT_TGT_${DBDWHV}.${V_HC_MS_HIST_SEGMENTO_MERCADO}" FROMINSTANCETYPE="Joiner" FROMFIELD="MIX.CIF_CABECERA" TOINSTANCE="TGT_TGT_${DBDWHV}.${V_MS_CLIENTES_NO_MIXTOS}TGT_TGT_${DBDWHV}.${V_HC_MS_HIST_SEGMENTO_MERCADO}" TOINSTANCETYPE="Target Definition" TOFIELD="MIX.CIF_CABECERA"/><CONNECTOR FROMINSTANCE="TGT_${DBDWHV}.${V_MS_CLIENTES_NO_MIXTOS}" FROMINSTANCETYPE="Source Definition" FROMFIELD="MIX.GRUPO_COMERCIAL" TOINSTANCE="SQ_TGT_${DBDWHV}.${V_MS_CLIENTES_NO_MIXTOS}" TOINSTANCETYPE="Source Qualifier" TOFIELD="MIX.GRUPO_COMERCIAL"/><CONNECTOR FROMINSTANCE="SQ_TGT_${DBDWHV}.${V_MS_CLIENTES_NO_MIXTOS}" FROMINSTANCETYPE="Source Qualifier" FROMFIELD="MIX.GRUPO_COMERCIAL" TOINSTANCE="JNR_TGT_${DBDWHV}.${V_MS_CLIENTES_NO_MIXTOS}_TGT_TGT_${DBDWHV}.${V_HC_MS_HIST_SEGMENTO_MERCADO}" TOINSTANCETYPE="Joiner" TOFIELD="MIX.GRUPO_COMERCIAL"/><CONNECTOR FROMINSTANCE="JNR_TGT_${DBDWHV}.${V_MS_CLIENTES_NO_MIXTOS}_TGT_TGT_${DBDWHV}.${V_HC_MS_HIST_SEGMENTO_MERCADO}" FROMINSTANCETYPE="Joiner" FROMFIELD="MIX.GRUPO_COMERCIAL" TOINSTANCE="TGT_TGT_${DBDWHV}.${V_MS_CLIENTES_NO_MIXTOS}TGT_TGT_${DBDWHV}.${V_HC_MS_HIST_SEGMENTO_MERCADO}" TOINSTANCETYPE="Target Definition" TOFIELD="MIX.GRUPO_COMERCIAL"/><CONNECTOR FROMINSTANCE="TGT_${DBDWHV}.${V_MS_CLIENTES_NO_MIXTOS}" FROMINSTANCETYPE="Source Definition" FROMFIELD="MIX.ANTIG_MESES" TOINSTANCE="SQ_TGT_${DBDWHV}.${V_MS_CLIENTES_NO_MIXTOS}" TOINSTANCETYPE="Source Qualifier" TOFIELD="MIX.ANTIG_MESES"/><CONNECTOR FROMINSTANCE="SQ_TGT_${DBDWHV}.${V_MS_CLIENTES_NO_MIXTOS}" FROMINSTANCETYPE="Source Qualifier" FROMFIELD="MIX.ANTIG_MESES" TOINSTANCE="JNR_TGT_${DBDWHV}.${V_MS_CLIENTES_NO_MIXTOS}_TGT_TGT_${DBDWHV}.${V_HC_MS_HIST_SEGMENTO_MERCADO}" TOINSTANCETYPE="Joiner" TOFIELD="MIX.ANTIG_MESES"/><CONNECTOR FROMINSTANCE="JNR_TGT_${DBDWHV}.${V_MS_CLIENTES_NO_MIXTOS}_TGT_TGT_${DBDWHV}.${V_HC_MS_HIST_SEGMENTO_MERCADO}" FROMINSTANCETYPE="Joiner" FROMFIELD="MIX.ANTIG_MESES" TOINSTANCE="TGT_TGT_${DBDWHV}.${V_MS_CLIENTES_NO_MIXTOS}TGT_TGT_${DBDWHV}.${V_HC_MS_HIST_SEGMENTO_MERCADO}" TOINSTANCETYPE="Target Definition" TOFIELD="MIX.ANTIG_MESES"/><CONNECTOR FROMINSTANCE="TGT_${DBDWHV}.${V_MS_CLIENTES_NO_MIXTOS}" FROMINSTANCETYPE="Source Definition" FROMFIELD="MIX.FEC_INSTALACION" TOINSTANCE="SQ_TGT_${DBDWHV}.${V_MS_CLIENTES_NO_MIXTOS}" TOINSTANCETYPE="Source Qualifier" TOFIELD="MIX.FEC_INSTALACION"/><CONNECTOR FROMINSTANCE="SQ_TGT_${DBDWHV}.${V_MS_CLIENTES_NO_MIXTOS}" FROMINSTANCETYPE="Source Qualifier" FROMFIELD="MIX.FEC_INSTALACION" TOINSTANCE="JNR_TGT_${DBDWHV}.${V_MS_CLIENTES_NO_MIXTOS}_TGT_TGT_${DBDWHV}.${V_HC_MS_HIST_SEGMENTO_MERCADO}" TOINSTANCETYPE="Joiner" TOFIELD="MIX.FEC_INSTALACION"/><CONNECTOR FROMINSTANCE="JNR_TGT_${DBDWHV}.${V_MS_CLIENTES_NO_MIXTOS}_TGT_TGT_${DBDWHV}.${V_HC_MS_HIST_SEGMENTO_MERCADO}" FROMINSTANCETYPE="Joiner" FROMFIELD="MIX.FEC_INSTALACION" TOINSTANCE="TGT_TGT_${DBDWHV}.${V_MS_CLIENTES_NO_MIXTOS}TGT_TGT_${DBDWHV}.${V_HC_MS_HIST_SEGMENTO_MERCADO}" TOINSTANCETYPE="Target Definition" TOFIELD="MIX.FEC_INSTALACION"/><CONNECTOR FROMINSTANCE="TGT_${DBDWHV}.${V_MS_CLIENTES_NO_MIXTOS}" FROMINSTANCETYPE="Source Definition" FROMFIELD="CIFNIF" TOINSTANCE="SQ_TGT_${DBDWHV}.${V_MS_CLIENTES_NO_MIXTOS}" TOINSTANCETYPE="Source Qualifier" TOFIELD="CIFNIF"/><CONNECTOR FROMINSTANCE="SQ_TGT_${DBDWHV}.${V_MS_CLIENTES_NO_MIXTOS}" FROMINSTANCETYPE="Source Qualifier" FROMFIELD="CIFNIF" TOINSTANCE="JNR_TGT_${DBDWHV}.${V_MS_CLIENTES_NO_MIXTOS}_TGT_TGT_${DBDWHV}.${V_HC_MS_HIST_SEGMENTO_MERCADO}" TOINSTANCETYPE="Joiner" TOFIELD="CIFNIF"/><CONNECTOR FROMINSTANCE="JNR_TGT_${DBDWHV}.${V_MS_CLIENTES_NO_MIXTOS}_TGT_TGT_${DBDWHV}.${V_HC_MS_HIST_SEGMENTO_MERCADO}" FROMINSTANCETYPE="Joiner" FROMFIELD="CIFNIF" TOINSTANCE="TGT_TGT_${DBDWHV}.${V_MS_CLIENTES_NO_MIXTOS}TGT_TGT_${DBDWHV}.${V_HC_MS_HIST_SEGMENTO_MERCADO}" TOINSTANCETYPE="Target Definition" TOFIELD="CIFNIF"/><TARGETLOADORDER TARGETINSTANCE="TGT_TGT_${DBDWHV}.${V_MS_CLIENTES_NO_MIXTOS}TGT_TGT_${DBDWHV}.${V_HC_MS_HIST_SEGMENTO_MERCADO}" ORDER="1"/></MAPPING></FOLDER></REPOSITORY></POWERMART>