<?xml version="1.0" encoding="ISO-8859-1" standalone="yes"?><!DOCTYPE POWERMART SYSTEM "powrmart.dtd">
<POWERMART CREATION_DATE="" REPOSITORY_VERSION=""><REPOSITORY NAME="XDIPCRS" DATABASETYPE="DB2" CODEPAGE="Latin1" VERSION="184"><FOLDER NAME="XDW991593" DESCRIPTION="Everis : Antonio Jesus, Group for Global Corporate Teaser Tool(GCT), Developer, antonio.jesus.munoz.lapaz@zurich.com" SHARED="NOTSHARED" OWNER="w991593" GROUP="" PERMISSIONS="rwx---r--" UUID="55cd59eb-588d-4840-8dee-97c3257a4945"><CONFIG NAME="default_session_config" DESCRIPTION="Default session configuration object" ISDEFAULT="YES" VERSIONNUMBER="1"><ATTRIBUTE NAME="Advanced" VALUE=""/><ATTRIBUTE NAME="Constraint based load ordering" VALUE="NO"/><ATTRIBUTE NAME="Cache LOOKUP() function" VALUE="YES"/><ATTRIBUTE NAME="Default buffer block size" VALUE="Auto"/><ATTRIBUTE NAME="Line Sequential buffer length" VALUE="1024"/><ATTRIBUTE NAME="Maximum Memory Allowed For Auto Memory Attributes" VALUE="512MB"/><ATTRIBUTE NAME="Maximum Percentage of Total Memory Allowed For Auto Memory Attributes" VALUE="5"/><ATTRIBUTE NAME="Additional Concurrent Pipelines for Lookup Cache Creation" VALUE="Auto"/><ATTRIBUTE NAME="Custom Properties" VALUE=""/><ATTRIBUTE NAME="Pre-build lookup cache" VALUE="Auto"/><ATTRIBUTE NAME="Optimization Level" VALUE="Medium"/><ATTRIBUTE NAME="DateTime Format String" VALUE="MM/DD/YYYY HH24:MI:SS.US"/><ATTRIBUTE NAME="Pre 85 Timestamp Compatibility" VALUE="NO"/><ATTRIBUTE NAME="Log Options" VALUE="0"/><ATTRIBUTE NAME="Save session log by" VALUE="Session runs"/><ATTRIBUTE NAME="Save session log for these runs" VALUE="0"/><ATTRIBUTE NAME="Session Log File Max Size" VALUE="0"/><ATTRIBUTE NAME="Session Log File Max Time Period" VALUE="0"/><ATTRIBUTE NAME="Maximum Partial Session Log Files" VALUE="1"/><ATTRIBUTE NAME="Writer Commit Statistics Log Frequency" VALUE="1"/><ATTRIBUTE NAME="Writer Commit Statistics Log Interval" VALUE="0"/><ATTRIBUTE NAME="Error handling" VALUE=""/><ATTRIBUTE NAME="Stop on errors" VALUE="0"/><ATTRIBUTE NAME="Override tracing" VALUE="None"/><ATTRIBUTE NAME="On Stored Procedure error" VALUE="Stop"/><ATTRIBUTE NAME="On Pre-session command task error" VALUE="Stop"/><ATTRIBUTE NAME="On Pre-Post SQL error" VALUE="Stop"/><ATTRIBUTE NAME="Enable Recovery" VALUE="NO"/><ATTRIBUTE NAME="Error Log Type" VALUE="None"/><ATTRIBUTE NAME="Error Log Table Name Prefix" VALUE=""/><ATTRIBUTE NAME="Error Log File Name" VALUE="PMError.log"/><ATTRIBUTE NAME="Log Source Row Data" VALUE="NO"/><ATTRIBUTE NAME="Data Column Delimiter" VALUE="|"/><ATTRIBUTE NAME="Partitioning Options" VALUE=""/><ATTRIBUTE NAME="Dynamic Partitioning" VALUE="Disabled"/><ATTRIBUTE NAME="Number of Partitions" VALUE="1"/><ATTRIBUTE NAME="Multiplication Factor" VALUE="Auto"/><ATTRIBUTE NAME="Session on Grid" VALUE=""/><ATTRIBUTE NAME="Is Enabled" VALUE="NO"/></CONFIG><WORKFLOW NAME="wf_SelIns_TGT_${DBDWHV}.${V_HC_MS_HIST_SEGMENTO_MERCADO}" DESCRIPTION="Workflow generated from SQL" SERVERNAME="dipcis01" SERVER_DOMAINNAME="dinfadm01" SCHEDULERNAME="Scheduler" REUSABLE_SCHEDULER="NO" ISENABLED="YES" SUSPEND_ON_ERROR="NO" TASKS_MUST_RUN_ON_SERVER="NO" VERSIONNUMBER="1" ISSERVICE="YES" ISRUNNABLESERVICE="NO"><SCHEDULER NAME="Scheduler" REUSABLE="NO" VERSIONNUMBER="1"/><TASK NAME="START" TYPE="Start" REUSABLE="NO" VERSIONNUMBER="1"/><SESSION NAME="s_m_SelIns_SRC_TGT_${DBDWHV}.${V_HC_MS_HIST_SEGMENTO_MERCADO}" DESCRIPTION="Session of wf_SelIns_SRC_TGT_${DBDWHV}.${V_HC_MS_HIST_SEGMENTO_MERCADO}" REUSABLE="YES" ISVALID="" MAPPINGNAME="m_SelIns_SRC_TGT_${DBDWHV}.${V_HC_MS_HIST_SEGMENTO_MERCADO}" SORTORDER="Binary" VERSIONNUMBER="1"><CONFIGREFERENCE REFOBJECTNAME="default_session_config" TYPE="Session config"><ATTRIBUTE NAME="Stop on errors" VALUE="$PMSessionErrorThreshold"/></CONFIGREFERENCE></SESSION><TASKINSTANCE NAME="Start" DESCRIPTION="" TASKTYPE="Start" TASKNAME="Start" ISENABLED="YES" REUSABLE="NO" TREAT_INPUTLINK_AS_AND="NO" FAIL_PARENT_IF_INSTANCE_FAILS="" FAIL_PARENT_IF_INSTANCE_DID_NOT_RUN="" SERVER_OVERRIDE=""/><TASKINSTANCE NAME="s_m_SelIns_corp.everis.pwc.raw.SOURCE@38467116" DESCRIPTION="" TASKTYPE="" TASKNAME="Session" ISENABLED="s_m_SelIns_corp.everis.pwc.raw.SOURCE@38467116" REUSABLE="YES" TREAT_INPUTLINK_AS_AND="NO" FAIL_PARENT_IF_INSTANCE_FAILS="YES" FAIL_PARENT_IF_INSTANCE_DID_NOT_RUN="YES" SERVER_OVERRIDE="NO"/><WORKFLOWLINK FROMTASK="Start" TOTASK="s_m_SelIns_corp.everis.pwc.raw.SOURCE@38467116"/><WORKFLOWVARIABLE NAME="$Start.StartTime" DESCRIPTION="The time this task started" USERDEFINED="NO" DATATYPE="date/time" DEFAULTVALUE="" ISPERSISTENT="NO" ISNULL="NO"/><WORKFLOWVARIABLE NAME="$Start.EndTime" DESCRIPTION="The time this task completed" USERDEFINED="NO" DATATYPE="date/time" DEFAULTVALUE="" ISPERSISTENT="NO" ISNULL="NO"/><WORKFLOWVARIABLE NAME="$Start.Status" DESCRIPTION="Status of this task&amp;apos;s execution" USERDEFINED="NO" DATATYPE="integer" DEFAULTVALUE="" ISPERSISTENT="NO" ISNULL="NO"/><WORKFLOWVARIABLE NAME="$Start.PrevTaskStatus" DESCRIPTION="Status of the previous task that is not disabled" USERDEFINED="NO" DATATYPE="integer" DEFAULTVALUE="" ISPERSISTENT="NO" ISNULL="NO"/><WORKFLOWVARIABLE NAME="$Start.ErrorCode" DESCRIPTION="Error code for this task&amp;apos;s execution" USERDEFINED="NO" DATATYPE="integer" DEFAULTVALUE="" ISPERSISTENT="NO" ISNULL="NO"/><WORKFLOWVARIABLE NAME="$Start.ErrorMsg" DESCRIPTION="Error message for this task&amp;apos;s execution" USERDEFINED="NO" DATATYPE="string" DEFAULTVALUE="" ISPERSISTENT="NO" ISNULL="NO"/><WORKFLOWVARIABLE NAME="$s_m_SelIns_SRC_TGT_${DBDWHV}.${V_HC_MS_HIST_SEGMENTO_MERCADO}.StartTime" DESCRIPTION="The time this task started" USERDEFINED="NO" DATATYPE="date/time" DEFAULTVALUE="" ISPERSISTENT="NO" ISNULL="NO"/><WORKFLOWVARIABLE NAME="$s_m_SelIns_SRC_TGT_${DBDWHV}.${V_HC_MS_HIST_SEGMENTO_MERCADO}.EndTime" DESCRIPTION="The time this task completed" USERDEFINED="NO" DATATYPE="date/time" DEFAULTVALUE="" ISPERSISTENT="NO" ISNULL="NO"/><WORKFLOWVARIABLE NAME="$s_m_SelIns_SRC_TGT_${DBDWHV}.${V_HC_MS_HIST_SEGMENTO_MERCADO}.Status" DESCRIPTION="Status of this task&amp;apos;s execution" USERDEFINED="NO" DATATYPE="integer" DEFAULTVALUE="" ISPERSISTENT="NO" ISNULL="NO"/><WORKFLOWVARIABLE NAME="$s_m_SelIns_SRC_TGT_${DBDWHV}.${V_HC_MS_HIST_SEGMENTO_MERCADO}.prevTaskStatus" DESCRIPTION="Status of the previous task that is not disabled" USERDEFINED="NO" DATATYPE="integer" DEFAULTVALUE="" ISPERSISTENT="NO" ISNULL="NO"/><WORKFLOWVARIABLE NAME="$s_m_SelIns_SRC_TGT_${DBDWHV}.${V_HC_MS_HIST_SEGMENTO_MERCADO}.ErrorCode" DESCRIPTION="Error code for this task&amp;apos;s execution" USERDEFINED="NO" DATATYPE="integer" DEFAULTVALUE="" ISPERSISTENT="NO" ISNULL="NO"/><WORKFLOWVARIABLE NAME="$s_m_SelIns_SRC_TGT_${DBDWHV}.${V_HC_MS_HIST_SEGMENTO_MERCADO}.ErrorMsg" DESCRIPTION="Error message for this task&amp;apos;s execution" USERDEFINED="NO" DATATYPE="string" DEFAULTVALUE="" ISPERSISTENT="NO" ISNULL="NO"/><WORKFLOWVARIABLE NAME="$s_m_SelIns_SRC_TGT_${DBDWHV}.${V_HC_MS_HIST_SEGMENTO_MERCADO}.SrcSuccessRows" DESCRIPTION="Rows successfully read" USERDEFINED="NO" DATATYPE="integer" DEFAULTVALUE="" ISPERSISTENT="NO" ISNULL="NO"/><WORKFLOWVARIABLE NAME="$s_m_SelIns_SRC_TGT_${DBDWHV}.${V_HC_MS_HIST_SEGMENTO_MERCADO}.SrcFailedRows" DESCRIPTION="Rows failed to read" USERDEFINED="NO" DATATYPE="integer" DEFAULTVALUE="" ISPERSISTENT="NO" ISNULL="NO"/><WORKFLOWVARIABLE NAME="$s_m_SelIns_SRC_TGT_${DBDWHV}.${V_HC_MS_HIST_SEGMENTO_MERCADO}.TgtSuccessRows" DESCRIPTION="Rows successfully loaded" USERDEFINED="NO" DATATYPE="integer" DEFAULTVALUE="" ISPERSISTENT="NO" ISNULL="NO"/><WORKFLOWVARIABLE NAME="$s_m_SelIns_SRC_TGT_${DBDWHV}.${V_HC_MS_HIST_SEGMENTO_MERCADO}.TgtFailedRows" DESCRIPTION="Rows failed to load" USERDEFINED="NO" DATATYPE="integer" DEFAULTVALUE="" ISPERSISTENT="NO" ISNULL="NO"/><WORKFLOWVARIABLE NAME="$s_m_SelIns_SRC_TGT_${DBDWHV}.${V_HC_MS_HIST_SEGMENTO_MERCADO}.TotalTransErrors" DESCRIPTION="Total number of transformation errors" USERDEFINED="NO" DATATYPE="integer" DEFAULTVALUE="" ISPERSISTENT="NO" ISNULL="NO"/><WORKFLOWVARIABLE NAME="$s_m_SelIns_SRC_TGT_${DBDWHV}.${V_HC_MS_HIST_SEGMENTO_MERCADO}.FirstErrorCode" DESCRIPTION="First error code" USERDEFINED="NO" DATATYPE="integer" DEFAULTVALUE="" ISPERSISTENT="NO" ISNULL="NO"/><WORKFLOWVARIABLE NAME="$s_m_SelIns_SRC_TGT_${DBDWHV}.${V_HC_MS_HIST_SEGMENTO_MERCADO}.FirstErrorMsg" DESCRIPTION="First error message" USERDEFINED="NO" DATATYPE="string" DEFAULTVALUE="" ISPERSISTENT="NO" ISNULL="NO"/></WORKFLOW><SOURCE NAME="SRC_TGT_${DBDWHV}.${V_HC_MS_HIST_SEGMENTO_MERCADO}" DBDNAME="DB2" BUSINESSNAME="" DESCRIPTION="" OBJECTVERSION="1" OWNERNAME="" DATABASETYPE="DB2" VERSIONNUMBER="1"/><TARGET NAME="TGT_TGT_${DBDWHV}.${V_HC_MS_HIST_SEGMENTO_MERCADO}" OBJECTVERSION="1" DATABASETYPE="DB2" VERSIONNUMBER="1"/><MAPPING NAME="m_SelIns_TGT_${DBDWHV}.${V_HC_MS_HIST_SEGMENTO_MERCADO}" OBJECTVERSION="1" ISVALID="YES" VERSIONNUMBER="1"><TRANSFORMATION NAME="SQ_TGT_${DBDWHV}.${V_HC_MS_HIST_SEGMENTO_MERCADO}" TYPE="Source Qualifier" OBJECTVERSION="1" REUSABLE="NO" VERSIONNUMBER="1"><TABLEATTRIBUTE NAME="Number Of Sorted Ports" VALUE="0"/><TABLEATTRIBUTE NAME="Tracing Level" VALUE="Normal"/><TABLEATTRIBUTE NAME="Is Partitionable" VALUE="NO"/><TABLEATTRIBUTE NAME="Output is deterministic" VALUE="NO"/><TABLEATTRIBUTE NAME="Output is repeatable" VALUE="Never"/></TRANSFORMATION><INSTANCE NAME="TGT_${DBDWHV}.${V_HC_MS_HIST_SEGMENTO_MERCADO}" TYPE="SOURCE" REUSABLE="" TRANSFORMATION_TYPE="Source Definition" TRANSFORMATION_NAME="TGT_${DBDWHV}.${V_HC_MS_HIST_SEGMENTO_MERCADO}" DBDNAME="DB2"/><INSTANCE NAME="TGT_TGT_${DBDWHV}.${V_HC_MS_HIST_SEGMENTO_MERCADO}" TYPE="TARGET" REUSABLE="" TRANSFORMATION_TYPE="Target Definition" TRANSFORMATION_NAME="TGT_TGT_${DBDWHV}.${V_HC_MS_HIST_SEGMENTO_MERCADO}"/><INSTANCE NAME="SQ_TGT_${DBDWHV}.${V_HC_MS_HIST_SEGMENTO_MERCADO}" TYPE="SOURCE" REUSABLE="NO" TRANSFORMATION_TYPE="Source Qualifier" TRANSFORMATION_NAME="SQ_TGT_${DBDWHV}.${V_HC_MS_HIST_SEGMENTO_MERCADO}" DBDNAME="DB2"><ASSOCIATED_SOURCE_INSTANCE NAME="SRC_TGT_${DBDWHV}.${V_HC_MS_HIST_SEGMENTO_MERCADO}"/></INSTANCE><TARGETLOADORDER TARGETINSTANCE="TGT_TGT_${DBDWHV}.${V_HC_MS_HIST_SEGMENTO_MERCADO}" ORDER="1"/></MAPPING></FOLDER></REPOSITORY></POWERMART>