<?xml version="1.0" encoding="ISO-8859-1" standalone="yes"?><!DOCTYPE POWERMART SYSTEM "powrmart.dtd">
<POWERMART CREATION_DATE="10/11/2016 16:29:11" REPOSITORY_VERSION="184.93"><REPOSITORY NAME="XDIPCRS" DATABASETYPE="DB2" CODEPAGE="Latin1" VERSION="184"><FOLDER NAME="SRT_DISTINCT" DESCRIPTION="Everis : Antonio Jesus, Group for Global Corporate Teaser Tool(GCT), Developer, antonio.jesus.munoz.lapaz@zurich.com" SHARED="NOTSHARED" OWNER="w991593" PERMISSIONS="rwx---r--" UUID="55cd59eb-588d-4840-8dee-97c3257a4945"><WORKFLOW NAME="wf_SRT_DISTINCT" DESCRIPTION="This workflow has been generated from...." SERVERNAME="dipcis01" SERVER_DOMAINNAME="dinfadm01" SCHEDULERNAME="Scheduler" REUSABLE_SCHEDULER="NO" ISVALID="YES" ISENABLED="YES" SUSPEND_ON_ERROR="NO" TASKS_MUST_RUN_ON_SERVER="NO" VERSIONNUMBER="1" ISSERVICE="NO" ISRUNNABLESERVICE="NO"><SCHEDULER NAME="Scheduler" DESCRIPTION="" REUSABLE="NO" VERSIONNUMBER="1"><SCHEDULEINFO SCHEDULETYPE="ONDEMAND"/></SCHEDULER><TASK NAME="Start" DESCRIPTION="" TYPE="Start" REUSABLE="NO" VERSIONNUMBER="1"/><SESSION NAME="s_m_SRT_DISTINCT" DESCRIPTION="" REUSABLE="NO" ISVALID="YES" MAPPINGNAME="m_SRT_DISTINCT" SORTORDER="Binary" VERSIONNUMBER="1"><SESSTRANSFORMATIONINST SINSTANCENAME="SRC_EXP_NOT_NULL" TRANSFORMATIONNAME="SRC_EXP_NOT_NULL" TRANSFORMATIONTYPE="Source Definition" ISREPARTITIONPOINT="NO" STAGE="0" PIPELINE="0"/><SESSTRANSFORMATIONINST SINSTANCENAME="SQ_EXP_NOT_NULL" TRANSFORMATIONNAME="SQ_EXP_NOT_NULL" TRANSFORMATIONTYPE="Source Qualifier" PARTITIONTYPE="PASS THROUGH" ISREPARTITIONPOINT="YES" STAGE="1" PIPELINE="0"/><SESSTRANSFORMATIONINST SINSTANCENAME="TGT_SRT_DISTINCT" TRANSFORMATIONNAME="TGT_SRT_DISTINCT" TRANSFORMATIONTYPE="Target Definition" PARTITIONTYPE="PASS THROUGH" ISREPARTITIONPOINT="NO" STAGE="4" PIPELINE="0"/><SESSTRANSFORMATIONINST SINSTANCENAME="SRT_DISTINCT" TRANSFORMATIONNAME="SRT_DISTINCT" TRANSFORMATIONTYPE="Sorter" ISREPARTITIONPOINT="NO" STAGE="5" PIPELINE="0"><PARTITION NAME="Partition #1" DESCRIPTION=""/></SESSTRANSFORMATIONINST><CONFIGREFERENCE REFOBJECTNAME="default_session_config" TYPE="Session config"><ATTRIBUTE NAME="Stop on errors" VALUE="$PMSessionErrorThreshold"/></CONFIGREFERENCE><SESSIONCOMPONENT TYPE="Pre-session variable assignment" REFOBJECTNAME="presession_variable_assignment" REUSABLE="NO"><TASK NAME="presession_variable_assignment" DESCRIPTION="" TYPE="Command" REUSABLE="NO" VERSIONNUMBER="1"><ATTRIBUTE NAME="Fail task if any command fails" VALUE="NO"/><ATTRIBUTE NAME="Recovery Strategy" VALUE="Fail task and continue workflow"/></TASK></SESSIONCOMPONENT><SESSIONCOMPONENT TYPE="Post-session success variable assignment" REFOBJECTNAME="postsession_success_variable_assignment" REUSABLE="NO"><TASK NAME="postsession_success_variable_assignment" DESCRIPTION="" TYPE="Command" REUSABLE="NO" VERSIONNUMBER="1"><ATTRIBUTE NAME="Fail task if any command fails" VALUE="NO"/><ATTRIBUTE NAME="Recovery Strategy" VALUE="Fail task and continue workflow"/></TASK></SESSIONCOMPONENT><SESSIONCOMPONENT TYPE="Post-session failure variable assignment" REFOBJECTNAME="postsession_failure_variable_assignment" REUSABLE="NO"><TASK NAME="postsession_failure_variable_assignment" DESCRIPTION="" TYPE="Command" REUSABLE="NO" VERSIONNUMBER="1"><ATTRIBUTE NAME="Fail task if any command fails" VALUE="NO"/><ATTRIBUTE NAME="Recovery Strategy" VALUE="Fail task and continue workflow"/></TASK></SESSIONCOMPONENT><SESSIONEXTENSION NAME="Relational Reader" TYPE="READER" SUBTYPE="Relational Reader" SINSTANCENAME="EXP_NOT_NULL" TRANSFORMATIONTYPE="Source Definition" DSQINSTNAME="SQ_EXP_NOT_NULL" DSQINSTTYPE="Source Qualifier"/><SESSIONEXTENSION NAME="Relational Reader" TYPE="READER" SUBTYPE="Relational Reader" SINSTANCENAME="SQ_EXP_NOT_NULL" TRANSFORMATIONTYPE="Source Qualifier"><CONNECTIONREFERENCE CNXREFNAME="DB Connection" CONNECTIONTYPE="Relational" CONNECTIONSUBTYPE="" CONNECTIONNUMBER="1" CONNECTIONNAME="" VARIABLE="$DBConnectionCSS"/></SESSIONEXTENSION><ATTRIBUTE NAME="General Options" VALUE=""/><ATTRIBUTE NAME="Write Backward Compatible Session Log File" VALUE="NO"/><ATTRIBUTE NAME="Session Log File Name" VALUE="$PMSessionLogFile"/><ATTRIBUTE NAME="Session Log File directory" VALUE="$PMSessionLogDir\"/><ATTRIBUTE NAME="Parameter Filename" VALUE="$PMSourceFileDir/xdcssd/paramfiles/ipccss.param"/><ATTRIBUTE NAME="Enable Test Load" VALUE="NO"/><ATTRIBUTE NAME="$Source connection value" VALUE=""/><ATTRIBUTE NAME="$Target connection value" VALUE=""/><ATTRIBUTE NAME="Treat source rows as" VALUE="Insert"/><ATTRIBUTE NAME="Commit Type" VALUE="Target"/><ATTRIBUTE NAME="Commit Interval" VALUE="10000"/><ATTRIBUTE NAME="Commit On End Of File" VALUE="YES"/><ATTRIBUTE NAME="Rollback Transactions on Errors" VALUE="NO"/><ATTRIBUTE NAME="Recovery Strategy" VALUE="Fail task and continue workflow"/><ATTRIBUTE NAME="Java Classpath" VALUE=""/><ATTRIBUTE NAME="Performance" VALUE=""/><ATTRIBUTE NAME="DTM buffer size" VALUE="24000000"/><ATTRIBUTE NAME="Collect performance data" VALUE="NO"/><ATTRIBUTE NAME="Write performance data to repository" VALUE="NO"/><ATTRIBUTE NAME="Incremental Aggregation" VALUE="NO"/><ATTRIBUTE NAME="Session retry on deadlock" VALUE="NO"/><ATTRIBUTE NAME="Pushdown Optimization" VALUE="None"/><ATTRIBUTE NAME="Allow Temporary View for Pushdown" VALUE="NO"/><ATTRIBUTE NAME="Allow Temporary Sequence for Pushdown" VALUE="NO"/><ATTRIBUTE NAME="Allow Pushdown for User Incompatible Connections" VALUE="NO"/></SESSION><TASKINSTANCE NAME="Start" DESCRIPTION="" TASKTYPE="Start" TASKNAME="Start" ISENABLED="YES" REUSABLE="NO"/><TASKINSTANCE NAME="s_m_CSS55_AR_AGG_GWP" DESCRIPTION="This wf imports the data from table CSS55FF04T and CSS55FF04T, calculates the aggregates of AR and GWP, and exports it to the file css55XPUaragg.out which is loaded by XPU into the table CSS55FF05T" TASKTYPE="Session" TASKNAME="s_m_CSS55_AR_AGG_GWP" ISENABLED="YES" REUSABLE="NO" TREAT_INPUTLINK_AS_AND="YES" FAIL_PARENT_IF_INSTANCE_FAILS="YES" FAIL_PARENT_IF_INSTANCE_DID_NOT_RUN="NO"/><WORKFLOWVARIABLE NAME="$Start.StartTime" DESCRIPTION="The time this task started" USERDEFINED="NO" DATATYPE="date/time" DEFAULTVALUE="" ISPERSISTENT="NO" ISNULL="NO"/><WORKFLOWVARIABLE NAME="$Start.EndTime" DESCRIPTION="The time this task completed" USERDEFINED="NO" DATATYPE="date/time" DEFAULTVALUE="" ISPERSISTENT="NO" ISNULL="NO"/><WORKFLOWVARIABLE NAME="$Start.Status" DESCRIPTION="Status of this task's execution" USERDEFINED="NO" DATATYPE="integer" DEFAULTVALUE="" ISPERSISTENT="NO" ISNULL="NO"/><WORKFLOWVARIABLE NAME="$Start.PrevTaskStatus" DESCRIPTION="Status of the previous task that is not disabled" USERDEFINED="NO" DATATYPE="integer" DEFAULTVALUE="" ISPERSISTENT="NO" ISNULL="NO"/><WORKFLOWVARIABLE NAME="$Start.ErrorCode" DESCRIPTION="Error code for this task's execution" USERDEFINED="NO" DATATYPE="integer" DEFAULTVALUE="" ISPERSISTENT="NO" ISNULL="NO"/><WORKFLOWVARIABLE NAME="$Start.ErrorMsg" DESCRIPTION="Error message for this task's execution" USERDEFINED="NO" DATATYPE="string" DEFAULTVALUE="" ISPERSISTENT="NO" ISNULL="NO"/><WORKFLOWVARIABLE NAME="$s_m_CSS55_AR_AGG_GWP.StartTime" DESCRIPTION="The time this task started" USERDEFINED="NO" DATATYPE="date/time" DEFAULTVALUE="" ISPERSISTENT="NO" ISNULL="NO"/><WORKFLOWVARIABLE NAME="$s_m_CSS55_AR_AGG_GWP.EndTime" DESCRIPTION="The time this task completed" USERDEFINED="NO" DATATYPE="date/time" DEFAULTVALUE="" ISPERSISTENT="NO" ISNULL="NO"/><WORKFLOWVARIABLE NAME="$s_m_CSS55_AR_AGG_GWP.Status" DESCRIPTION="Status of this task's execution" USERDEFINED="NO" DATATYPE="integer" DEFAULTVALUE="" ISPERSISTENT="NO" ISNULL="NO"/><WORKFLOWVARIABLE NAME="$s_m_CSS55_AR_AGG_GWP.PrevTaskStatus" DESCRIPTION="Status of the previous task that is not disabled" USERDEFINED="NO" DATATYPE="integer" DEFAULTVALUE="" ISPERSISTENT="NO" ISNULL="NO"/><WORKFLOWVARIABLE NAME="$s_m_CSS55_AR_AGG_GWP.ErrorCode" DESCRIPTION="Error code for this task's execution" USERDEFINED="NO" DATATYPE="integer" DEFAULTVALUE="" ISPERSISTENT="NO" ISNULL="NO"/><WORKFLOWVARIABLE NAME="$s_m_CSS55_AR_AGG_GWP.ErrorMsg" DESCRIPTION="Error message for this task's execution" USERDEFINED="NO" DATATYPE="string" DEFAULTVALUE="" ISPERSISTENT="NO" ISNULL="NO"/><WORKFLOWVARIABLE NAME="$s_m_CSS55_AR_AGG_GWP.SrcSuccessRows" DESCRIPTION="Rows successfully read" USERDEFINED="NO" DATATYPE="integer" DEFAULTVALUE="" ISPERSISTENT="NO" ISNULL="NO"/><WORKFLOWVARIABLE NAME="$s_m_CSS55_AR_AGG_GWP.SrcFailedRows" DESCRIPTION="Rows failed to read" USERDEFINED="NO" DATATYPE="integer" DEFAULTVALUE="" ISPERSISTENT="NO" ISNULL="NO"/><WORKFLOWVARIABLE NAME="$s_m_CSS55_AR_AGG_GWP.TgtSuccessRows" DESCRIPTION="Rows successfully loaded" USERDEFINED="NO" DATATYPE="integer" DEFAULTVALUE="" ISPERSISTENT="NO" ISNULL="NO"/><WORKFLOWVARIABLE NAME="$s_m_CSS55_AR_AGG_GWP.TgtFailedRows" DESCRIPTION="Rows failed to load" USERDEFINED="NO" DATATYPE="integer" DEFAULTVALUE="" ISPERSISTENT="NO" ISNULL="NO"/><WORKFLOWVARIABLE NAME="$s_m_CSS55_AR_AGG_GWP.TotalTransErrors" DESCRIPTION="Total number of transformation errors" USERDEFINED="NO" DATATYPE="integer" DEFAULTVALUE="" ISPERSISTENT="NO" ISNULL="NO"/><WORKFLOWVARIABLE NAME="$s_m_CSS55_AR_AGG_GWP.FirstErrorCode" DESCRIPTION="First error code" USERDEFINED="NO" DATATYPE="integer" DEFAULTVALUE="" ISPERSISTENT="NO" ISNULL="NO"/><WORKFLOWVARIABLE NAME="$s_m_CSS55_AR_AGG_GWP.FirstErrorMsg" DESCRIPTION="First error message" USERDEFINED="NO" DATATYPE="string" DEFAULTVALUE="" ISPERSISTENT="NO" ISNULL="NO"/><ATTRIBUTE NAME="Parameter Filename" VALUE=""/><ATTRIBUTE NAME="Write Backward Compatible Workflow Log File" VALUE="NO"/><ATTRIBUTE NAME="Workflow Log File Name" VALUE="wf_CSS55_AR_AGG_GWP.log"/><ATTRIBUTE NAME="Workflow Log File Directory" VALUE="$PMWorkflowLogDir\"/><ATTRIBUTE NAME="Save Workflow log by" VALUE="By runs"/><ATTRIBUTE NAME="Save workflow log for these runs" VALUE="0"/><ATTRIBUTE NAME="Service Name" VALUE=""/><ATTRIBUTE NAME="Service Timeout" VALUE="0"/><ATTRIBUTE NAME="Is Service Visible" VALUE="NO"/><ATTRIBUTE NAME="Is Service Protected" VALUE="NO"/><ATTRIBUTE NAME="Fail task after wait time" VALUE="0"/><ATTRIBUTE NAME="Enable HA recovery" VALUE="NO"/><ATTRIBUTE NAME="Automatically recover terminated tasks" VALUE="NO"/><ATTRIBUTE NAME="Service Level Name" VALUE="Default"/><ATTRIBUTE NAME="Allow concurrent run with unique run instance name" VALUE="NO"/><ATTRIBUTE NAME="Allow concurrent run with same run instance name" VALUE="NO"/><ATTRIBUTE NAME="Maximum number of concurrent runs" VALUE="0"/><ATTRIBUTE NAME="Assigned Web Services Hubs" VALUE=""/><ATTRIBUTE NAME="Maximum number of concurrent runs per Hub" VALUE="1000"/><ATTRIBUTE NAME="Expected Service Time" VALUE="1"/></WORKFLOW><SOURCE NAME="SRC_EXP_NOT_NULL" DBDNAME="ODBC" BUSINESSNAME="" DESCRIPTION="GENERATED SOURCE FOR SRT_DISTINCT-TRANSFORMATION." OBJECTVERSION="1" OWNERNAME="XDCSS" DATABASETYPE="ODBC" VERSIONNUMBER="1"><SOURCEFIELD NAME="MONTH_ID" BUSINESSNAME="" DESCRIPTION="" DATATYPE="integer" KEYTYPE="NOT A KEY" PRECISION="10" SCALE="0" USAGE_FLAGS="" LEVEL="0" FIELDTYPE="ELEMITEM" PICTURETEXT="" OCCURS="0" OFFSET="0" LENGTH="10" PHYSICALOFFSET="0" PHYSICALLENGTH="10" FIELDNUMBER="1" FIELDPROPERTY="0" HIDDEN="NO"/><SOURCEFIELD NAME="SUBMARKET_UNIT_ID" BUSINESSNAME="" DESCRIPTION="" DATATYPE="varchar" KEYTYPE="NOT A KEY" PRECISION="50" SCALE="0" USAGE_FLAGS="" LEVEL="0" FIELDTYPE="ELEMITEM" PICTURETEXT="" OCCURS="0" OFFSET="11" PHYSICALOFFSET="10" PHYSICALLENGTH="50" FIELDNUMBER="1" FIELDPROPERTY="0" HIDDEN="NO"/><SOURCEFIELD NAME="AR" BUSINESSNAME="" DESCRIPTION="" DATATYPE="decimal" KEYTYPE="NOT A KEY" PRECISION="15" SCALE="2" USAGE_FLAGS="" LEVEL="0" FIELDTYPE="ELEMITEM" PICTURETEXT="" OCCURS="0" OFFSET="11" LENGTH="17" PHYSICALOFFSET="60" PHYSICALLENGTH="15" FIELDNUMBER="2" FIELDPROPERTY="0" HIDDEN="NO"/><SOURCEFIELD NAME="GWP_1_YEAR" BUSINESSNAME="" DESCRIPTION="" DATATYPE="decimal" KEYTYPE="NOT A KEY" PRECISION="15" SCALE="2" USAGE_FLAGS="" LEVEL="0" FIELDTYPE="ELEMITEM" PICTURETEXT="" OCCURS="0" OFFSET="11" LENGTH="17" PHYSICALOFFSET="75" PHYSICALLENGTH="15" FIELDNUMBER="3" FIELDPROPERTY="0" HIDDEN="NO"/><SOURCEFIELD NAME="RUN_ID" BUSINESSNAME="" DESCRIPTION="" DATATYPE="integer" KEYTYPE="NOT A KEY" PRECISION="10" SCALE="0" USAGE_FLAGS="" LEVEL="0" FIELDTYPE="ELEMITEM" PICTURETEXT="" OCCURS="0" OFFSET="11" LENGTH="10" PHYSICALOFFSET="90" PHYSICALLENGTH="10" FIELDNUMBER="4" FIELDPROPERTY="0" HIDDEN="NO"/><SOURCEFIELD NAME="LOCAL_CURRENCY" BUSINESSNAME="" DESCRIPTION="" DATATYPE="varchar" KEYTYPE="NOT A KEY" PRECISION="4" SCALE="0" USAGE_FLAGS="" LEVEL="0" FIELDTYPE="ELEMITEM" PICTURETEXT="" OCCURS="0" OFFSET="11" PHYSICALOFFSET="100" PHYSICALLENGTH="4" FIELDNUMBER="5" FIELDPROPERTY="0" HIDDEN="NO"/><SOURCEFIELD NAME="COUNTRY_CODE" BUSINESSNAME="" DESCRIPTION="" DATATYPE="varchar" KEYTYPE="NOT A KEY" PRECISION="50" SCALE="0" USAGE_FLAGS="" LEVEL="0" FIELDTYPE="ELEMITEM" PICTURETEXT="" OCCURS="0" OFFSET="11" PHYSICALOFFSET="104" PHYSICALLENGTH="50" FIELDNUMBER="6" FIELDPROPERTY="0" HIDDEN="NO"/><SOURCEFIELD NAME="SPECIAL_PROGRAM_ID" BUSINESSNAME="" DESCRIPTION="" DATATYPE="varchar" KEYTYPE="NOT A KEY" PRECISION="10" SCALE="0" USAGE_FLAGS="" LEVEL="0" FIELDTYPE="ELEMITEM" PICTURETEXT="" OCCURS="0" OFFSET="11" PHYSICALOFFSET="154" PHYSICALLENGTH="10" FIELDNUMBER="7" FIELDPROPERTY="0" HIDDEN="NO"/><SOURCEFIELD NAME="CUSTOMER_ID" BUSINESSNAME="" DESCRIPTION="" DATATYPE="varchar" KEYTYPE="NOT A KEY" PRECISION="50" SCALE="0" USAGE_FLAGS="" LEVEL="0" FIELDTYPE="ELEMITEM" PICTURETEXT="" OCCURS="0" OFFSET="11" PHYSICALOFFSET="164" PHYSICALLENGTH="50" FIELDNUMBER="8" FIELDPROPERTY="0" HIDDEN="NO"/><SOURCEFIELD NAME="LOB_ID" BUSINESSNAME="" DESCRIPTION="" DATATYPE="varchar" KEYTYPE="NOT A KEY" PRECISION="50" SCALE="0" USAGE_FLAGS="" LEVEL="0" FIELDTYPE="ELEMITEM" PICTURETEXT="" OCCURS="0" OFFSET="11" PHYSICALOFFSET="214" PHYSICALLENGTH="50" FIELDNUMBER="9" FIELDPROPERTY="0" HIDDEN="NO"/><SOURCEFIELD NAME="BROKER_ID" BUSINESSNAME="" DESCRIPTION="" DATATYPE="varchar" KEYTYPE="NOT A KEY" PRECISION="20" SCALE="0" USAGE_FLAGS="" LEVEL="0" FIELDTYPE="ELEMITEM" PICTURETEXT="" OCCURS="0" OFFSET="11" PHYSICALOFFSET="264" PHYSICALLENGTH="20" FIELDNUMBER="10" FIELDPROPERTY="0" HIDDEN="NO"/><SOURCEFIELD NAME="SPECIAL_COLLECTION_ID" BUSINESSNAME="" DESCRIPTION="" DATATYPE="varchar" KEYTYPE="NOT A KEY" PRECISION="20" SCALE="0" USAGE_FLAGS="" LEVEL="0" FIELDTYPE="ELEMITEM" PICTURETEXT="" OCCURS="0" OFFSET="11" PHYSICALOFFSET="284" PHYSICALLENGTH="20" FIELDNUMBER="11" FIELDPROPERTY="0" HIDDEN="NO"/><SOURCEFIELD NAME="COA" BUSINESSNAME="" DESCRIPTION="" DATATYPE="varchar" KEYTYPE="NOT A KEY" PRECISION="8" SCALE="0" USAGE_FLAGS="" LEVEL="0" FIELDTYPE="ELEMITEM" PICTURETEXT="" OCCURS="0" OFFSET="11" PHYSICALOFFSET="304" PHYSICALLENGTH="8" FIELDNUMBER="12" FIELDPROPERTY="0" HIDDEN="NO"/><SOURCEFIELD NAME="AGE_BUCKET_ID" BUSINESSNAME="" DESCRIPTION="" DATATYPE="varchar" KEYTYPE="NOT A KEY" PRECISION="20" SCALE="0" USAGE_FLAGS="" LEVEL="0" FIELDTYPE="ELEMITEM" PICTURETEXT="" OCCURS="0" OFFSET="11" PHYSICALOFFSET="312" PHYSICALLENGTH="20" FIELDNUMBER="13" FIELDPROPERTY="0" HIDDEN="NO"/></SOURCE><TARGET NAME="TGT_SRT_DISTINCT" BUSINESSNAME="" DESCRIPTION="GENERATED TARGET FOR SRT_DISTINCT-TRANSFORMATION." OBJECTVERSION="1" CONSTRAINT="" TABLEOPTIONS="" DATABASETYPE="DB2" VERSIONNUMBER="1"><TARGETFIELD NAME="CSS55FF05T_FILE" BUSINESSNAME="" DESCRIPTION="" DATATYPE="varchar" KEYTYPE="NOT A KEY" PRECISION="10" SCALE="0" FIELDNUMBER="1" NULLABLE="NULL" PICTURETEXT=""/><TARGETFIELD NAME="CUSTOMER_ID" BUSINESSNAME="" DESCRIPTION="" DATATYPE="varchar" KEYTYPE="NOT A KEY" PRECISION="50" SCALE="0" FIELDNUMBER="1" NULLABLE="NULL" PICTURETEXT=""/><TARGETFIELD NAME="SUBMARKET_UNIT_ID" BUSINESSNAME="" DESCRIPTION="" DATATYPE="varchar" KEYTYPE="NOT A KEY" PRECISION="50" SCALE="0" FIELDNUMBER="1" NULLABLE="NULL" PICTURETEXT=""/><TARGETFIELD NAME="LOB_ID" BUSINESSNAME="" DESCRIPTION="" DATATYPE="varchar" KEYTYPE="NOT A KEY" PRECISION="50" SCALE="0" FIELDNUMBER="1" NULLABLE="NULL" PICTURETEXT=""/><TARGETFIELD NAME="BROKER_ID" BUSINESSNAME="" DESCRIPTION="" DATATYPE="varchar" KEYTYPE="NOT A KEY" PRECISION="20" SCALE="0" FIELDNUMBER="1" NULLABLE="NULL" PICTURETEXT=""/><TARGETFIELD NAME="SPECIAL_COLLECTION_ID" BUSINESSNAME="" DESCRIPTION="" DATATYPE="varchar" KEYTYPE="NOT A KEY" PRECISION="20" SCALE="0" FIELDNUMBER="1" NULLABLE="NULL" PICTURETEXT=""/><TARGETFIELD NAME="COA" BUSINESSNAME="" DESCRIPTION="" DATATYPE="varchar" KEYTYPE="NOT A KEY" PRECISION="8" SCALE="0" FIELDNUMBER="1" NULLABLE="NULL" PICTURETEXT=""/><TARGETFIELD NAME="AGE_BUCKET_ID" BUSINESSNAME="" DESCRIPTION="" DATATYPE="varchar" KEYTYPE="NOT A KEY" PRECISION="20" SCALE="0" FIELDNUMBER="1" NULLABLE="NULL" PICTURETEXT=""/><TARGETFIELD NAME="MONTH_ID" BUSINESSNAME="" DESCRIPTION="" DATATYPE="integer" KEYTYPE="NOT A KEY" PRECISION="10" SCALE="0" FIELDNUMBER="1" NULLABLE="NULL" PICTURETEXT=""/><TARGETFIELD NAME="COUNTRY_CODE" BUSINESSNAME="" DESCRIPTION="" DATATYPE="varchar" KEYTYPE="NOT A KEY" PRECISION="50" SCALE="0" FIELDNUMBER="1" NULLABLE="NULL" PICTURETEXT=""/><TARGETFIELD NAME="LOCAL_CURRENCY" BUSINESSNAME="" DESCRIPTION="" DATATYPE="varchar" KEYTYPE="NOT A KEY" PRECISION="4" SCALE="0" FIELDNUMBER="1" NULLABLE="NULL" PICTURETEXT=""/><TARGETFIELD NAME="AR" BUSINESSNAME="" DESCRIPTION="" DATATYPE="decimal" KEYTYPE="NOT A KEY" PRECISION="15" SCALE="2" FIELDNUMBER="1" NULLABLE="NULL" PICTURETEXT=""/><TARGETFIELD NAME="GWP_1_YEAR" BUSINESSNAME="" DESCRIPTION="" DATATYPE="decimal" KEYTYPE="NOT A KEY" PRECISION="15" SCALE="2" FIELDNUMBER="1" NULLABLE="NULL" PICTURETEXT=""/><TARGETFIELD NAME="RUN_ID" BUSINESSNAME="" DESCRIPTION="" DATATYPE="integer" KEYTYPE="NOT A KEY" PRECISION="10" SCALE="0" FIELDNUMBER="1" NULLABLE="NULL" PICTURETEXT=""/></TARGET><MAPPING NAME="m_SRT_DISTINCT" DESCRIPTION="MAPPING GENERATED WITH SCRIPT." OBJECTVERSION="1" ISVALID="YES" VERSIONNUMBER="1"><TRANSFORMATION NAME="SRT_DISTINCT" DESCRIPTION="" TYPE="Sorter" OBJECTVERSION="1" REUSABLE="NO" VERSIONNUMBER="1"><TRANSFORMFIELD NAME="MONTH_ID" DESCRIPTION="" DATATYPE="integer" PORTTYPE="INPUT/OUTPUT" PRECISION="10" SCALE="0" PICTURETEXT="" DEFAULTVALUE="" ISSORTKEY="YES" SORTDIRECTION="ASCENDING"/><TRANSFORMFIELD NAME="COUNTRY_CODE" DESCRIPTION="" DATATYPE="string" PORTTYPE="INPUT/OUTPUT" PRECISION="50" SCALE="0" PICTURETEXT="" DEFAULTVALUE="" ISSORTKEY="YES" SORTDIRECTION="ASCENDING"/><TRANSFORMFIELD NAME="LOCAL_CURRENCY" DESCRIPTION="" DATATYPE="string" PORTTYPE="INPUT/OUTPUT" PRECISION="4" SCALE="0" PICTURETEXT="" DEFAULTVALUE="" ISSORTKEY="YES" SORTDIRECTION="ASCENDING"/><TRANSFORMFIELD NAME="SPECIAL_PROGRAM_ID" DESCRIPTION="" DATATYPE="string" PORTTYPE="INPUT/OUTPUT" PRECISION="10" SCALE="0" PICTURETEXT="" DEFAULTVALUE="" ISSORTKEY="YES" SORTDIRECTION="ASCENDING"/><TRANSFORMFIELD NAME="CUSTOMER_ID" DESCRIPTION="" DATATYPE="string" PORTTYPE="INPUT/OUTPUT" PRECISION="50" SCALE="0" PICTURETEXT="" DEFAULTVALUE="" ISSORTKEY="YES" SORTDIRECTION="ASCENDING"/><TRANSFORMFIELD NAME="SUBMARKET_UNIT_ID" DESCRIPTION="" DATATYPE="string" PORTTYPE="INPUT/OUTPUT" PRECISION="50" SCALE="0" PICTURETEXT="" DEFAULTVALUE="" ISSORTKEY="YES" SORTDIRECTION="ASCENDING"/><TRANSFORMFIELD NAME="LOB_ID" DESCRIPTION="" DATATYPE="string" PORTTYPE="INPUT/OUTPUT" PRECISION="50" SCALE="0" PICTURETEXT="" DEFAULTVALUE="" ISSORTKEY="YES" SORTDIRECTION="ASCENDING"/><TRANSFORMFIELD NAME="BROKER_ID" DESCRIPTION="" DATATYPE="string" PORTTYPE="INPUT/OUTPUT" PRECISION="20" SCALE="0" PICTURETEXT="" DEFAULTVALUE="" ISSORTKEY="YES" SORTDIRECTION="ASCENDING"/><TRANSFORMFIELD NAME="AR" DESCRIPTION="" DATATYPE="decimal" PORTTYPE="INPUT/OUTPUT" PRECISION="15" SCALE="2" PICTURETEXT="" DEFAULTVALUE="" ISSORTKEY="YES" SORTDIRECTION="ASCENDING"/><TRANSFORMFIELD NAME="GWP_1_YEAR" DESCRIPTION="" DATATYPE="decimal" PORTTYPE="INPUT/OUTPUT" PRECISION="15" SCALE="2" PICTURETEXT="" DEFAULTVALUE="" ISSORTKEY="YES" SORTDIRECTION="ASCENDING"/><TRANSFORMFIELD NAME="SPECIAL_COLLECTION_ID" DESCRIPTION="" DATATYPE="string" PORTTYPE="INPUT/OUTPUT" PRECISION="20" SCALE="0" PICTURETEXT="" DEFAULTVALUE="" ISSORTKEY="YES" SORTDIRECTION="ASCENDING"/><TRANSFORMFIELD NAME="COA" DESCRIPTION="" DATATYPE="string" PORTTYPE="INPUT/OUTPUT" PRECISION="8" SCALE="0" PICTURETEXT="" DEFAULTVALUE="" ISSORTKEY="YES" SORTDIRECTION="ASCENDING"/><TRANSFORMFIELD NAME="AGE_BUCKET_ID" DESCRIPTION="" DATATYPE="string" PORTTYPE="INPUT/OUTPUT" PRECISION="20" SCALE="0" PICTURETEXT="" DEFAULTVALUE="" ISSORTKEY="YES" SORTDIRECTION="ASCENDING"/><TRANSFORMFIELD NAME="RUN_ID" DESCRIPTION="" DATATYPE="integer" PORTTYPE="INPUT/OUTPUT" PRECISION="10" SCALE="0" PICTURETEXT="" DEFAULTVALUE="" ISSORTKEY="NO" SORTDIRECTION="ASCENDING"/><TABLEATTRIBUTE NAME="Sorter Cache Size" VALUE="Auto"/><TABLEATTRIBUTE NAME="Case Sensitive" VALUE="YES"/><TABLEATTRIBUTE NAME="Work Directory" VALUE="$PMTempDir"/><TABLEATTRIBUTE NAME="Distinct" VALUE="NO"/><TABLEATTRIBUTE NAME="Tracing Level" VALUE="Normal"/><TABLEATTRIBUTE NAME="Null Treated Low" VALUE="NO"/><TABLEATTRIBUTE NAME="Merge Only" VALUE="NO"/><TABLEATTRIBUTE NAME="Partitioning" VALUE="Order records for individual partitions"/><TABLEATTRIBUTE NAME="Transformation Scope" VALUE="All Input"/></TRANSFORMATION><TRANSFORMATION NAME="SQ_EXP_NOT_NULL" DESCRIPTION="Source qualifier for EXP_NOT_NULL" TYPE="Source Qualifier" OBJECTVERSION="1" REUSABLE="NO" VERSIONNUMBER="1" COMPONENTVERSION="1"><TRANSFORMFIELD NAME="MONTH_ID" DESCRIPTION="" DATATYPE="integer" PORTTYPE="INPUT/OUTPUT" PRECISION="10" SCALE="0" PICTURETEXT="" DEFAULTVALUE=""/><TRANSFORMFIELD NAME="SUBMARKET_UNIT_ID" DESCRIPTION="" DATATYPE="string" PORTTYPE="INPUT/OUTPUT" PRECISION="50" SCALE="0" PICTURETEXT="" DEFAULTVALUE=""/><TRANSFORMFIELD NAME="AR" DESCRIPTION="" DATATYPE="decimal" PORTTYPE="INPUT/OUTPUT" PRECISION="15" SCALE="2" PICTURETEXT="" DEFAULTVALUE=""/><TRANSFORMFIELD NAME="GWP_1_YEAR" DESCRIPTION="" DATATYPE="decimal" PORTTYPE="INPUT/OUTPUT" PRECISION="15" SCALE="2" PICTURETEXT="" DEFAULTVALUE=""/><TRANSFORMFIELD NAME="RUN_ID" DESCRIPTION="" DATATYPE="integer" PORTTYPE="INPUT/OUTPUT" PRECISION="10" SCALE="0" PICTURETEXT="" DEFAULTVALUE=""/><TRANSFORMFIELD NAME="LOCAL_CURRENCY" DESCRIPTION="" DATATYPE="string" PORTTYPE="INPUT/OUTPUT" PRECISION="4" SCALE="0" PICTURETEXT="" DEFAULTVALUE=""/><TRANSFORMFIELD NAME="COUNTRY_CODE" DESCRIPTION="" DATATYPE="string" PORTTYPE="INPUT/OUTPUT" PRECISION="50" SCALE="0" PICTURETEXT="" DEFAULTVALUE=""/><TRANSFORMFIELD NAME="SPECIAL_PROGRAM_ID" DESCRIPTION="" DATATYPE="string" PORTTYPE="INPUT/OUTPUT" PRECISION="10" SCALE="0" PICTURETEXT="" DEFAULTVALUE=""/><TRANSFORMFIELD NAME="CUSTOMER_ID" DESCRIPTION="" DATATYPE="string" PORTTYPE="INPUT/OUTPUT" PRECISION="50" SCALE="0" PICTURETEXT="" DEFAULTVALUE=""/><TRANSFORMFIELD NAME="LOB_ID" DESCRIPTION="" DATATYPE="string" PORTTYPE="INPUT/OUTPUT" PRECISION="50" SCALE="0" PICTURETEXT="" DEFAULTVALUE=""/><TRANSFORMFIELD NAME="BROKER_ID" DESCRIPTION="" DATATYPE="string" PORTTYPE="INPUT/OUTPUT" PRECISION="20" SCALE="0" PICTURETEXT="" DEFAULTVALUE=""/><TRANSFORMFIELD NAME="SPECIAL_COLLECTION_ID" DESCRIPTION="" DATATYPE="string" PORTTYPE="INPUT/OUTPUT" PRECISION="20" SCALE="0" PICTURETEXT="" DEFAULTVALUE=""/><TRANSFORMFIELD NAME="COA" DESCRIPTION="" DATATYPE="string" PORTTYPE="INPUT/OUTPUT" PRECISION="8" SCALE="0" PICTURETEXT="" DEFAULTVALUE=""/><TRANSFORMFIELD NAME="AGE_BUCKET_ID" DESCRIPTION="" DATATYPE="string" PORTTYPE="INPUT/OUTPUT" PRECISION="20" SCALE="0" PICTURETEXT="" DEFAULTVALUE=""/><TABLEATTRIBUTE NAME="SQL Query" VALUE=""/><TABLEATTRIBUTE NAME="User Defined Join" VALUE=""/><TABLEATTRIBUTE NAME="Source Filter" VALUE=""/><TABLEATTRIBUTE NAME="Number Of Sorted Ports" VALUE="0"/><TABLEATTRIBUTE NAME="Tracing Level" VALUE="Normal"/><TABLEATTRIBUTE NAME="Select Distinct" VALUE="NO"/><TABLEATTRIBUTE NAME="Is Partitionable" VALUE="NO"/><TABLEATTRIBUTE NAME="Pre SQL" VALUE=""/><TABLEATTRIBUTE NAME="Post SQL" VALUE=""/><TABLEATTRIBUTE NAME="Output is deterministic" VALUE="NO"/><TABLEATTRIBUTE NAME="Output is repeatable" VALUE="NEVER"/></TRANSFORMATION><INSTANCE NAME="SRC_EXP_NOT_NULL" DESCRIPTION="" TYPE="SOURCE" TRANSFORMATION_TYPE="Source Definition" TRANSFORMATION_NAME="SRC_EXP_NOT_NULL" DBDNAME="ODBC"/><INSTANCE NAME="SQ_EXP_NOT_NULL" DESCRIPTION="" TYPE="TRANSFORMATION" TRANSFORMATION_TYPE="Source Qualifier" TRANSFORMATION_NAME="SQ_EXP_NOT_NULL"><ASSOCIATED_SOURCE_INSTANCE NAME="SQ_EXP_NOT_NULL"/></INSTANCE><INSTANCE NAME="TGT_SRT_DISTINCT" DESCRIPTION="" TYPE="TARGET" TRANSFORMATION_TYPE="Target Definition" TRANSFORMATION_NAME="TGT_SRT_DISTINCT"/><INSTANCE NAME="SRT_DISTINCT" DESCRIPTION="" TYPE="TRANSFORMATION" REUSABLE="NO" TRANSFORMATION_TYPE="Sorter" TRANSFORMATION_NAME="SRT_DISTINCT"/><CONNECTOR FROMINSTANCE="SRC_EXP_NOT_NULL" FROMINSTANCETYPE="Source Definition" FROMFIELD="MONTH_ID" TOINSTANCE="SQ_EXP_NOT_NULL" TOINSTANCETYPE="Source Qualifier" TOFIELD="MONTH_ID"/><CONNECTOR FROMINSTANCE="SQ_EXP_NOT_NULL" FROMINSTANCETYPE="Source Qualifier" FROMFIELD="MONTH_ID" TOINSTANCE="SRT_DISTINCT" TOINSTANCETYPE="Sorter" TOFIELD="MONTH_ID"/><CONNECTOR FROMINSTANCE="SRC_EXP_NOT_NULL" FROMINSTANCETYPE="Source Definition" FROMFIELD="SUBMARKET_UNIT_ID" TOINSTANCE="SQ_EXP_NOT_NULL" TOINSTANCETYPE="Source Qualifier" TOFIELD="SUBMARKET_UNIT_ID"/><CONNECTOR FROMINSTANCE="SQ_EXP_NOT_NULL" FROMINSTANCETYPE="Source Qualifier" FROMFIELD="SUBMARKET_UNIT_ID" TOINSTANCE="SRT_DISTINCT" TOINSTANCETYPE="Sorter" TOFIELD="SUBMARKET_UNIT_ID"/><CONNECTOR FROMINSTANCE="SRC_EXP_NOT_NULL" FROMINSTANCETYPE="Source Definition" FROMFIELD="AR" TOINSTANCE="SQ_EXP_NOT_NULL" TOINSTANCETYPE="Source Qualifier" TOFIELD="AR"/><CONNECTOR FROMINSTANCE="SQ_EXP_NOT_NULL" FROMINSTANCETYPE="Source Qualifier" FROMFIELD="AR" TOINSTANCE="SRT_DISTINCT" TOINSTANCETYPE="Sorter" TOFIELD="AR"/><CONNECTOR FROMINSTANCE="SRC_EXP_NOT_NULL" FROMINSTANCETYPE="Source Definition" FROMFIELD="GWP_1_YEAR" TOINSTANCE="SQ_EXP_NOT_NULL" TOINSTANCETYPE="Source Qualifier" TOFIELD="GWP_1_YEAR"/><CONNECTOR FROMINSTANCE="SQ_EXP_NOT_NULL" FROMINSTANCETYPE="Source Qualifier" FROMFIELD="GWP_1_YEAR" TOINSTANCE="SRT_DISTINCT" TOINSTANCETYPE="Sorter" TOFIELD="GWP_1_YEAR"/><CONNECTOR FROMINSTANCE="SRC_EXP_NOT_NULL" FROMINSTANCETYPE="Source Definition" FROMFIELD="RUN_ID" TOINSTANCE="SQ_EXP_NOT_NULL" TOINSTANCETYPE="Source Qualifier" TOFIELD="RUN_ID"/><CONNECTOR FROMINSTANCE="SQ_EXP_NOT_NULL" FROMINSTANCETYPE="Source Qualifier" FROMFIELD="RUN_ID" TOINSTANCE="SRT_DISTINCT" TOINSTANCETYPE="Sorter" TOFIELD="RUN_ID"/><CONNECTOR FROMINSTANCE="SRC_EXP_NOT_NULL" FROMINSTANCETYPE="Source Definition" FROMFIELD="LOCAL_CURRENCY" TOINSTANCE="SQ_EXP_NOT_NULL" TOINSTANCETYPE="Source Qualifier" TOFIELD="LOCAL_CURRENCY"/><CONNECTOR FROMINSTANCE="SQ_EXP_NOT_NULL" FROMINSTANCETYPE="Source Qualifier" FROMFIELD="LOCAL_CURRENCY" TOINSTANCE="SRT_DISTINCT" TOINSTANCETYPE="Sorter" TOFIELD="LOCAL_CURRENCY"/><CONNECTOR FROMINSTANCE="SRC_EXP_NOT_NULL" FROMINSTANCETYPE="Source Definition" FROMFIELD="COUNTRY_CODE" TOINSTANCE="SQ_EXP_NOT_NULL" TOINSTANCETYPE="Source Qualifier" TOFIELD="COUNTRY_CODE"/><CONNECTOR FROMINSTANCE="SQ_EXP_NOT_NULL" FROMINSTANCETYPE="Source Qualifier" FROMFIELD="COUNTRY_CODE" TOINSTANCE="SRT_DISTINCT" TOINSTANCETYPE="Sorter" TOFIELD="COUNTRY_CODE"/><CONNECTOR FROMINSTANCE="SRC_EXP_NOT_NULL" FROMINSTANCETYPE="Source Definition" FROMFIELD="SPECIAL_PROGRAM_ID" TOINSTANCE="SQ_EXP_NOT_NULL" TOINSTANCETYPE="Source Qualifier" TOFIELD="SPECIAL_PROGRAM_ID"/><CONNECTOR FROMINSTANCE="SQ_EXP_NOT_NULL" FROMINSTANCETYPE="Source Qualifier" FROMFIELD="SPECIAL_PROGRAM_ID" TOINSTANCE="SRT_DISTINCT" TOINSTANCETYPE="Sorter" TOFIELD="SPECIAL_PROGRAM_ID"/><CONNECTOR FROMINSTANCE="SRC_EXP_NOT_NULL" FROMINSTANCETYPE="Source Definition" FROMFIELD="CUSTOMER_ID" TOINSTANCE="SQ_EXP_NOT_NULL" TOINSTANCETYPE="Source Qualifier" TOFIELD="CUSTOMER_ID"/><CONNECTOR FROMINSTANCE="SQ_EXP_NOT_NULL" FROMINSTANCETYPE="Source Qualifier" FROMFIELD="CUSTOMER_ID" TOINSTANCE="SRT_DISTINCT" TOINSTANCETYPE="Sorter" TOFIELD="CUSTOMER_ID"/><CONNECTOR FROMINSTANCE="SRC_EXP_NOT_NULL" FROMINSTANCETYPE="Source Definition" FROMFIELD="LOB_ID" TOINSTANCE="SQ_EXP_NOT_NULL" TOINSTANCETYPE="Source Qualifier" TOFIELD="LOB_ID"/><CONNECTOR FROMINSTANCE="SQ_EXP_NOT_NULL" FROMINSTANCETYPE="Source Qualifier" FROMFIELD="LOB_ID" TOINSTANCE="SRT_DISTINCT" TOINSTANCETYPE="Sorter" TOFIELD="LOB_ID"/><CONNECTOR FROMINSTANCE="SRC_EXP_NOT_NULL" FROMINSTANCETYPE="Source Definition" FROMFIELD="BROKER_ID" TOINSTANCE="SQ_EXP_NOT_NULL" TOINSTANCETYPE="Source Qualifier" TOFIELD="BROKER_ID"/><CONNECTOR FROMINSTANCE="SQ_EXP_NOT_NULL" FROMINSTANCETYPE="Source Qualifier" FROMFIELD="BROKER_ID" TOINSTANCE="SRT_DISTINCT" TOINSTANCETYPE="Sorter" TOFIELD="BROKER_ID"/><CONNECTOR FROMINSTANCE="SRC_EXP_NOT_NULL" FROMINSTANCETYPE="Source Definition" FROMFIELD="SPECIAL_COLLECTION_ID" TOINSTANCE="SQ_EXP_NOT_NULL" TOINSTANCETYPE="Source Qualifier" TOFIELD="SPECIAL_COLLECTION_ID"/><CONNECTOR FROMINSTANCE="SQ_EXP_NOT_NULL" FROMINSTANCETYPE="Source Qualifier" FROMFIELD="SPECIAL_COLLECTION_ID" TOINSTANCE="SRT_DISTINCT" TOINSTANCETYPE="Sorter" TOFIELD="SPECIAL_COLLECTION_ID"/><CONNECTOR FROMINSTANCE="SRC_EXP_NOT_NULL" FROMINSTANCETYPE="Source Definition" FROMFIELD="COA" TOINSTANCE="SQ_EXP_NOT_NULL" TOINSTANCETYPE="Source Qualifier" TOFIELD="COA"/><CONNECTOR FROMINSTANCE="SQ_EXP_NOT_NULL" FROMINSTANCETYPE="Source Qualifier" FROMFIELD="COA" TOINSTANCE="SRT_DISTINCT" TOINSTANCETYPE="Sorter" TOFIELD="COA"/><CONNECTOR FROMINSTANCE="SRC_EXP_NOT_NULL" FROMINSTANCETYPE="Source Definition" FROMFIELD="AGE_BUCKET_ID" TOINSTANCE="SQ_EXP_NOT_NULL" TOINSTANCETYPE="Source Qualifier" TOFIELD="AGE_BUCKET_ID"/><CONNECTOR FROMINSTANCE="SQ_EXP_NOT_NULL" FROMINSTANCETYPE="Source Qualifier" FROMFIELD="AGE_BUCKET_ID" TOINSTANCE="SRT_DISTINCT" TOINSTANCETYPE="Sorter" TOFIELD="AGE_BUCKET_ID"/><CONNECTOR FROMINSTANCE="SRT_DISTINCT" FROMINSTANCETYPE="Sorter" FROMFIELD="CSS55FF05T_FILE" TOINSTANCE="TGT_SRT_DISTINCT" TOINSTANCETYPE="Target Definition" TOFIELD="CSS55FF05T_FILE"/><CONNECTOR FROMINSTANCE="SRT_DISTINCT" FROMINSTANCETYPE="Sorter" FROMFIELD="CUSTOMER_ID" TOINSTANCE="TGT_SRT_DISTINCT" TOINSTANCETYPE="Target Definition" TOFIELD="CUSTOMER_ID"/><CONNECTOR FROMINSTANCE="SRT_DISTINCT" FROMINSTANCETYPE="Sorter" FROMFIELD="SUBMARKET_UNIT_ID" TOINSTANCE="TGT_SRT_DISTINCT" TOINSTANCETYPE="Target Definition" TOFIELD="SUBMARKET_UNIT_ID"/><CONNECTOR FROMINSTANCE="SRT_DISTINCT" FROMINSTANCETYPE="Sorter" FROMFIELD="LOB_ID" TOINSTANCE="TGT_SRT_DISTINCT" TOINSTANCETYPE="Target Definition" TOFIELD="LOB_ID"/><CONNECTOR FROMINSTANCE="SRT_DISTINCT" FROMINSTANCETYPE="Sorter" FROMFIELD="BROKER_ID" TOINSTANCE="TGT_SRT_DISTINCT" TOINSTANCETYPE="Target Definition" TOFIELD="BROKER_ID"/><CONNECTOR FROMINSTANCE="SRT_DISTINCT" FROMINSTANCETYPE="Sorter" FROMFIELD="SPECIAL_COLLECTION_ID" TOINSTANCE="TGT_SRT_DISTINCT" TOINSTANCETYPE="Target Definition" TOFIELD="SPECIAL_COLLECTION_ID"/><CONNECTOR FROMINSTANCE="SRT_DISTINCT" FROMINSTANCETYPE="Sorter" FROMFIELD="COA" TOINSTANCE="TGT_SRT_DISTINCT" TOINSTANCETYPE="Target Definition" TOFIELD="COA"/><CONNECTOR FROMINSTANCE="SRT_DISTINCT" FROMINSTANCETYPE="Sorter" FROMFIELD="AGE_BUCKET_ID" TOINSTANCE="TGT_SRT_DISTINCT" TOINSTANCETYPE="Target Definition" TOFIELD="AGE_BUCKET_ID"/><CONNECTOR FROMINSTANCE="SRT_DISTINCT" FROMINSTANCETYPE="Sorter" FROMFIELD="MONTH_ID" TOINSTANCE="TGT_SRT_DISTINCT" TOINSTANCETYPE="Target Definition" TOFIELD="MONTH_ID"/><CONNECTOR FROMINSTANCE="SRT_DISTINCT" FROMINSTANCETYPE="Sorter" FROMFIELD="COUNTRY_CODE" TOINSTANCE="TGT_SRT_DISTINCT" TOINSTANCETYPE="Target Definition" TOFIELD="COUNTRY_CODE"/><CONNECTOR FROMINSTANCE="SRT_DISTINCT" FROMINSTANCETYPE="Sorter" FROMFIELD="LOCAL_CURRENCY" TOINSTANCE="TGT_SRT_DISTINCT" TOINSTANCETYPE="Target Definition" TOFIELD="LOCAL_CURRENCY"/><CONNECTOR FROMINSTANCE="SRT_DISTINCT" FROMINSTANCETYPE="Sorter" FROMFIELD="AR" TOINSTANCE="TGT_SRT_DISTINCT" TOINSTANCETYPE="Target Definition" TOFIELD="AR"/><CONNECTOR FROMINSTANCE="SRT_DISTINCT" FROMINSTANCETYPE="Sorter" FROMFIELD="GWP_1_YEAR" TOINSTANCE="TGT_SRT_DISTINCT" TOINSTANCETYPE="Target Definition" TOFIELD="GWP_1_YEAR"/><CONNECTOR FROMINSTANCE="SRT_DISTINCT" FROMINSTANCETYPE="Sorter" FROMFIELD="RUN_ID" TOINSTANCE="TGT_SRT_DISTINCT" TOINSTANCETYPE="Target Definition" TOFIELD="RUN_ID"/><TARGETLOADORDER TARGETINSTANCE="TGT_SRT_DISTINCT" ORDER="1"/><ERPINFO/></MAPPING></FOLDER></REPOSITORY></POWERMART>