<?xml version="1.0" encoding="ISO-8859-1" standalone="yes"?>
<!DOCTYPE POWERMART SYSTEM "powrmart.dtd">
<POWERMART CREATION_DATE="30-11-2016" REPOSITORY_VERSION="1">
    <REPOSITORY NAME="NEWREP" DATABASETYPE="DB2" CODEPAGE="Latin1" VERSION="1">
        <FOLDER NAME="AGG_SIETE_folder" DESCRIPTION="" SHARED="NOTSHARED" OWNER="EVERIS" GROUP="" PERMISSIONS="rwx---r--" UUID="">
            <SOURCE NAME="TGT_AGG_SIETE" DBDNAME="DB2" BUSINESSNAME="" DESCRIPTION="" OBJECTVERSION="1" OWNERNAME="OWNERNAME" DATABASETYPE="DB2" VERSIONNUMBER="1">
                <SOURCEFIELD NAME="EXP_FIELD_A" BUSINESSNAME="" DESCRIPTION="" DATATYPE="varchar" KEYTYPE="NOT A KEY" PRECISION="10" SCALE="0" NULLABLE="NULL" USAGE_FLAGS="" LEVEL="0" FIELDTYPE="ELEMITEM" PICTURETEXT="" OCCURS="0" LENGTH="10" PHYSICALOFFSET="0" PHYSICALLENGTH="10" FIELDNUMBER="1" FIELDPROPERTY="0" HIDDEN="NO"/>
                <SOURCEFIELD NAME="EXP_FIELD_B" BUSINESSNAME="" DESCRIPTION="" DATATYPE="varchar" KEYTYPE="NOT A KEY" PRECISION="10" SCALE="0" NULLABLE="NULL" USAGE_FLAGS="" LEVEL="0" FIELDTYPE="ELEMITEM" PICTURETEXT="" OCCURS="0" LENGTH="10" PHYSICALOFFSET="10" PHYSICALLENGTH="10" FIELDNUMBER="2" FIELDPROPERTY="0" HIDDEN="NO"/>
                <SOURCEFIELD NAME="CHECK_IN" BUSINESSNAME="" DESCRIPTION="" DATATYPE="varchar" KEYTYPE="NOT A KEY" PRECISION="10" SCALE="0" NULLABLE="NULL" USAGE_FLAGS="" LEVEL="0" FIELDTYPE="ELEMITEM" PICTURETEXT="" OCCURS="0" LENGTH="10" PHYSICALOFFSET="20" PHYSICALLENGTH="10" FIELDNUMBER="3" FIELDPROPERTY="0" HIDDEN="NO"/>
                <SOURCEFIELD NAME="FIL_FIELD_A" BUSINESSNAME="" DESCRIPTION="" DATATYPE="varchar" KEYTYPE="NOT A KEY" PRECISION="10" SCALE="0" NULLABLE="NULL" USAGE_FLAGS="" LEVEL="0" FIELDTYPE="ELEMITEM" PICTURETEXT="" OCCURS="0" LENGTH="10" PHYSICALOFFSET="30" PHYSICALLENGTH="10" FIELDNUMBER="4" FIELDPROPERTY="0" HIDDEN="NO"/>
                <SOURCEFIELD NAME="FIL_FIELD_B" BUSINESSNAME="" DESCRIPTION="" DATATYPE="varchar" KEYTYPE="NOT A KEY" PRECISION="10" SCALE="0" NULLABLE="NULL" USAGE_FLAGS="" LEVEL="0" FIELDTYPE="ELEMITEM" PICTURETEXT="" OCCURS="0" LENGTH="10" PHYSICALOFFSET="40" PHYSICALLENGTH="10" FIELDNUMBER="5" FIELDPROPERTY="0" HIDDEN="NO"/>
            </SOURCE>
            <TARGET NAME="TGT_TGT13" OBJECTVERSION="1" DATABASETYPE="DB2" VERSIONNUMBER="1">
                <TARGETFIELD NAME="EXP_FIELD_A2" DATATYPE="varchar" KEYTYPE="NOT A KEY" PRECISION="10" SCALE="0" FIELDNUMBER="1" NULLABLE="NULL"/>
                <TARGETFIELD NAME="EXP_FIELD_B2" DATATYPE="varchar" KEYTYPE="NOT A KEY" PRECISION="10" SCALE="0" FIELDNUMBER="2" NULLABLE="NULL"/>
            </TARGET>
            <MAPPING NAME="m_AGG_SIETE" DESCRIPTION="" OBJECTVERSION="1" ISVALID="YES" VERSIONNUMBER="1">
                <TRANSFORMATION NAME="SQ_AGG_SIETE" TYPE="Source Qualifier" OBJECTVERSION="1" REUSABLE="NO" VERSIONNUMBER="1">
                    <TRANSFORMFIELD NAME="EXP_FIELD_A" DESCRIPTION="" DATATYPE="string" PORTTYPE="INPUT/OUTPUT" PRECISION="10" SCALE="0" PICTURETEXT="" DEFAULTVALUE="" EXPRESSION="EXP_FIELD_A" EXPRESSIONTYPE="GROUPBY"/>
                    <TRANSFORMFIELD NAME="EXP_FIELD_B" DESCRIPTION="" DATATYPE="string" PORTTYPE="INPUT/OUTPUT" PRECISION="10" SCALE="0" PICTURETEXT="" DEFAULTVALUE="" EXPRESSION="EXP_FIELD_B" EXPRESSIONTYPE="GROUPBY"/>
                    <TRANSFORMFIELD NAME="CHECK_IN" DESCRIPTION="" DATATYPE="string" PORTTYPE="INPUT/OUTPUT" PRECISION="10" SCALE="0" PICTURETEXT="" DEFAULTVALUE="" EXPRESSION="CHECK" EXPRESSIONTYPE="GROUPBY"/>
                    <TRANSFORMFIELD NAME="FIL_FIELD_A" DESCRIPTION="" DATATYPE="string" PORTTYPE="INPUT/OUTPUT" PRECISION="10" SCALE="0" PICTURETEXT="" DEFAULTVALUE="" EXPRESSION="FIL_FIELD_A" EXPRESSIONTYPE="GROUPBY"/>
                    <TRANSFORMFIELD NAME="FIL_FIELD_B" DESCRIPTION="" DATATYPE="string" PORTTYPE="INPUT/OUTPUT" PRECISION="10" SCALE="0" PICTURETEXT="" DEFAULTVALUE="" EXPRESSION="FIL_FIELD_B" EXPRESSIONTYPE="GROUPBY"/>
                    <TABLEATTRIBUTE NAME="SQL Query" VALUE=""/>
                    <TABLEATTRIBUTE NAME="User Defined Join" VALUE=""/>
                    <TABLEATTRIBUTE NAME="Source Filter" VALUE=""/>
                    <TABLEATTRIBUTE NAME="Number Of Sorted Ports" VALUE="0"/>
                    <TABLEATTRIBUTE NAME="Tracing Level" VALUE="Normal"/>
                    <TABLEATTRIBUTE NAME="Select Distinct" VALUE="NO"/>
                    <TABLEATTRIBUTE NAME="Is Partitionable" VALUE="NO"/>
                    <TABLEATTRIBUTE NAME="Pre SQL" VALUE=""/>
                    <TABLEATTRIBUTE NAME="Post SQL" VALUE=""/>
                    <TABLEATTRIBUTE NAME="Output is deterministic" VALUE="NO"/>
                    <TABLEATTRIBUTE NAME="Output is repeatable" VALUE="NEVER"/>
                </TRANSFORMATION>
                <TRANSFORMATION NAME="AGG_SIETE" DESCRIPTION="" TYPE="Aggregator" OBJECTVERSION="1" REUSABLE="NO" VERSIONNUMBER="1">
                    <TRANSFORMFIELD NAME="EXP_FIELD_A" DESCRIPTION="" DATATYPE="string" PORTTYPE="INPUT/OUTPUT" PRECISION="10" SCALE="0" PICTURETEXT="" DEFAULTVALUE="" EXPRESSION="EXP_FIELD_A" EXPRESSIONTYPE="GROUPBY"/>
                    <TRANSFORMFIELD NAME="EXP_FIELD_B" DESCRIPTION="" DATATYPE="string" PORTTYPE="INPUT/OUTPUT" PRECISION="10" SCALE="0" PICTURETEXT="" DEFAULTVALUE="" EXPRESSION="EXP_FIELD_B" EXPRESSIONTYPE="GROUPBY"/>
                    <TRANSFORMFIELD NAME="CHECK_IN" DESCRIPTION="" DATATYPE="string" PORTTYPE="INPUT" PRECISION="10" SCALE="0" PICTURETEXT="" DEFAULTVALUE="" EXPRESSION="CHECK" EXPRESSIONTYPE="GROUPBY"/>
                    <TRANSFORMFIELD NAME="CHECK_OUT" DESCRIPTION="" DATATYPE="string" PORTTYPE="OUTPUT" PRECISION="10" SCALE="0" PICTURETEXT="" DEFAULTVALUE="ERROR('transformation error')" EXPRESSION="LTRIM(CHECK_IN)" EXPRESSIONTYPE="GENERAL"/>
                    <TRANSFORMFIELD NAME="FIL_FIELD_A" DESCRIPTION="" DATATYPE="string" PORTTYPE="INPUT/OUTPUT" PRECISION="10" SCALE="0" PICTURETEXT="" DEFAULTVALUE="" EXPRESSION="FIL_FIELD_A" EXPRESSIONTYPE="GROUPBY"/>
                    <TRANSFORMFIELD NAME="FIL_FIELD_B" DESCRIPTION="" DATATYPE="string" PORTTYPE="INPUT/OUTPUT" PRECISION="10" SCALE="0" PICTURETEXT="" DEFAULTVALUE="" EXPRESSION="FIL_FIELD_B" EXPRESSIONTYPE="GROUPBY"/>
                    <TABLEATTRIBUTE NAME="Cache Directory" VALUE="$PMCacheDir"/>
                    <TABLEATTRIBUTE NAME="Tracing Level" VALUE="Normal"/>
                    <TABLEATTRIBUTE NAME="Sorted Input" VALUE="NO"/>
                    <TABLEATTRIBUTE NAME="Aggregator Data Cache Size" VALUE="Auto"/>
                    <TABLEATTRIBUTE NAME="Aggregator Index Cache Size" VALUE="Auto"/>
                    <TABLEATTRIBUTE NAME="Transformation Scope" VALUE="All Input"/>
                </TRANSFORMATION>
                <INSTANCE NAME="TGT_AGG_SIETE" TYPE="SOURCE" REUSABLE="NO" TRANSFORMATION_TYPE="Source Definition" TRANSFORMATION_NAME="TGT_AGG_SIETE" DBDNAME="DB2"/>
                <INSTANCE NAME="TGT_TGT13" TYPE="TARGET" REUSABLE="NO" TRANSFORMATION_TYPE="Target Definition" TRANSFORMATION_NAME="TGT_TGT13"/>
                <INSTANCE NAME="AGG_SIETE" TYPE="TRANSFORMATION" REUSABLE="NO" TRANSFORMATION_TYPE="Aggregator" TRANSFORMATION_NAME="AGG_SIETE"/>
                <INSTANCE NAME="SQ_AGG_SIETE" TYPE="TRANSFORMATION" REUSABLE="NO" TRANSFORMATION_TYPE="Source Qualifier" TRANSFORMATION_NAME="SQ_AGG_SIETE">
                    <ASSOCIATED_SOURCE_INSTANCE NAME="AGG_SIETE"/>
                </INSTANCE>
                <CONNECTOR FROMINSTANCE="TGT_AGG_SIETE" FROMINSTANCETYPE="Source Definition" FROMFIELD="EXP_FIELD_A" TOINSTANCE="SQ_AGG_SIETE" TOINSTANCETYPE="Source Qualifier" TOFIELD="EXP_FIELD_A"/>
                <CONNECTOR FROMINSTANCE="SQ_AGG_SIETE" FROMINSTANCETYPE="Source Qualifier" FROMFIELD="EXP_FIELD_A" TOINSTANCE="AGG_SIETE" TOINSTANCETYPE="Aggregator" TOFIELD="EXP_FIELD_A"/>
                <CONNECTOR FROMINSTANCE="TGT_AGG_SIETE" FROMINSTANCETYPE="Source Definition" FROMFIELD="EXP_FIELD_B" TOINSTANCE="SQ_AGG_SIETE" TOINSTANCETYPE="Source Qualifier" TOFIELD="EXP_FIELD_B"/>
                <CONNECTOR FROMINSTANCE="SQ_AGG_SIETE" FROMINSTANCETYPE="Source Qualifier" FROMFIELD="EXP_FIELD_B" TOINSTANCE="AGG_SIETE" TOINSTANCETYPE="Aggregator" TOFIELD="EXP_FIELD_B"/>
                <CONNECTOR FROMINSTANCE="TGT_AGG_SIETE" FROMINSTANCETYPE="Source Definition" FROMFIELD="CHECK_IN" TOINSTANCE="SQ_AGG_SIETE" TOINSTANCETYPE="Source Qualifier" TOFIELD="CHECK_IN"/>
                <CONNECTOR FROMINSTANCE="SQ_AGG_SIETE" FROMINSTANCETYPE="Source Qualifier" FROMFIELD="CHECK_IN" TOINSTANCE="AGG_SIETE" TOINSTANCETYPE="Aggregator" TOFIELD="CHECK_IN"/>
                <CONNECTOR FROMINSTANCE="AGG_SIETE" FROMINSTANCETYPE="Aggregator" FROMFIELD="FIL_FIELD_A" TOINSTANCE="TGT_TGT13" TOINSTANCETYPE="Target Definition" TOFIELD="EXP_FIELD_A2"/>
                <CONNECTOR FROMINSTANCE="AGG_SIETE" FROMINSTANCETYPE="Aggregator" FROMFIELD="FIL_FIELD_B" TOINSTANCE="TGT_TGT13" TOINSTANCETYPE="Target Definition" TOFIELD="EXP_FIELD_B2"/>
                <CONNECTOR FROMINSTANCE="TGT_AGG_SIETE" FROMINSTANCETYPE="Source Definition" FROMFIELD="FIL_FIELD_A" TOINSTANCE="SQ_AGG_SIETE" TOINSTANCETYPE="Source Qualifier" TOFIELD="FIL_FIELD_A"/>
                <CONNECTOR FROMINSTANCE="SQ_AGG_SIETE" FROMINSTANCETYPE="Source Qualifier" FROMFIELD="FIL_FIELD_A" TOINSTANCE="AGG_SIETE" TOINSTANCETYPE="Aggregator" TOFIELD="FIL_FIELD_A"/>
                <CONNECTOR FROMINSTANCE="TGT_AGG_SIETE" FROMINSTANCETYPE="Source Definition" FROMFIELD="FIL_FIELD_B" TOINSTANCE="SQ_AGG_SIETE" TOINSTANCETYPE="Source Qualifier" TOFIELD="FIL_FIELD_B"/>
                <CONNECTOR FROMINSTANCE="SQ_AGG_SIETE" FROMINSTANCETYPE="Source Qualifier" FROMFIELD="FIL_FIELD_B" TOINSTANCE="AGG_SIETE" TOINSTANCETYPE="Aggregator" TOFIELD="FIL_FIELD_B"/>
                <TARGETLOADORDER TARGETINSTANCE="TGT_TGT13" ORDER="1"/>
            </MAPPING>
        </FOLDER>
    </REPOSITORY>
</POWERMART>
