<?xml version="1.0" encoding="ISO-8859-1" standalone="yes"?>
<!DOCTYPE POWERMART SYSTEM "powrmart.dtd">
<POWERMART CREATION_DATE="30-11-2016" REPOSITORY_VERSION="1">
    <REPOSITORY NAME="NEWREP" DATABASETYPE="DB2" CODEPAGE="Latin1" VERSION="1">
        <FOLDER NAME="EXP_TRES_folder" DESCRIPTION="" SHARED="NOTSHARED" OWNER="EVERIS" GROUP="" PERMISSIONS="rwx---r--" UUID="">
            <SOURCE NAME="TGT_EXP_TRES" DBDNAME="DB2" BUSINESSNAME="" DESCRIPTION="" OBJECTVERSION="1" OWNERNAME="OWNERNAME" DATABASETYPE="DB2" VERSIONNUMBER="1">
                <SOURCEFIELD NAME="FIELD_A" BUSINESSNAME="" DESCRIPTION="" DATATYPE="varchar" KEYTYPE="NOT A KEY" PRECISION="10" SCALE="0" NULLABLE="NULL" USAGE_FLAGS="" LEVEL="0" FIELDTYPE="ELEMITEM" PICTURETEXT="" OCCURS="0" LENGTH="10" PHYSICALOFFSET="0" PHYSICALLENGTH="10" FIELDNUMBER="1" FIELDPROPERTY="0" HIDDEN="NO"/>
                <SOURCEFIELD NAME="FIELD_B" BUSINESSNAME="" DESCRIPTION="" DATATYPE="varchar" KEYTYPE="NOT A KEY" PRECISION="10" SCALE="0" NULLABLE="NULL" USAGE_FLAGS="" LEVEL="0" FIELDTYPE="ELEMITEM" PICTURETEXT="" OCCURS="0" LENGTH="10" PHYSICALOFFSET="10" PHYSICALLENGTH="10" FIELDNUMBER="2" FIELDPROPERTY="0" HIDDEN="NO"/>
            </SOURCE>
            <TARGET NAME="TGT_JNR_SEIS" OBJECTVERSION="1" DATABASETYPE="DB2" VERSIONNUMBER="1">
                <TARGETFIELD NAME="EXP_FIELD_A" DATATYPE="varchar" KEYTYPE="NOT A KEY" PRECISION="10" SCALE="0" FIELDNUMBER="1" NULLABLE="NULL"/>
                <TARGETFIELD NAME="EXP_FIELD_B" DATATYPE="varchar" KEYTYPE="NOT A KEY" PRECISION="10" SCALE="0" FIELDNUMBER="2" NULLABLE="NULL"/>
                <TARGETFIELD NAME="CHECK" DATATYPE="varchar" KEYTYPE="NOT A KEY" PRECISION="10" SCALE="0" FIELDNUMBER="3" NULLABLE="NULL"/>
                <TARGETFIELD NAME="FIL_FIELD_A" DATATYPE="varchar" KEYTYPE="NOT A KEY" PRECISION="10" SCALE="0" FIELDNUMBER="4" NULLABLE="NULL"/>
                <TARGETFIELD NAME="FIL_FIELD_B" DATATYPE="varchar" KEYTYPE="NOT A KEY" PRECISION="10" SCALE="0" FIELDNUMBER="5" NULLABLE="NULL"/>
            </TARGET>
            <MAPPING NAME="m_EXP_TRES" DESCRIPTION="" OBJECTVERSION="1" ISVALID="YES" VERSIONNUMBER="1">
                <TRANSFORMATION NAME="SQ_EXP_TRES" TYPE="Source Qualifier" OBJECTVERSION="1" REUSABLE="NO" VERSIONNUMBER="1">
                    <TRANSFORMFIELD NAME="FIELD_A" DESCRIPTION="" DATATYPE="string" PORTTYPE="INPUT/OUTPUT" PRECISION="10" SCALE="0" PICTURETEXT="" DEFAULTVALUE="" EXPRESSION="FIELD_A" EXPRESSIONTYPE="GENERAL"/>
                    <TRANSFORMFIELD NAME="FIELD_B" DESCRIPTION="" DATATYPE="string" PORTTYPE="INPUT/OUTPUT" PRECISION="10" SCALE="0" PICTURETEXT="" DEFAULTVALUE="" EXPRESSION="FIELD_B" EXPRESSIONTYPE="GENERAL"/>
                    <TABLEATTRIBUTE NAME="SQL Query" VALUE=""/>
                    <TABLEATTRIBUTE NAME="User Defined Join" VALUE=""/>
                    <TABLEATTRIBUTE NAME="Source Filter" VALUE=""/>
                    <TABLEATTRIBUTE NAME="Number Of Sorted Ports" VALUE="0"/>
                    <TABLEATTRIBUTE NAME="Tracing Level" VALUE="Normal"/>
                    <TABLEATTRIBUTE NAME="Select Distinct" VALUE="NO"/>
                    <TABLEATTRIBUTE NAME="Is Partitionable" VALUE="NO"/>
                    <TABLEATTRIBUTE NAME="Pre SQL" VALUE=""/>
                    <TABLEATTRIBUTE NAME="Post SQL" VALUE=""/>
                    <TABLEATTRIBUTE NAME="Output is deterministic" VALUE="NO"/>
                    <TABLEATTRIBUTE NAME="Output is repeatable" VALUE="NEVER"/>
                </TRANSFORMATION>
                <TRANSFORMATION NAME="EXP_TRES" DESCRIPTION="" TYPE="Expression" OBJECTVERSION="1" REUSABLE="NO" VERSIONNUMBER="1">
                    <TRANSFORMFIELD NAME="FIELD_A" DESCRIPTION="" DATATYPE="string" PORTTYPE="INPUT/OUTPUT" PRECISION="10" SCALE="0" PICTURETEXT="" DEFAULTVALUE="" EXPRESSION="FIELD_A" EXPRESSIONTYPE="GENERAL"/>
                    <TRANSFORMFIELD NAME="FIELD_B" DESCRIPTION="" DATATYPE="string" PORTTYPE="INPUT/OUTPUT" PRECISION="10" SCALE="0" PICTURETEXT="" DEFAULTVALUE="" EXPRESSION="FIELD_B" EXPRESSIONTYPE="GENERAL"/>
                    <TRANSFORMFIELD NAME="CHECK" DESCRIPTION="" DATATYPE="string" PORTTYPE="OUTPUT" PRECISION="10" SCALE="0" PICTURETEXT="" DEFAULTVALUE="ERROR('transformation error')" EXPRESSION="'CHECK'" EXPRESSIONTYPE="GENERAL"/>
                    <TABLEATTRIBUTE NAME="Tracing Level" VALUE="Normal"/>
                </TRANSFORMATION>
                <INSTANCE NAME="TGT_EXP_TRES" TYPE="SOURCE" REUSABLE="NO" TRANSFORMATION_TYPE="Source Definition" TRANSFORMATION_NAME="TGT_EXP_TRES" DBDNAME="DB2"/>
                <INSTANCE NAME="TGT_JNR_SEIS" TYPE="TARGET" REUSABLE="NO" TRANSFORMATION_TYPE="Target Definition" TRANSFORMATION_NAME="TGT_JNR_SEIS"/>
                <INSTANCE NAME="EXP_TRES" TYPE="TRANSFORMATION" REUSABLE="NO" TRANSFORMATION_TYPE="Expression" TRANSFORMATION_NAME="EXP_TRES"/>
                <INSTANCE NAME="SQ_EXP_TRES" TYPE="TRANSFORMATION" REUSABLE="NO" TRANSFORMATION_TYPE="Source Qualifier" TRANSFORMATION_NAME="SQ_EXP_TRES">
                    <ASSOCIATED_SOURCE_INSTANCE NAME="EXP_TRES"/>
                </INSTANCE>
                <CONNECTOR FROMINSTANCE="TGT_EXP_TRES" FROMINSTANCETYPE="Source Definition" FROMFIELD="FIELD_A" TOINSTANCE="SQ_EXP_TRES" TOINSTANCETYPE="Source Qualifier" TOFIELD="FIELD_A"/>
                <CONNECTOR FROMINSTANCE="SQ_EXP_TRES" FROMINSTANCETYPE="Source Qualifier" FROMFIELD="FIELD_A" TOINSTANCE="EXP_TRES" TOINSTANCETYPE="Expression" TOFIELD="FIELD_A"/>
                <CONNECTOR FROMINSTANCE="EXP_TRES" FROMINSTANCETYPE="Expression" FROMFIELD="FIELD_A" TOINSTANCE="TGT_JNR_SEIS" TOINSTANCETYPE="Target Definition" TOFIELD="EXP_FIELD_A"/>
                <CONNECTOR FROMINSTANCE="EXP_TRES" FROMINSTANCETYPE="Expression" FROMFIELD="FIELD_A" TOINSTANCE="TGT_JNR_SEIS" TOINSTANCETYPE="Target Definition" TOFIELD="FIL_FIELD_A"/>
                <CONNECTOR FROMINSTANCE="TGT_EXP_TRES" FROMINSTANCETYPE="Source Definition" FROMFIELD="FIELD_B" TOINSTANCE="SQ_EXP_TRES" TOINSTANCETYPE="Source Qualifier" TOFIELD="FIELD_B"/>
                <CONNECTOR FROMINSTANCE="SQ_EXP_TRES" FROMINSTANCETYPE="Source Qualifier" FROMFIELD="FIELD_B" TOINSTANCE="EXP_TRES" TOINSTANCETYPE="Expression" TOFIELD="FIELD_B"/>
                <CONNECTOR FROMINSTANCE="EXP_TRES" FROMINSTANCETYPE="Expression" FROMFIELD="FIELD_B" TOINSTANCE="TGT_JNR_SEIS" TOINSTANCETYPE="Target Definition" TOFIELD="EXP_FIELD_B"/>
                <CONNECTOR FROMINSTANCE="EXP_TRES" FROMINSTANCETYPE="Expression" FROMFIELD="FIELD_B" TOINSTANCE="TGT_JNR_SEIS" TOINSTANCETYPE="Target Definition" TOFIELD="FIL_FIELD_B"/>
                <CONNECTOR FROMINSTANCE="EXP_TRES" FROMINSTANCETYPE="Expression" FROMFIELD="FIELD_A" TOINSTANCE="TGT_JNR_SEIS" TOINSTANCETYPE="Target Definition" TOFIELD="EXP_FIELD_A"/>
                <CONNECTOR FROMINSTANCE="EXP_TRES" FROMINSTANCETYPE="Expression" FROMFIELD="FIELD_B" TOINSTANCE="TGT_JNR_SEIS" TOINSTANCETYPE="Target Definition" TOFIELD="EXP_FIELD_B"/>
                <CONNECTOR FROMINSTANCE="EXP_TRES" FROMINSTANCETYPE="Expression" FROMFIELD="CHECK" TOINSTANCE="TGT_JNR_SEIS" TOINSTANCETYPE="Target Definition" TOFIELD="CHECK"/>
                <TARGETLOADORDER TARGETINSTANCE="TGT_JNR_SEIS" ORDER="1"/>
            </MAPPING>
        </FOLDER>
    </REPOSITORY>
</POWERMART>
