<?xml version="1.0" encoding="ISO-8859-1" standalone="yes"?>
<!DOCTYPE POWERMART SYSTEM "powrmart.dtd">
<POWERMART CREATION_DATE="30-11-2016" REPOSITORY_VERSION="1">
    <REPOSITORY NAME="NEWREP" DATABASETYPE="DB2" CODEPAGE="Latin1" VERSION="1">
        <FOLDER NAME="FIL_DEFAULT1_folder" DESCRIPTION="" SHARED="NOTSHARED" OWNER="EVERIS" GROUP="" PERMISSIONS="rwx---r--" UUID="">
            <SOURCE NAME="TGT_FIL_DEFAULT1" DBDNAME="DB2" BUSINESSNAME="" DESCRIPTION="" OBJECTVERSION="1" OWNERNAME="OWNERNAME" DATABASETYPE="DB2" VERSIONNUMBER="1">
                <SOURCEFIELD NAME="FIELD_A2" BUSINESSNAME="" DESCRIPTION="" DATATYPE="varchar" KEYTYPE="NOT A KEY" PRECISION="10" SCALE="0" NULLABLE="NULL" USAGE_FLAGS="" LEVEL="0" FIELDTYPE="ELEMITEM" PICTURETEXT="" OCCURS="0" LENGTH="10" PHYSICALOFFSET="0" PHYSICALLENGTH="10" FIELDNUMBER="1" FIELDPROPERTY="0" HIDDEN="NO"/>
                <SOURCEFIELD NAME="FIELD_B2" BUSINESSNAME="" DESCRIPTION="" DATATYPE="varchar" KEYTYPE="NOT A KEY" PRECISION="10" SCALE="0" NULLABLE="NULL" USAGE_FLAGS="" LEVEL="0" FIELDTYPE="ELEMITEM" PICTURETEXT="" OCCURS="0" LENGTH="10" PHYSICALOFFSET="10" PHYSICALLENGTH="10" FIELDNUMBER="2" FIELDPROPERTY="0" HIDDEN="NO"/>
            </SOURCE>
            <TARGET NAME="TGT_LKP_CUATRO" OBJECTVERSION="1" DATABASETYPE="DB2" VERSIONNUMBER="1">
                <TARGETFIELD NAME="FIELD_A_IN" DATATYPE="varchar" KEYTYPE="NOT A KEY" PRECISION="10" SCALE="0" FIELDNUMBER="1" NULLABLE="NULL"/>
                <TARGETFIELD NAME="FIELD_B_IN" DATATYPE="varchar" KEYTYPE="NOT A KEY" PRECISION="10" SCALE="0" FIELDNUMBER="2" NULLABLE="NULL"/>
            </TARGET>
            <MAPPING NAME="m_FIL_DEFAULT1" DESCRIPTION="" OBJECTVERSION="1" ISVALID="YES" VERSIONNUMBER="1">
                <TRANSFORMATION NAME="SQ_FIL_DEFAULT1" TYPE="Source Qualifier" OBJECTVERSION="1" REUSABLE="NO" VERSIONNUMBER="1">
                    <TRANSFORMFIELD NAME="FIELD_A2" DESCRIPTION="" DATATYPE="string" PORTTYPE="INPUT/OUTPUT" PRECISION="10" SCALE="0" PICTURETEXT="" DEFAULTVALUE="" REF_FIELD="FIELD_A" GROUP="DEFAULT1"/>
                    <TRANSFORMFIELD NAME="FIELD_B2" DESCRIPTION="" DATATYPE="string" PORTTYPE="INPUT/OUTPUT" PRECISION="10" SCALE="0" PICTURETEXT="" DEFAULTVALUE="" REF_FIELD="FIELD_B" GROUP="DEFAULT1"/>
                    <TABLEATTRIBUTE NAME="SQL Query" VALUE=""/>
                    <TABLEATTRIBUTE NAME="User Defined Join" VALUE=""/>
                    <TABLEATTRIBUTE NAME="Source Filter" VALUE=""/>
                    <TABLEATTRIBUTE NAME="Number Of Sorted Ports" VALUE="0"/>
                    <TABLEATTRIBUTE NAME="Tracing Level" VALUE="Normal"/>
                    <TABLEATTRIBUTE NAME="Select Distinct" VALUE="NO"/>
                    <TABLEATTRIBUTE NAME="Is Partitionable" VALUE="NO"/>
                    <TABLEATTRIBUTE NAME="Pre SQL" VALUE=""/>
                    <TABLEATTRIBUTE NAME="Post SQL" VALUE=""/>
                    <TABLEATTRIBUTE NAME="Output is deterministic" VALUE="NO"/>
                    <TABLEATTRIBUTE NAME="Output is repeatable" VALUE="NEVER"/>
                </TRANSFORMATION>
                <TRANSFORMATION NAME="FIL_DEFAULT1" TYPE="Filter" OBJECTVERSION="1" REUSABLE="NO" VERSIONNUMBER="1">
                    <TRANSFORMFIELD NAME="FIELD_A2" DESCRIPTION="" DATATYPE="string" PORTTYPE="INPUT/OUTPUT" PRECISION="10" SCALE="0" PICTURETEXT="" DEFAULTVALUE="" REF_FIELD="FIELD_A" GROUP="DEFAULT1"/>
                    <TRANSFORMFIELD NAME="FIELD_B2" DESCRIPTION="" DATATYPE="string" PORTTYPE="INPUT/OUTPUT" PRECISION="10" SCALE="0" PICTURETEXT="" DEFAULTVALUE="" REF_FIELD="FIELD_B" GROUP="DEFAULT1"/>
                    <TABLEATTRIBUTE NAME="Tracing Level" VALUE="Normal"/>
                    <TABLEATTRIBUTE NAME="Filter Condition"/>
                </TRANSFORMATION>
                <INSTANCE NAME="TGT_FIL_DEFAULT1" TYPE="SOURCE" REUSABLE="NO" TRANSFORMATION_TYPE="Source Definition" TRANSFORMATION_NAME="TGT_FIL_DEFAULT1" DBDNAME="DB2"/>
                <INSTANCE NAME="TGT_LKP_CUATRO" TYPE="TARGET" REUSABLE="NO" TRANSFORMATION_TYPE="Target Definition" TRANSFORMATION_NAME="TGT_LKP_CUATRO"/>
                <INSTANCE NAME="FIL_DEFAULT1" TYPE="TRANSFORMATION" REUSABLE="NO" TRANSFORMATION_TYPE="Filter" TRANSFORMATION_NAME="FIL_DEFAULT1"/>
                <INSTANCE NAME="SQ_FIL_DEFAULT1" TYPE="TRANSFORMATION" REUSABLE="NO" TRANSFORMATION_TYPE="Source Qualifier" TRANSFORMATION_NAME="SQ_FIL_DEFAULT1">
                    <ASSOCIATED_SOURCE_INSTANCE NAME="FIL_DEFAULT1"/>
                </INSTANCE>
                <CONNECTOR FROMINSTANCE="TGT_FIL_DEFAULT1" FROMINSTANCETYPE="Source Definition" FROMFIELD="FIELD_A2" TOINSTANCE="SQ_FIL_DEFAULT1" TOINSTANCETYPE="Source Qualifier" TOFIELD="FIELD_A2"/>
                <CONNECTOR FROMINSTANCE="SQ_FIL_DEFAULT1" FROMINSTANCETYPE="Source Qualifier" FROMFIELD="FIELD_A2" TOINSTANCE="FIL_DEFAULT1" TOINSTANCETYPE="Filter" TOFIELD="FIELD_A2"/>
                <CONNECTOR FROMINSTANCE="FIL_DEFAULT1" FROMINSTANCETYPE="Filter" FROMFIELD="FIELD_A2" TOINSTANCE="TGT_LKP_CUATRO" TOINSTANCETYPE="Target Definition" TOFIELD="FIELD_A2"/>
                <CONNECTOR FROMINSTANCE="TGT_FIL_DEFAULT1" FROMINSTANCETYPE="Source Definition" FROMFIELD="FIELD_B2" TOINSTANCE="SQ_FIL_DEFAULT1" TOINSTANCETYPE="Source Qualifier" TOFIELD="FIELD_B2"/>
                <CONNECTOR FROMINSTANCE="SQ_FIL_DEFAULT1" FROMINSTANCETYPE="Source Qualifier" FROMFIELD="FIELD_B2" TOINSTANCE="FIL_DEFAULT1" TOINSTANCETYPE="Filter" TOFIELD="FIELD_B2"/>
                <CONNECTOR FROMINSTANCE="FIL_DEFAULT1" FROMINSTANCETYPE="Filter" FROMFIELD="FIELD_B2" TOINSTANCE="TGT_LKP_CUATRO" TOINSTANCETYPE="Target Definition" TOFIELD="FIELD_B2"/>
                <TARGETLOADORDER TARGETINSTANCE="TGT_LKP_CUATRO" ORDER="1"/>
            </MAPPING>
        </FOLDER>
    </REPOSITORY>
</POWERMART>
