<?xml version="1.0" encoding="ISO-8859-1" standalone="yes"?>
<!DOCTYPE POWERMART SYSTEM "powrmart.dtd">
<POWERMART CREATION_DATE="30-11-2016" REPOSITORY_VERSION="1">
    <REPOSITORY NAME="NEWREP" DATABASETYPE="DB2" CODEPAGE="Latin1" VERSION="1">
        <FOLDER NAME="JNR_SEIS_folder" DESCRIPTION="" SHARED="NOTSHARED" OWNER="EVERIS" GROUP="" PERMISSIONS="rwx---r--" UUID="">
            <SOURCE NAME="TGT_JNR_SEIS" DBDNAME="DB2" BUSINESSNAME="" DESCRIPTION="" OBJECTVERSION="1" OWNERNAME="OWNERNAME" DATABASETYPE="DB2" VERSIONNUMBER="1">
                <SOURCEFIELD NAME="EXP_FIELD_A" BUSINESSNAME="" DESCRIPTION="" DATATYPE="varchar" KEYTYPE="NOT A KEY" PRECISION="10" SCALE="0" NULLABLE="NULL" USAGE_FLAGS="" LEVEL="0" FIELDTYPE="ELEMITEM" PICTURETEXT="" OCCURS="0" LENGTH="10" PHYSICALOFFSET="0" PHYSICALLENGTH="10" FIELDNUMBER="1" FIELDPROPERTY="0" HIDDEN="NO"/>
                <SOURCEFIELD NAME="EXP_FIELD_B" BUSINESSNAME="" DESCRIPTION="" DATATYPE="varchar" KEYTYPE="NOT A KEY" PRECISION="10" SCALE="0" NULLABLE="NULL" USAGE_FLAGS="" LEVEL="0" FIELDTYPE="ELEMITEM" PICTURETEXT="" OCCURS="0" LENGTH="10" PHYSICALOFFSET="10" PHYSICALLENGTH="10" FIELDNUMBER="2" FIELDPROPERTY="0" HIDDEN="NO"/>
                <SOURCEFIELD NAME="CHECK" BUSINESSNAME="" DESCRIPTION="" DATATYPE="varchar" KEYTYPE="NOT A KEY" PRECISION="10" SCALE="0" NULLABLE="NULL" USAGE_FLAGS="" LEVEL="0" FIELDTYPE="ELEMITEM" PICTURETEXT="" OCCURS="0" LENGTH="10" PHYSICALOFFSET="20" PHYSICALLENGTH="10" FIELDNUMBER="3" FIELDPROPERTY="0" HIDDEN="NO"/>
                <SOURCEFIELD NAME="FIL_FIELD_A" BUSINESSNAME="" DESCRIPTION="" DATATYPE="varchar" KEYTYPE="NOT A KEY" PRECISION="10" SCALE="0" NULLABLE="NULL" USAGE_FLAGS="" LEVEL="0" FIELDTYPE="ELEMITEM" PICTURETEXT="" OCCURS="0" LENGTH="10" PHYSICALOFFSET="30" PHYSICALLENGTH="10" FIELDNUMBER="4" FIELDPROPERTY="0" HIDDEN="NO"/>
                <SOURCEFIELD NAME="FIL_FIELD_B" BUSINESSNAME="" DESCRIPTION="" DATATYPE="varchar" KEYTYPE="NOT A KEY" PRECISION="10" SCALE="0" NULLABLE="NULL" USAGE_FLAGS="" LEVEL="0" FIELDTYPE="ELEMITEM" PICTURETEXT="" OCCURS="0" LENGTH="10" PHYSICALOFFSET="40" PHYSICALLENGTH="10" FIELDNUMBER="5" FIELDPROPERTY="0" HIDDEN="NO"/>
            </SOURCE>
            <TARGET NAME="TGT_AGG_SIETE" OBJECTVERSION="1" DATABASETYPE="DB2" VERSIONNUMBER="1">
                <TARGETFIELD NAME="EXP_FIELD_A" DATATYPE="varchar" KEYTYPE="NOT A KEY" PRECISION="10" SCALE="0" FIELDNUMBER="1" NULLABLE="NULL"/>
                <TARGETFIELD NAME="EXP_FIELD_B" DATATYPE="varchar" KEYTYPE="NOT A KEY" PRECISION="10" SCALE="0" FIELDNUMBER="2" NULLABLE="NULL"/>
                <TARGETFIELD NAME="CHECK_IN" DATATYPE="varchar" KEYTYPE="NOT A KEY" PRECISION="10" SCALE="0" FIELDNUMBER="3" NULLABLE="NULL"/>
                <TARGETFIELD NAME="FIL_FIELD_A" DATATYPE="varchar" KEYTYPE="NOT A KEY" PRECISION="10" SCALE="0" FIELDNUMBER="4" NULLABLE="NULL"/>
                <TARGETFIELD NAME="FIL_FIELD_B" DATATYPE="varchar" KEYTYPE="NOT A KEY" PRECISION="10" SCALE="0" FIELDNUMBER="5" NULLABLE="NULL"/>
            </TARGET>
            <MAPPING NAME="m_JNR_SEIS" DESCRIPTION="" OBJECTVERSION="1" ISVALID="YES" VERSIONNUMBER="1">
                <TRANSFORMATION NAME="SQ_JNR_SEIS" TYPE="Source Qualifier" OBJECTVERSION="1" REUSABLE="NO" VERSIONNUMBER="1">
                    <TRANSFORMFIELD NAME="EXP_FIELD_A" DESCRIPTION="" DATATYPE="string" PORTTYPE="INPUT/OUTPUT" PRECISION="10" SCALE="0" PICTURETEXT="" DEFAULTVALUE=""/>
                    <TRANSFORMFIELD NAME="EXP_FIELD_B" DESCRIPTION="" DATATYPE="string" PORTTYPE="INPUT/OUTPUT" PRECISION="10" SCALE="0" PICTURETEXT="" DEFAULTVALUE=""/>
                    <TRANSFORMFIELD NAME="CHECK" DESCRIPTION="" DATATYPE="string" PORTTYPE="INPUT/OUTPUT" PRECISION="10" SCALE="0" PICTURETEXT="" DEFAULTVALUE=""/>
                    <TRANSFORMFIELD NAME="FIL_FIELD_A" DESCRIPTION="" DATATYPE="string" PORTTYPE="INPUT/OUTPUT" PRECISION="10" SCALE="0" PICTURETEXT="" DEFAULTVALUE=""/>
                    <TRANSFORMFIELD NAME="FIL_FIELD_B" DESCRIPTION="" DATATYPE="string" PORTTYPE="INPUT/OUTPUT" PRECISION="10" SCALE="0" PICTURETEXT="" DEFAULTVALUE=""/>
                    <TABLEATTRIBUTE NAME="SQL Query" VALUE=""/>
                    <TABLEATTRIBUTE NAME="User Defined Join" VALUE=""/>
                    <TABLEATTRIBUTE NAME="Source Filter" VALUE=""/>
                    <TABLEATTRIBUTE NAME="Number Of Sorted Ports" VALUE="0"/>
                    <TABLEATTRIBUTE NAME="Tracing Level" VALUE="Normal"/>
                    <TABLEATTRIBUTE NAME="Select Distinct" VALUE="NO"/>
                    <TABLEATTRIBUTE NAME="Is Partitionable" VALUE="NO"/>
                    <TABLEATTRIBUTE NAME="Pre SQL" VALUE=""/>
                    <TABLEATTRIBUTE NAME="Post SQL" VALUE=""/>
                    <TABLEATTRIBUTE NAME="Output is deterministic" VALUE="NO"/>
                    <TABLEATTRIBUTE NAME="Output is repeatable" VALUE="NEVER"/>
                </TRANSFORMATION>
                <TRANSFORMATION NAME="JNR_SEIS" DESCRIPTION="" TYPE="Joiner" OBJECTVERSION="1" REUSABLE="NO" VERSIONNUMBER="1">
                    <TRANSFORMFIELD NAME="EXP_FIELD_A" DESCRIPTION="" DATATYPE="string" PORTTYPE="INPUT/OUTPUT" PRECISION="10" SCALE="0" PICTURETEXT="" DEFAULTVALUE=""/>
                    <TRANSFORMFIELD NAME="EXP_FIELD_B" DESCRIPTION="" DATATYPE="string" PORTTYPE="INPUT/OUTPUT" PRECISION="10" SCALE="0" PICTURETEXT="" DEFAULTVALUE=""/>
                    <TRANSFORMFIELD NAME="CHECK" DESCRIPTION="" DATATYPE="string" PORTTYPE="INPUT/OUTPUT" PRECISION="10" SCALE="0" PICTURETEXT="" DEFAULTVALUE=""/>
                    <TRANSFORMFIELD NAME="FIL_FIELD_A" DESCRIPTION="" DATATYPE="string" PORTTYPE="INPUT/OUTPUT/MASTER" PRECISION="10" SCALE="0" PICTURETEXT="" DEFAULTVALUE=""/>
                    <TRANSFORMFIELD NAME="FIL_FIELD_B" DESCRIPTION="" DATATYPE="string" PORTTYPE="INPUT/OUTPUT/MASTER" PRECISION="10" SCALE="0" PICTURETEXT="" DEFAULTVALUE=""/>
                    <TABLEATTRIBUTE NAME="Case Sensitive String Comparison" VALUE="YES"/>
                    <TABLEATTRIBUTE NAME="Cache Directory" VALUE="$PMCacheDir"/>
                    <TABLEATTRIBUTE NAME="Join Condition" VALUE="FIL_FIELD_A = EXP_FIELD_A"/>
                    <TABLEATTRIBUTE NAME="Join Type" VALUE="Master Outer Join"/>
                    <TABLEATTRIBUTE NAME="Null ordering in master" VALUE="Null Is Highest Value"/>
                    <TABLEATTRIBUTE NAME="Null ordering in detail" VALUE="Null Is Highest Value"/>
                    <TABLEATTRIBUTE NAME="Tracing Level" VALUE="Normal"/>
                    <TABLEATTRIBUTE NAME="Joiner Data Cache Size" VALUE="Auto"/>
                    <TABLEATTRIBUTE NAME="Joiner Index Cache Size" VALUE="Auto"/>
                    <TABLEATTRIBUTE NAME="Sorted Input" VALUE="YES"/>
                    <TABLEATTRIBUTE NAME="Master Sort Order" VALUE="Auto"/>
                    <TABLEATTRIBUTE NAME="Transformation Scope" VALUE="All Input"/>
                </TRANSFORMATION>
                <INSTANCE NAME="TGT_JNR_SEIS" TYPE="SOURCE" REUSABLE="NO" TRANSFORMATION_TYPE="Source Definition" TRANSFORMATION_NAME="TGT_JNR_SEIS" DBDNAME="DB2"/>
                <INSTANCE NAME="TGT_AGG_SIETE" TYPE="TARGET" REUSABLE="NO" TRANSFORMATION_TYPE="Target Definition" TRANSFORMATION_NAME="TGT_AGG_SIETE"/>
                <INSTANCE NAME="JNR_SEIS" TYPE="TRANSFORMATION" REUSABLE="NO" TRANSFORMATION_TYPE="Joiner" TRANSFORMATION_NAME="JNR_SEIS"/>
                <INSTANCE NAME="SQ_JNR_SEIS" TYPE="TRANSFORMATION" REUSABLE="NO" TRANSFORMATION_TYPE="Source Qualifier" TRANSFORMATION_NAME="SQ_JNR_SEIS">
                    <ASSOCIATED_SOURCE_INSTANCE NAME="JNR_SEIS"/>
                </INSTANCE>
                <CONNECTOR FROMINSTANCE="TGT_JNR_SEIS" FROMINSTANCETYPE="Source Definition" FROMFIELD="EXP_FIELD_A" TOINSTANCE="SQ_JNR_SEIS" TOINSTANCETYPE="Source Qualifier" TOFIELD="EXP_FIELD_A"/>
                <CONNECTOR FROMINSTANCE="SQ_JNR_SEIS" FROMINSTANCETYPE="Source Qualifier" FROMFIELD="EXP_FIELD_A" TOINSTANCE="JNR_SEIS" TOINSTANCETYPE="Joiner" TOFIELD="EXP_FIELD_A"/>
                <CONNECTOR FROMINSTANCE="JNR_SEIS" FROMINSTANCETYPE="Joiner" FROMFIELD="EXP_FIELD_A" TOINSTANCE="TGT_AGG_SIETE" TOINSTANCETYPE="Target Definition" TOFIELD="EXP_FIELD_A"/>
                <CONNECTOR FROMINSTANCE="TGT_JNR_SEIS" FROMINSTANCETYPE="Source Definition" FROMFIELD="EXP_FIELD_B" TOINSTANCE="SQ_JNR_SEIS" TOINSTANCETYPE="Source Qualifier" TOFIELD="EXP_FIELD_B"/>
                <CONNECTOR FROMINSTANCE="SQ_JNR_SEIS" FROMINSTANCETYPE="Source Qualifier" FROMFIELD="EXP_FIELD_B" TOINSTANCE="JNR_SEIS" TOINSTANCETYPE="Joiner" TOFIELD="EXP_FIELD_B"/>
                <CONNECTOR FROMINSTANCE="JNR_SEIS" FROMINSTANCETYPE="Joiner" FROMFIELD="EXP_FIELD_B" TOINSTANCE="TGT_AGG_SIETE" TOINSTANCETYPE="Target Definition" TOFIELD="EXP_FIELD_B"/>
                <CONNECTOR FROMINSTANCE="TGT_JNR_SEIS" FROMINSTANCETYPE="Source Definition" FROMFIELD="CHECK" TOINSTANCE="SQ_JNR_SEIS" TOINSTANCETYPE="Source Qualifier" TOFIELD="CHECK"/>
                <CONNECTOR FROMINSTANCE="SQ_JNR_SEIS" FROMINSTANCETYPE="Source Qualifier" FROMFIELD="CHECK" TOINSTANCE="JNR_SEIS" TOINSTANCETYPE="Joiner" TOFIELD="CHECK"/>
                <CONNECTOR FROMINSTANCE="JNR_SEIS" FROMINSTANCETYPE="Joiner" FROMFIELD="CHECK" TOINSTANCE="TGT_AGG_SIETE" TOINSTANCETYPE="Target Definition" TOFIELD="CHECK_IN"/>
                <CONNECTOR FROMINSTANCE="TGT_JNR_SEIS" FROMINSTANCETYPE="Source Definition" FROMFIELD="FIL_FIELD_A" TOINSTANCE="SQ_JNR_SEIS" TOINSTANCETYPE="Source Qualifier" TOFIELD="FIL_FIELD_A"/>
                <CONNECTOR FROMINSTANCE="SQ_JNR_SEIS" FROMINSTANCETYPE="Source Qualifier" FROMFIELD="FIL_FIELD_A" TOINSTANCE="JNR_SEIS" TOINSTANCETYPE="Joiner" TOFIELD="FIL_FIELD_A"/>
                <CONNECTOR FROMINSTANCE="JNR_SEIS" FROMINSTANCETYPE="Joiner" FROMFIELD="FIL_FIELD_A" TOINSTANCE="TGT_AGG_SIETE" TOINSTANCETYPE="Target Definition" TOFIELD="FIL_FIELD_A"/>
                <CONNECTOR FROMINSTANCE="TGT_JNR_SEIS" FROMINSTANCETYPE="Source Definition" FROMFIELD="FIL_FIELD_B" TOINSTANCE="SQ_JNR_SEIS" TOINSTANCETYPE="Source Qualifier" TOFIELD="FIL_FIELD_B"/>
                <CONNECTOR FROMINSTANCE="SQ_JNR_SEIS" FROMINSTANCETYPE="Source Qualifier" FROMFIELD="FIL_FIELD_B" TOINSTANCE="JNR_SEIS" TOINSTANCETYPE="Joiner" TOFIELD="FIL_FIELD_B"/>
                <CONNECTOR FROMINSTANCE="JNR_SEIS" FROMINSTANCETYPE="Joiner" FROMFIELD="FIL_FIELD_B" TOINSTANCE="TGT_AGG_SIETE" TOINSTANCETYPE="Target Definition" TOFIELD="FIL_FIELD_B"/>
                <TARGETLOADORDER TARGETINSTANCE="TGT_AGG_SIETE" ORDER="1"/>
            </MAPPING>
        </FOLDER>
    </REPOSITORY>
</POWERMART>
