<?xml version="1.0" encoding="ISO-8859-1" standalone="yes"?>
<!DOCTYPE POWERMART SYSTEM "powrmart.dtd">
<POWERMART CREATION_DATE="30-11-2016" REPOSITORY_VERSION="1">
    <REPOSITORY NAME="NEWREP" DATABASETYPE="DB2" CODEPAGE="Latin1" VERSION="1">
        <FOLDER NAME="LKP_CUATRO_folder" DESCRIPTION="" SHARED="NOTSHARED" OWNER="EVERIS" GROUP="" PERMISSIONS="rwx---r--" UUID="">
            <SOURCE NAME="TGT_LKP_CUATRO" DBDNAME="DB2" BUSINESSNAME="" DESCRIPTION="" OBJECTVERSION="1" OWNERNAME="OWNERNAME" DATABASETYPE="DB2" VERSIONNUMBER="1">
                <SOURCEFIELD NAME="FIELD_A_IN" BUSINESSNAME="" DESCRIPTION="" DATATYPE="varchar" KEYTYPE="NOT A KEY" PRECISION="10" SCALE="0" NULLABLE="NULL" USAGE_FLAGS="" LEVEL="0" FIELDTYPE="ELEMITEM" PICTURETEXT="" OCCURS="0" LENGTH="10" PHYSICALOFFSET="0" PHYSICALLENGTH="10" FIELDNUMBER="1" FIELDPROPERTY="0" HIDDEN="NO"/>
                <SOURCEFIELD NAME="FIELD_B_IN" BUSINESSNAME="" DESCRIPTION="" DATATYPE="varchar" KEYTYPE="NOT A KEY" PRECISION="10" SCALE="0" NULLABLE="NULL" USAGE_FLAGS="" LEVEL="0" FIELDTYPE="ELEMITEM" PICTURETEXT="" OCCURS="0" LENGTH="10" PHYSICALOFFSET="10" PHYSICALLENGTH="10" FIELDNUMBER="2" FIELDPROPERTY="0" HIDDEN="NO"/>
            </SOURCE>
            <TARGET NAME="TGT_FIL_CINCO" OBJECTVERSION="1" DATABASETYPE="DB2" VERSIONNUMBER="1">
                <TARGETFIELD NAME="FIELD_A" DATATYPE="varchar" KEYTYPE="NOT A KEY" PRECISION="10" SCALE="0" FIELDNUMBER="1" NULLABLE="NULL"/>
                <TARGETFIELD NAME="FIELD_B" DATATYPE="varchar" KEYTYPE="NOT A KEY" PRECISION="10" SCALE="0" FIELDNUMBER="2" NULLABLE="NULL"/>
            </TARGET>
            <MAPPING NAME="m_LKP_CUATRO" DESCRIPTION="" OBJECTVERSION="1" ISVALID="YES" VERSIONNUMBER="1">
                <TRANSFORMATION NAME="SQ_LKP_CUATRO" TYPE="Source Qualifier" OBJECTVERSION="1" REUSABLE="NO" VERSIONNUMBER="1">
                    <TRANSFORMFIELD NAME="FIELD_A_IN" DESCRIPTION="" DATATYPE="string" PORTTYPE="INPUT/OUTPUT" PRECISION="10" SCALE="0" PICTURETEXT="" DEFAULTVALUE=""/>
                    <TRANSFORMFIELD NAME="FIELD_B_IN" DESCRIPTION="" DATATYPE="string" PORTTYPE="INPUT/OUTPUT" PRECISION="10" SCALE="0" PICTURETEXT="" DEFAULTVALUE=""/>
                    <TABLEATTRIBUTE NAME="SQL Query" VALUE=""/>
                    <TABLEATTRIBUTE NAME="User Defined Join" VALUE=""/>
                    <TABLEATTRIBUTE NAME="Source Filter" VALUE=""/>
                    <TABLEATTRIBUTE NAME="Number Of Sorted Ports" VALUE="0"/>
                    <TABLEATTRIBUTE NAME="Tracing Level" VALUE="Normal"/>
                    <TABLEATTRIBUTE NAME="Select Distinct" VALUE="NO"/>
                    <TABLEATTRIBUTE NAME="Is Partitionable" VALUE="NO"/>
                    <TABLEATTRIBUTE NAME="Pre SQL" VALUE=""/>
                    <TABLEATTRIBUTE NAME="Post SQL" VALUE=""/>
                    <TABLEATTRIBUTE NAME="Output is deterministic" VALUE="NO"/>
                    <TABLEATTRIBUTE NAME="Output is repeatable" VALUE="NEVER"/>
                </TRANSFORMATION>
                <TRANSFORMATION NAME="LKP_CUATRO" DESCRIPTION="" TYPE="Lookup Procedure" OBJECTVERSION="1" REUSABLE="NO" VERSIONNUMBER="1">
                    <TRANSFORMFIELD NAME="FIELD_A" DESCRIPTION="" DATATYPE="string" PORTTYPE="LOOKUP/OUTPUT" PRECISION="10" SCALE="0" PICTURETEXT="" DEFAULTVALUE=""/>
                    <TRANSFORMFIELD NAME="FIELD_B" DESCRIPTION="" DATATYPE="string" PORTTYPE="LOOKUP/OUTPUT" PRECISION="10" SCALE="0" PICTURETEXT="" DEFAULTVALUE=""/>
                    <TRANSFORMFIELD NAME="FIELD_A_IN" DESCRIPTION="" DATATYPE="string" PORTTYPE="INPUT" PRECISION="10" SCALE="0" PICTURETEXT="" DEFAULTVALUE=""/>
                    <TRANSFORMFIELD NAME="FIELD_B_IN" DESCRIPTION="" DATATYPE="string" PORTTYPE="INPUT" PRECISION="10" SCALE="0" PICTURETEXT="" DEFAULTVALUE=""/>
                    <TABLEATTRIBUTE NAME="Lookup Sql Override" VALUE=""/>
                    <TABLEATTRIBUTE NAME="Lookup table name" VALUE="TGT1"/>
                    <TABLEATTRIBUTE NAME="Lookup Source Filter" VALUE=""/>
                    <TABLEATTRIBUTE NAME="Lookup caching enabled" VALUE="YES"/>
                    <TABLEATTRIBUTE NAME="Lookup policy on multiple match" VALUE="Use Any Value"/>
                    <TABLEATTRIBUTE NAME="Lookup condition" VALUE="FIELD_A = FIELD_A_IN AND FIELD_B = FIELD_B_IN"/>
                    <TABLEATTRIBUTE NAME="Connection Information" VALUE="$Target"/>
                    <TABLEATTRIBUTE NAME="Source Type" VALUE="Database"/>
                    <TABLEATTRIBUTE NAME="Recache if Stale" VALUE="NO"/>
                    <TABLEATTRIBUTE NAME="Tracing Level" VALUE="Normal"/>
                    <TABLEATTRIBUTE NAME="Lookup cache directory name" VALUE="$PMCacheDir"/>
                    <TABLEATTRIBUTE NAME="Lookup cache initialize" VALUE="NO"/>
                    <TABLEATTRIBUTE NAME="Lookup cache persistent" VALUE="NO"/>
                    <TABLEATTRIBUTE NAME="Lookup Data Cache Size" VALUE="Auto"/>
                    <TABLEATTRIBUTE NAME="Lookup Index Cache Size" VALUE="Auto"/>
                    <TABLEATTRIBUTE NAME="Dynamic Lookup Cache" VALUE="NO"/>
                    <TABLEATTRIBUTE NAME="Synchronize Dynamic Cache" VALUE="NO"/>
                    <TABLEATTRIBUTE NAME="Output Old Value On Update" VALUE="NO"/>
                    <TABLEATTRIBUTE NAME="Update Dynamic Cache Condition" VALUE="TRUE"/>
                    <TABLEATTRIBUTE NAME="Cache File Name Prefix" VALUE=""/>
                    <TABLEATTRIBUTE NAME="Re-cache from lookup source" VALUE="NO"/>
                    <TABLEATTRIBUTE NAME="Insert Else Update" VALUE="NO"/>
                    <TABLEATTRIBUTE NAME="Update Else Insert" VALUE="NO"/>
                    <TABLEATTRIBUTE NAME="Datetime Format" VALUE=""/>
                    <TABLEATTRIBUTE NAME="Thousand Separator" VALUE="None"/>
                    <TABLEATTRIBUTE NAME="Decimal Separator" VALUE="."/>
                    <TABLEATTRIBUTE NAME="Case Sensitive String Comparison" VALUE="NO"/>
                    <TABLEATTRIBUTE NAME="Null ordering" VALUE="Null Is Highest Value"/>
                    <TABLEATTRIBUTE NAME="Sorted Input" VALUE="NO"/>
                    <TABLEATTRIBUTE NAME="Lookup source is static" VALUE="NO"/>
                    <TABLEATTRIBUTE NAME="Pre-build lookup cache" VALUE="Auto"/>
                    <TABLEATTRIBUTE NAME="Subsecond Precision" VALUE="6"/>
                </TRANSFORMATION>
                <INSTANCE NAME="TGT_LKP_CUATRO" TYPE="SOURCE" REUSABLE="NO" TRANSFORMATION_TYPE="Source Definition" TRANSFORMATION_NAME="TGT_LKP_CUATRO" DBDNAME="DB2"/>
                <INSTANCE NAME="TGT_FIL_CINCO" TYPE="TARGET" REUSABLE="NO" TRANSFORMATION_TYPE="Target Definition" TRANSFORMATION_NAME="TGT_FIL_CINCO"/>
                <INSTANCE NAME="LKP_CUATRO" TYPE="TRANSFORMATION" REUSABLE="NO" TRANSFORMATION_TYPE="Lookup Procedure" TRANSFORMATION_NAME="LKP_CUATRO"/>
                <INSTANCE NAME="SQ_LKP_CUATRO" TYPE="TRANSFORMATION" REUSABLE="NO" TRANSFORMATION_TYPE="Source Qualifier" TRANSFORMATION_NAME="SQ_LKP_CUATRO">
                    <ASSOCIATED_SOURCE_INSTANCE NAME="LKP_CUATRO"/>
                </INSTANCE>
                <CONNECTOR FROMINSTANCE="LKP_CUATRO" FROMINSTANCETYPE="Lookup Procedure" FROMFIELD="FIELD_A" TOINSTANCE="TGT_FIL_CINCO" TOINSTANCETYPE="Target Definition" TOFIELD="FIELD_A"/>
                <CONNECTOR FROMINSTANCE="LKP_CUATRO" FROMINSTANCETYPE="Lookup Procedure" FROMFIELD="FIELD_B" TOINSTANCE="TGT_FIL_CINCO" TOINSTANCETYPE="Target Definition" TOFIELD="FIELD_B"/>
                <CONNECTOR FROMINSTANCE="LKP_CUATRO" FROMINSTANCETYPE="Lookup Procedure" FROMFIELD="FIELD_A" TOINSTANCE="TGT_FIL_CINCO" TOINSTANCETYPE="Target Definition" TOFIELD="FIELD_A"/>
                <CONNECTOR FROMINSTANCE="LKP_CUATRO" FROMINSTANCETYPE="Lookup Procedure" FROMFIELD="FIELD_B" TOINSTANCE="TGT_FIL_CINCO" TOINSTANCETYPE="Target Definition" TOFIELD="FIELD_B"/>
                <CONNECTOR FROMINSTANCE="TGT_LKP_CUATRO" FROMINSTANCETYPE="Source Definition" FROMFIELD="FIELD_A_IN" TOINSTANCE="SQ_LKP_CUATRO" TOINSTANCETYPE="Source Qualifier" TOFIELD="FIELD_A_IN"/>
                <CONNECTOR FROMINSTANCE="SQ_LKP_CUATRO" FROMINSTANCETYPE="Source Qualifier" FROMFIELD="FIELD_A_IN" TOINSTANCE="LKP_CUATRO" TOINSTANCETYPE="Lookup Procedure" TOFIELD="FIELD_A_IN"/>
                <CONNECTOR FROMINSTANCE="TGT_LKP_CUATRO" FROMINSTANCETYPE="Source Definition" FROMFIELD="FIELD_B_IN" TOINSTANCE="SQ_LKP_CUATRO" TOINSTANCETYPE="Source Qualifier" TOFIELD="FIELD_B_IN"/>
                <CONNECTOR FROMINSTANCE="SQ_LKP_CUATRO" FROMINSTANCETYPE="Source Qualifier" FROMFIELD="FIELD_B_IN" TOINSTANCE="LKP_CUATRO" TOINSTANCETYPE="Lookup Procedure" TOFIELD="FIELD_B_IN"/>
                <TARGETLOADORDER TARGETINSTANCE="TGT_FIL_CINCO" ORDER="1"/>
            </MAPPING>
        </FOLDER>
    </REPOSITORY>
</POWERMART>
