<?xml version="1.0" encoding="ISO-8859-1" standalone="yes"?>
<!DOCTYPE POWERMART SYSTEM "powrmart.dtd">
<POWERMART CREATION_DATE="30-11-2016" REPOSITORY_VERSION="1">
    <REPOSITORY NAME="NEWREP" DATABASETYPE="DB2" CODEPAGE="Latin1" VERSION="1">
        <FOLDER NAME="SRT_UNO_folder" DESCRIPTION="" SHARED="NOTSHARED" OWNER="EVERIS" GROUP="" PERMISSIONS="rwx---r--" UUID="">
            <SOURCE NAME="TGT_SRT_UNO" DBDNAME="DB2" BUSINESSNAME="" DESCRIPTION="" OBJECTVERSION="1" OWNERNAME="OWNERNAME" DATABASETYPE="DB2" VERSIONNUMBER="1">
                <SOURCEFIELD NAME="FIELD_A" BUSINESSNAME="" DESCRIPTION="" DATATYPE="varchar" KEYTYPE="NOT A KEY" PRECISION="10" SCALE="0" NULLABLE="NULL" USAGE_FLAGS="" LEVEL="0" FIELDTYPE="ELEMITEM" PICTURETEXT="" OCCURS="0" LENGTH="10" PHYSICALOFFSET="0" PHYSICALLENGTH="10" FIELDNUMBER="1" FIELDPROPERTY="0" HIDDEN="NO"/>
                <SOURCEFIELD NAME="FIELD_B" BUSINESSNAME="" DESCRIPTION="" DATATYPE="varchar" KEYTYPE="NOT A KEY" PRECISION="10" SCALE="0" NULLABLE="NULL" USAGE_FLAGS="" LEVEL="0" FIELDTYPE="ELEMITEM" PICTURETEXT="" OCCURS="0" LENGTH="10" PHYSICALOFFSET="10" PHYSICALLENGTH="10" FIELDNUMBER="2" FIELDPROPERTY="0" HIDDEN="NO"/>
            </SOURCE>
            <TARGET NAME="TGT_FIL_DEFAULT1" OBJECTVERSION="1" DATABASETYPE="DB2" VERSIONNUMBER="1">
                <TARGETFIELD NAME="FIELD_A2" DATATYPE="varchar" KEYTYPE="NOT A KEY" PRECISION="10" SCALE="0" FIELDNUMBER="1" NULLABLE="NULL"/>
                <TARGETFIELD NAME="FIELD_B2" DATATYPE="varchar" KEYTYPE="NOT A KEY" PRECISION="10" SCALE="0" FIELDNUMBER="2" NULLABLE="NULL"/>
            </TARGET>
            <MAPPING NAME="m_SRT_UNO" DESCRIPTION="" OBJECTVERSION="1" ISVALID="YES" VERSIONNUMBER="1">
                <TRANSFORMATION NAME="SQ_SRT_UNO" TYPE="Source Qualifier" OBJECTVERSION="1" REUSABLE="NO" VERSIONNUMBER="1">
                    <TRANSFORMFIELD NAME="FIELD_A" DESCRIPTION="" DATATYPE="string" PORTTYPE="INPUT/OUTPUT" PRECISION="10" SCALE="0" PICTURETEXT="" DEFAULTVALUE="" ISSORTKEY="YES" SORTDIRECTION="ASCENDING"/>
                    <TRANSFORMFIELD NAME="FIELD_B" DESCRIPTION="" DATATYPE="string" PORTTYPE="INPUT/OUTPUT" PRECISION="10" SCALE="0" PICTURETEXT="" DEFAULTVALUE="" ISSORTKEY="YES" SORTDIRECTION="ASCENDING"/>
                    <TABLEATTRIBUTE NAME="SQL Query" VALUE=""/>
                    <TABLEATTRIBUTE NAME="User Defined Join" VALUE=""/>
                    <TABLEATTRIBUTE NAME="Source Filter" VALUE=""/>
                    <TABLEATTRIBUTE NAME="Number Of Sorted Ports" VALUE="0"/>
                    <TABLEATTRIBUTE NAME="Tracing Level" VALUE="Normal"/>
                    <TABLEATTRIBUTE NAME="Select Distinct" VALUE="NO"/>
                    <TABLEATTRIBUTE NAME="Is Partitionable" VALUE="NO"/>
                    <TABLEATTRIBUTE NAME="Pre SQL" VALUE=""/>
                    <TABLEATTRIBUTE NAME="Post SQL" VALUE=""/>
                    <TABLEATTRIBUTE NAME="Output is deterministic" VALUE="NO"/>
                    <TABLEATTRIBUTE NAME="Output is repeatable" VALUE="NEVER"/>
                </TRANSFORMATION>
                <TRANSFORMATION NAME="SRT_UNO" DESCRIPTION="" TYPE="Sorter" OBJECTVERSION="1" REUSABLE="NO" VERSIONNUMBER="1">
                    <TRANSFORMFIELD NAME="FIELD_A" DESCRIPTION="" DATATYPE="string" PORTTYPE="INPUT/OUTPUT" PRECISION="10" SCALE="0" PICTURETEXT="" DEFAULTVALUE="" ISSORTKEY="YES" SORTDIRECTION="ASCENDING"/>
                    <TRANSFORMFIELD NAME="FIELD_B" DESCRIPTION="" DATATYPE="string" PORTTYPE="INPUT/OUTPUT" PRECISION="10" SCALE="0" PICTURETEXT="" DEFAULTVALUE="" ISSORTKEY="YES" SORTDIRECTION="ASCENDING"/>
                    <TABLEATTRIBUTE NAME="Sorter Cache Size" VALUE="Auto"/>
                    <TABLEATTRIBUTE NAME="Case Sensitive" VALUE="YES"/>
                    <TABLEATTRIBUTE NAME="Work Directory" VALUE="$PMTempDir"/>
                    <TABLEATTRIBUTE NAME="Distinct" VALUE="YES"/>
                    <TABLEATTRIBUTE NAME="Tracing Level" VALUE="Normal"/>
                    <TABLEATTRIBUTE NAME="Null Treated Low" VALUE="NO"/>
                    <TABLEATTRIBUTE NAME="Merge Only" VALUE="NO"/>
                    <TABLEATTRIBUTE NAME="Partitioning" VALUE="Order records for individual partitions"/>
                    <TABLEATTRIBUTE NAME="Transformation Scope" VALUE="All Input"/>
                </TRANSFORMATION>
                <INSTANCE NAME="TGT_SRT_UNO" TYPE="SOURCE" REUSABLE="NO" TRANSFORMATION_TYPE="Source Definition" TRANSFORMATION_NAME="TGT_SRT_UNO" DBDNAME="DB2"/>
                <INSTANCE NAME="TGT_FIL_DEFAULT1" TYPE="TARGET" REUSABLE="NO" TRANSFORMATION_TYPE="Target Definition" TRANSFORMATION_NAME="TGT_FIL_DEFAULT1"/>
                <INSTANCE NAME="SRT_UNO" TYPE="TRANSFORMATION" REUSABLE="NO" TRANSFORMATION_TYPE="Sorter" TRANSFORMATION_NAME="SRT_UNO"/>
                <INSTANCE NAME="SQ_SRT_UNO" TYPE="TRANSFORMATION" REUSABLE="NO" TRANSFORMATION_TYPE="Source Qualifier" TRANSFORMATION_NAME="SQ_SRT_UNO">
                    <ASSOCIATED_SOURCE_INSTANCE NAME="SRT_UNO"/>
                </INSTANCE>
                <CONNECTOR FROMINSTANCE="TGT_SRT_UNO" FROMINSTANCETYPE="Source Definition" FROMFIELD="FIELD_A" TOINSTANCE="SQ_SRT_UNO" TOINSTANCETYPE="Source Qualifier" TOFIELD="FIELD_A"/>
                <CONNECTOR FROMINSTANCE="SQ_SRT_UNO" FROMINSTANCETYPE="Source Qualifier" FROMFIELD="FIELD_A" TOINSTANCE="SRT_UNO" TOINSTANCETYPE="Sorter" TOFIELD="FIELD_A"/>
                <CONNECTOR FROMINSTANCE="SRT_UNO" FROMINSTANCETYPE="Sorter" FROMFIELD="FIELD_A" TOINSTANCE="TGT_FIL_DEFAULT1" TOINSTANCETYPE="Target Definition" TOFIELD="FIELD_A2"/>
                <CONNECTOR FROMINSTANCE="TGT_SRT_UNO" FROMINSTANCETYPE="Source Definition" FROMFIELD="FIELD_B" TOINSTANCE="SQ_SRT_UNO" TOINSTANCETYPE="Source Qualifier" TOFIELD="FIELD_B"/>
                <CONNECTOR FROMINSTANCE="SQ_SRT_UNO" FROMINSTANCETYPE="Source Qualifier" FROMFIELD="FIELD_B" TOINSTANCE="SRT_UNO" TOINSTANCETYPE="Sorter" TOFIELD="FIELD_B"/>
                <CONNECTOR FROMINSTANCE="SRT_UNO" FROMINSTANCETYPE="Sorter" FROMFIELD="FIELD_B" TOINSTANCE="TGT_FIL_DEFAULT1" TOINSTANCETYPE="Target Definition" TOFIELD="FIELD_B2"/>
                <TARGETLOADORDER TARGETINSTANCE="TGT_FIL_DEFAULT1" ORDER="1"/>
            </MAPPING>
        </FOLDER>
    </REPOSITORY>
</POWERMART>
