<?xml version="1.0" encoding="ISO-8859-1" standalone="yes"?>
<!DOCTYPE POWERMART SYSTEM "powrmart.dtd">
<POWERMART CREATION_DATE="30-11-2016" REPOSITORY_VERSION="1">
    <REPOSITORY NAME="NEWREP" DATABASETYPE="DB2" CODEPAGE="Latin1" VERSION="1">
        <FOLDER NAME="TGT_TGT13_folder" DESCRIPTION="" SHARED="NOTSHARED" OWNER="EVERIS" GROUP="" PERMISSIONS="rwx---r--" UUID="">
            <SOURCE NAME="TGT_TGT13" DBDNAME="DB2" BUSINESSNAME="" DESCRIPTION="" OBJECTVERSION="1" OWNERNAME="OWNERNAME" DATABASETYPE="DB2" VERSIONNUMBER="1">
                <SOURCEFIELD NAME="EXP_FIELD_A2" DATATYPE="varchar" KEYTYPE="NOT A KEY" PRECISION="10" SCALE="0" NULLABLE="NULL" USAGE_FLAGS="" LEVEL="0" FIELDTYPE="ELEMITEM" PICTURETEXT="" OCCURS="0" LENGTH="10" PHYSICALOFFSET="0" PHYSICALLENGTH="10" FIELDNUMBER="1" FIELDPROPERTY="0" HIDDEN="NO"/>
                <SOURCEFIELD NAME="EXP_FIELD_B2" DATATYPE="varchar" KEYTYPE="NOT A KEY" PRECISION="10" SCALE="0" NULLABLE="NULL" USAGE_FLAGS="" LEVEL="0" FIELDTYPE="ELEMITEM" PICTURETEXT="" OCCURS="0" LENGTH="10" PHYSICALOFFSET="10" PHYSICALLENGTH="10" FIELDNUMBER="2" FIELDPROPERTY="0" HIDDEN="NO"/>
            </SOURCE>
            <TARGET NAME="TGT1" BUSINESSNAME="" DESCRIPTION="" OBJECTVERSION="1" CONSTRAINT="" TABLEOPTIONS="" DATABASETYPE="DB2" VERSIONNUMBER="1">
                <TARGETFIELD NAME="FIELD1" BUSINESSNAME="" DESCRIPTION="" DATATYPE="varchar" KEYTYPE="NOT A KEY" PRECISION="10" SCALE="0" FIELDNUMBER="1" NULLABLE="NULL" PICTURETEXT=""/>
                <TARGETFIELD NAME="FIELD2" BUSINESSNAME="" DESCRIPTION="" DATATYPE="varchar" KEYTYPE="NOT A KEY" PRECISION="10" SCALE="0" FIELDNUMBER="2" NULLABLE="NULL" PICTURETEXT=""/>
                <TARGETFIELD NAME="FIELD3" BUSINESSNAME="" DESCRIPTION="" DATATYPE="varchar" KEYTYPE="NOT A KEY" PRECISION="10" SCALE="0" FIELDNUMBER="3" NULLABLE="NULL" PICTURETEXT=""/>
            </TARGET>
            <MAPPING NAME="m_TGT_TGT13" DESCRIPTION="" OBJECTVERSION="1" ISVALID="YES" VERSIONNUMBER="1">
                <TRANSFORMATION NAME="SQ_TGT_TGT13" TYPE="Source Qualifier" OBJECTVERSION="1" REUSABLE="NO" VERSIONNUMBER="1">
                    <TRANSFORMFIELD NAME="EXP_FIELD_A2" DATATYPE="string" PORTTYPE="INPUT/OUTPUT" PRECISION="10" SCALE="0"/>
                    <TRANSFORMFIELD NAME="EXP_FIELD_B2" DATATYPE="string" PORTTYPE="INPUT/OUTPUT" PRECISION="10" SCALE="0"/>
                    <TABLEATTRIBUTE NAME="SQL Query" VALUE=""/>
                    <TABLEATTRIBUTE NAME="User Defined Join" VALUE=""/>
                    <TABLEATTRIBUTE NAME="Source Filter" VALUE=""/>
                    <TABLEATTRIBUTE NAME="Number Of Sorted Ports" VALUE="0"/>
                    <TABLEATTRIBUTE NAME="Tracing Level" VALUE="Normal"/>
                    <TABLEATTRIBUTE NAME="Select Distinct" VALUE="NO"/>
                    <TABLEATTRIBUTE NAME="Is Partitionable" VALUE="NO"/>
                    <TABLEATTRIBUTE NAME="Pre SQL" VALUE=""/>
                    <TABLEATTRIBUTE NAME="Post SQL" VALUE=""/>
                    <TABLEATTRIBUTE NAME="Output is deterministic" VALUE="NO"/>
                    <TABLEATTRIBUTE NAME="Output is repeatable" VALUE="NEVER"/>
                </TRANSFORMATION>
                <INSTANCE NAME="TGT_TGT13" TYPE="SOURCE" REUSABLE="NO" TRANSFORMATION_TYPE="Source Definition" TRANSFORMATION_NAME="TGT_TGT13" DBDNAME="DB2"/>
                <INSTANCE NAME="TGT1" TYPE="TARGET" REUSABLE="NO" TRANSFORMATION_TYPE="Target Definition" TRANSFORMATION_NAME="TGT1"/>
                <INSTANCE NAME="SQ_TGT_TGT13" TYPE="TRANSFORMATION" REUSABLE="NO" TRANSFORMATION_TYPE="Source Qualifier" TRANSFORMATION_NAME="SQ_TGT_TGT13">
                    <ASSOCIATED_SOURCE_INSTANCE NAME="TGT_TGT13"/>
                </INSTANCE>
                <CONNECTOR FROMINSTANCE="SQ_TGT_TGT13" FROMINSTANCETYPE="Source Qualifier" FROMFIELD="EXP_FIELD_A2" TOINSTANCE="TGT1" TOINSTANCETYPE="Target Definition" TOFIELD="EXP_FIELD_A"/>
                <CONNECTOR FROMINSTANCE="TGT_TGT13" FROMINSTANCETYPE="Source Definition" FROMFIELD="EXP_FIELD_A2" TOINSTANCE="SQ_TGT_TGT13" TOINSTANCETYPE="Source Qualifier" TOFIELD="EXP_FIELD_A2"/>
                <CONNECTOR FROMINSTANCE="SQ_TGT_TGT13" FROMINSTANCETYPE="Source Qualifier" FROMFIELD="EXP_FIELD_B2" TOINSTANCE="TGT1" TOINSTANCETYPE="Target Definition" TOFIELD="EXP_FIELD_B"/>
                <CONNECTOR FROMINSTANCE="TGT_TGT13" FROMINSTANCETYPE="Source Definition" FROMFIELD="EXP_FIELD_B2" TOINSTANCE="SQ_TGT_TGT13" TOINSTANCETYPE="Source Qualifier" TOFIELD="EXP_FIELD_B2"/>
                <TARGETLOADORDER TARGETINSTANCE="TGT1" ORDER="1"/>
            </MAPPING>
        </FOLDER>
    </REPOSITORY>
</POWERMART>
