<?xml version="1.0" encoding="ISO-8859-1" standalone="yes"?><!DOCTYPE POWERMART SYSTEM "powrmart.dtd">
<POWERMART CREATION_DATE="30-11-2016" REPOSITORY_VERSION="1"><REPOSITORY NAME="NEWREP" DATABASETYPE="DB2" CODEPAGE="Latin1" VERSION="1"><FOLDER NAME="EXP_OPEN_ITEM_TRANS_folder" DESCRIPTION="" SHARED="NOTSHARED" OWNER="EVERIS" GROUP="" PERMISSIONS="rwx---r--" UUID=""><SOURCE NAME="TGT_EXP_OPEN_ITEM_TRANS" DBDNAME="DB2" BUSINESSNAME="" DESCRIPTION="" OBJECTVERSION="1" OWNERNAME="OWNERNAME" DATABASETYPE="DB2" VERSIONNUMBER="1"><SOURCEFIELD NAME="BPartner_IN" BUSINESSNAME="" DESCRIPTION="" DATATYPE="varchar" KEYTYPE="NOT A KEY" PRECISION="11" SCALE="0" NULLABLE="NULL" USAGE_FLAGS="" LEVEL="0" FIELDTYPE="ELEMITEM" PICTURETEXT="" OCCURS="0" LENGTH="11" PHYSICALOFFSET="0" PHYSICALLENGTH="11" FIELDNUMBER="1" FIELDPROPERTY="0" HIDDEN="NO"/><SOURCEFIELD NAME="Contract_IN" BUSINESSNAME="" DESCRIPTION="" DATATYPE="varchar" KEYTYPE="NOT A KEY" PRECISION="21" SCALE="0" NULLABLE="NULL" USAGE_FLAGS="" LEVEL="0" FIELDTYPE="ELEMITEM" PICTURETEXT="" OCCURS="0" LENGTH="21" PHYSICALOFFSET="11" PHYSICALLENGTH="21" FIELDNUMBER="2" FIELDPROPERTY="0" HIDDEN="NO"/><SOURCEFIELD NAME="Contract_bPartner_in" BUSINESSNAME="" DESCRIPTION="" DATATYPE="varchar" KEYTYPE="NOT A KEY" PRECISION="21" SCALE="0" NULLABLE="NULL" USAGE_FLAGS="" LEVEL="0" FIELDTYPE="ELEMITEM" PICTURETEXT="" OCCURS="0" LENGTH="21" PHYSICALOFFSET="32" PHYSICALLENGTH="21" FIELDNUMBER="3" FIELDPROPERTY="0" HIDDEN="NO"/><SOURCEFIELD NAME="DocDate_IN" BUSINESSNAME="" DESCRIPTION="" DATATYPE="varchar" KEYTYPE="NOT A KEY" PRECISION="11" SCALE="0" NULLABLE="NULL" USAGE_FLAGS="" LEVEL="0" FIELDTYPE="ELEMITEM" PICTURETEXT="" OCCURS="0" LENGTH="11" PHYSICALOFFSET="53" PHYSICALLENGTH="11" FIELDNUMBER="4" FIELDPROPERTY="0" HIDDEN="NO"/><SOURCEFIELD NAME="Due_IN" BUSINESSNAME="" DESCRIPTION="" DATATYPE="varchar" KEYTYPE="NOT A KEY" PRECISION="11" SCALE="0" NULLABLE="NULL" USAGE_FLAGS="" LEVEL="0" FIELDTYPE="ELEMITEM" PICTURETEXT="" OCCURS="0" LENGTH="11" PHYSICALOFFSET="64" PHYSICALLENGTH="11" FIELDNUMBER="5" FIELDPROPERTY="0" HIDDEN="NO"/><SOURCEFIELD NAME="MTra_IN" BUSINESSNAME="" DESCRIPTION="" DATATYPE="varchar" KEYTYPE="NOT A KEY" PRECISION="5" SCALE="0" NULLABLE="NULL" USAGE_FLAGS="" LEVEL="0" FIELDTYPE="ELEMITEM" PICTURETEXT="" OCCURS="0" LENGTH="5" PHYSICALOFFSET="75" PHYSICALLENGTH="5" FIELDNUMBER="6" FIELDPROPERTY="0" HIDDEN="NO"/><SOURCEFIELD NAME="STra_IN" BUSINESSNAME="" DESCRIPTION="" DATATYPE="varchar" KEYTYPE="NOT A KEY" PRECISION="5" SCALE="0" NULLABLE="NULL" USAGE_FLAGS="" LEVEL="0" FIELDTYPE="ELEMITEM" PICTURETEXT="" OCCURS="0" LENGTH="5" PHYSICALOFFSET="80" PHYSICALLENGTH="5" FIELDNUMBER="7" FIELDPROPERTY="0" HIDDEN="NO"/><SOURCEFIELD NAME="DocNo_IN" BUSINESSNAME="" DESCRIPTION="" DATATYPE="varchar" KEYTYPE="NOT A KEY" PRECISION="13" SCALE="0" NULLABLE="NULL" USAGE_FLAGS="" LEVEL="0" FIELDTYPE="ELEMITEM" PICTURETEXT="" OCCURS="0" LENGTH="13" PHYSICALOFFSET="85" PHYSICALLENGTH="13" FIELDNUMBER="8" FIELDPROPERTY="0" HIDDEN="NO"/><SOURCEFIELD NAME="AssignedRep_IN" BUSINESSNAME="" DESCRIPTION="" DATATYPE="varchar" KEYTYPE="NOT A KEY" PRECISION="13" SCALE="0" NULLABLE="NULL" USAGE_FLAGS="" LEVEL="0" FIELDTYPE="ELEMITEM" PICTURETEXT="" OCCURS="0" LENGTH="13" PHYSICALOFFSET="98" PHYSICALLENGTH="13" FIELDNUMBER="9" FIELDPROPERTY="0" HIDDEN="NO"/><SOURCEFIELD NAME="CrCz_IN" BUSINESSNAME="" DESCRIPTION="" DATATYPE="varchar" KEYTYPE="NOT A KEY" PRECISION="6" SCALE="0" NULLABLE="NULL" USAGE_FLAGS="" LEVEL="0" FIELDTYPE="ELEMITEM" PICTURETEXT="" OCCURS="0" LENGTH="6" PHYSICALOFFSET="111" PHYSICALLENGTH="6" FIELDNUMBER="10" FIELDPROPERTY="0" HIDDEN="NO"/><SOURCEFIELD NAME="LocCurrAmount_IN" BUSINESSNAME="" DESCRIPTION="" DATATYPE="varchar" KEYTYPE="NOT A KEY" PRECISION="17" SCALE="0" NULLABLE="NULL" USAGE_FLAGS="" LEVEL="0" FIELDTYPE="ELEMITEM" PICTURETEXT="" OCCURS="0" LENGTH="17" PHYSICALOFFSET="117" PHYSICALLENGTH="17" FIELDNUMBER="11" FIELDPROPERTY="0" HIDDEN="NO"/><SOURCEFIELD NAME="LocCurAmountSign_IN" BUSINESSNAME="" DESCRIPTION="" DATATYPE="varchar" KEYTYPE="NOT A KEY" PRECISION="1" SCALE="0" NULLABLE="NULL" USAGE_FLAGS="" LEVEL="0" FIELDTYPE="ELEMITEM" PICTURETEXT="" OCCURS="0" LENGTH="1" PHYSICALOFFSET="134" PHYSICALLENGTH="1" FIELDNUMBER="12" FIELDPROPERTY="0" HIDDEN="NO"/><SOURCEFIELD NAME="Amount2" BUSINESSNAME="" DESCRIPTION="" DATATYPE="varchar" KEYTYPE="NOT A KEY" PRECISION="17" SCALE="0" NULLABLE="NULL" USAGE_FLAGS="" LEVEL="0" FIELDTYPE="ELEMITEM" PICTURETEXT="" OCCURS="0" LENGTH="17" PHYSICALOFFSET="135" PHYSICALLENGTH="17" FIELDNUMBER="13" FIELDPROPERTY="0" HIDDEN="NO"/><SOURCEFIELD NAME="Ammount_Sign2" BUSINESSNAME="" DESCRIPTION="" DATATYPE="varchar" KEYTYPE="NOT A KEY" PRECISION="2" SCALE="0" NULLABLE="NULL" USAGE_FLAGS="" LEVEL="0" FIELDTYPE="ELEMITEM" PICTURETEXT="" OCCURS="0" LENGTH="2" PHYSICALOFFSET="152" PHYSICALLENGTH="2" FIELDNUMBER="14" FIELDPROPERTY="0" HIDDEN="NO"/><SOURCEFIELD NAME="RefBP_IN" BUSINESSNAME="" DESCRIPTION="" DATATYPE="varchar" KEYTYPE="NOT A KEY" PRECISION="11" SCALE="0" NULLABLE="NULL" USAGE_FLAGS="" LEVEL="0" FIELDTYPE="ELEMITEM" PICTURETEXT="" OCCURS="0" LENGTH="11" PHYSICALOFFSET="154" PHYSICALLENGTH="11" FIELDNUMBER="15" FIELDPROPERTY="0" HIDDEN="NO"/><SOURCEFIELD NAME="PostDate_IN" BUSINESSNAME="" DESCRIPTION="" DATATYPE="varchar" KEYTYPE="NOT A KEY" PRECISION="11" SCALE="0" NULLABLE="NULL" USAGE_FLAGS="" LEVEL="0" FIELDTYPE="ELEMITEM" PICTURETEXT="" OCCURS="0" LENGTH="11" PHYSICALOFFSET="165" PHYSICALLENGTH="11" FIELDNUMBER="16" FIELDPROPERTY="0" HIDDEN="NO"/><SOURCEFIELD NAME="CoCd_IN" BUSINESSNAME="" DESCRIPTION="" DATATYPE="varchar" KEYTYPE="NOT A KEY" PRECISION="5" SCALE="0" NULLABLE="NULL" USAGE_FLAGS="" LEVEL="0" FIELDTYPE="ELEMITEM" PICTURETEXT="" OCCURS="0" LENGTH="5" PHYSICALOFFSET="176" PHYSICALLENGTH="5" FIELDNUMBER="17" FIELDPROPERTY="0" HIDDEN="NO"/><SOURCEFIELD NAME="Deferral_IN" BUSINESSNAME="" DESCRIPTION="" DATATYPE="varchar" KEYTYPE="NOT A KEY" PRECISION="11" SCALE="0" NULLABLE="NULL" USAGE_FLAGS="" LEVEL="0" FIELDTYPE="ELEMITEM" PICTURETEXT="" OCCURS="0" LENGTH="11" PHYSICALOFFSET="181" PHYSICALLENGTH="11" FIELDNUMBER="18" FIELDPROPERTY="0" HIDDEN="NO"/><SOURCEFIELD NAME="KEY_DATE_IN" BUSINESSNAME="" DESCRIPTION="" DATATYPE="varchar" KEYTYPE="NOT A KEY" PRECISION="10" SCALE="0" NULLABLE="NULL" USAGE_FLAGS="" LEVEL="0" FIELDTYPE="ELEMITEM" PICTURETEXT="" OCCURS="0" LENGTH="10" PHYSICALOFFSET="192" PHYSICALLENGTH="10" FIELDNUMBER="19" FIELDPROPERTY="0" HIDDEN="NO"/><SOURCEFIELD NAME="S_IN" BUSINESSNAME="" DESCRIPTION="" DATATYPE="varchar" KEYTYPE="NOT A KEY" PRECISION="2" SCALE="0" NULLABLE="NULL" USAGE_FLAGS="" LEVEL="0" FIELDTYPE="ELEMITEM" PICTURETEXT="" OCCURS="0" LENGTH="2" PHYSICALOFFSET="202" PHYSICALLENGTH="2" FIELDNUMBER="20" FIELDPROPERTY="0" HIDDEN="NO"/><SOURCEFIELD NAME="UnderWriter2" BUSINESSNAME="" DESCRIPTION="" DATATYPE="varchar" KEYTYPE="NOT A KEY" PRECISION="9" SCALE="0" NULLABLE="NULL" USAGE_FLAGS="" LEVEL="0" FIELDTYPE="ELEMITEM" PICTURETEXT="" OCCURS="0" LENGTH="9" PHYSICALOFFSET="204" PHYSICALLENGTH="9" FIELDNUMBER="21" FIELDPROPERTY="0" HIDDEN="NO"/></SOURCE><TARGET NAME="TGT_LKP_UNDERWRITER11" OBJECTVERSION="1" DATABASETYPE="DB2" VERSIONNUMBER="1"><TARGETFIELD NAME="UnderWriter1" DATATYPE="integer" KEYTYPE="NOT A KEY" PRECISION="10" SCALE="0" FIELDNUMBER="1" NULLABLE="NULL"/></TARGET><MAPPING NAME="m_EXP_OPEN_ITEM_TRANS" DESCRIPTION="" OBJECTVERSION="1" ISVALID="YES" VERSIONNUMBER="1"><TRANSFORMATION NAME="SQ_EXP_OPEN_ITEM_TRANS" TYPE="Source Qualifier" OBJECTVERSION="1" REUSABLE="NO" VERSIONNUMBER="1"><TRANSFORMFIELD NAME="BPartner_IN" DESCRIPTION="" DATATYPE="string" PORTTYPE="INPUT/OUTPUT" PRECISION="11" SCALE="0" PICTURETEXT="" DEFAULTVALUE=""/><TRANSFORMFIELD NAME="Contract_IN" DESCRIPTION="" DATATYPE="string" PORTTYPE="INPUT/OUTPUT" PRECISION="21" SCALE="0" PICTURETEXT="" DEFAULTVALUE=""/><TRANSFORMFIELD NAME="Contract_bPartner_in" DESCRIPTION="" DATATYPE="string" PORTTYPE="INPUT/OUTPUT" PRECISION="21" SCALE="0" PICTURETEXT="" DEFAULTVALUE=""/><TRANSFORMFIELD NAME="DocDate_IN" DESCRIPTION="" DATATYPE="string" PORTTYPE="INPUT/OUTPUT" PRECISION="11" SCALE="0" PICTURETEXT="" DEFAULTVALUE=""/><TRANSFORMFIELD NAME="Due_IN" DESCRIPTION="" DATATYPE="string" PORTTYPE="INPUT/OUTPUT" PRECISION="11" SCALE="0" PICTURETEXT="" DEFAULTVALUE=""/><TRANSFORMFIELD NAME="MTra_IN" DESCRIPTION="" DATATYPE="string" PORTTYPE="INPUT/OUTPUT" PRECISION="5" SCALE="0" PICTURETEXT="" DEFAULTVALUE=""/><TRANSFORMFIELD NAME="STra_IN" DESCRIPTION="" DATATYPE="string" PORTTYPE="INPUT/OUTPUT" PRECISION="5" SCALE="0" PICTURETEXT="" DEFAULTVALUE=""/><TRANSFORMFIELD NAME="DocNo_IN" DESCRIPTION="" DATATYPE="string" PORTTYPE="INPUT/OUTPUT" PRECISION="13" SCALE="0" PICTURETEXT="" DEFAULTVALUE=""/><TRANSFORMFIELD NAME="AssignedRep_IN" DESCRIPTION="" DATATYPE="string" PORTTYPE="INPUT/OUTPUT" PRECISION="13" SCALE="0" PICTURETEXT="" DEFAULTVALUE=""/><TRANSFORMFIELD NAME="CrCz_IN" DESCRIPTION="" DATATYPE="string" PORTTYPE="INPUT/OUTPUT" PRECISION="6" SCALE="0" PICTURETEXT="" DEFAULTVALUE=""/><TRANSFORMFIELD NAME="LocCurrAmount_IN" DESCRIPTION="" DATATYPE="string" PORTTYPE="INPUT/OUTPUT" PRECISION="17" SCALE="0" PICTURETEXT="" DEFAULTVALUE=""/><TRANSFORMFIELD NAME="LocCurAmountSign_IN" DESCRIPTION="" DATATYPE="string" PORTTYPE="INPUT/OUTPUT" PRECISION="1" SCALE="0" PICTURETEXT="" DEFAULTVALUE=""/><TRANSFORMFIELD NAME="Amount2" DESCRIPTION="" DATATYPE="string" PORTTYPE="INPUT/OUTPUT" PRECISION="17" SCALE="0" PICTURETEXT="" DEFAULTVALUE=""/><TRANSFORMFIELD NAME="Ammount_Sign2" DESCRIPTION="" DATATYPE="string" PORTTYPE="INPUT/OUTPUT" PRECISION="2" SCALE="0" PICTURETEXT="" DEFAULTVALUE=""/><TRANSFORMFIELD NAME="RefBP_IN" DESCRIPTION="" DATATYPE="string" PORTTYPE="INPUT/OUTPUT" PRECISION="11" SCALE="0" PICTURETEXT="" DEFAULTVALUE=""/><TRANSFORMFIELD NAME="PostDate_IN" DESCRIPTION="" DATATYPE="string" PORTTYPE="INPUT/OUTPUT" PRECISION="11" SCALE="0" PICTURETEXT="" DEFAULTVALUE=""/><TRANSFORMFIELD NAME="CoCd_IN" DESCRIPTION="" DATATYPE="string" PORTTYPE="INPUT/OUTPUT" PRECISION="5" SCALE="0" PICTURETEXT="" DEFAULTVALUE=""/><TRANSFORMFIELD NAME="Deferral_IN" DESCRIPTION="" DATATYPE="string" PORTTYPE="INPUT/OUTPUT" PRECISION="11" SCALE="0" PICTURETEXT="" DEFAULTVALUE=""/><TRANSFORMFIELD NAME="KEY_DATE_IN" DESCRIPTION="" DATATYPE="string" PORTTYPE="INPUT/OUTPUT" PRECISION="10" SCALE="0" PICTURETEXT="" DEFAULTVALUE=""/><TRANSFORMFIELD NAME="S_IN" DESCRIPTION="" DATATYPE="string" PORTTYPE="INPUT/OUTPUT" PRECISION="2" SCALE="0" PICTURETEXT="" DEFAULTVALUE=""/><TRANSFORMFIELD NAME="UnderWriter2" DESCRIPTION="" DATATYPE="string" PORTTYPE="INPUT/OUTPUT" PRECISION="9" SCALE="0" PICTURETEXT="" DEFAULTVALUE="" EXPRESSION="UnderWriter2" EXPRESSIONTYPE="GENERAL"/><TABLEATTRIBUTE NAME="SQL Query" VALUE=""/><TABLEATTRIBUTE NAME="User Defined Join" VALUE=""/><TABLEATTRIBUTE NAME="Source Filter" VALUE=""/><TABLEATTRIBUTE NAME="Number Of Sorted Ports" VALUE="0"/><TABLEATTRIBUTE NAME="Tracing Level" VALUE="Normal"/><TABLEATTRIBUTE NAME="Select Distinct" VALUE="NO"/><TABLEATTRIBUTE NAME="Is Partitionable" VALUE="NO"/><TABLEATTRIBUTE NAME="Pre SQL" VALUE=""/><TABLEATTRIBUTE NAME="Post SQL" VALUE=""/><TABLEATTRIBUTE NAME="Output is deterministic" VALUE="NO"/><TABLEATTRIBUTE NAME="Output is repeatable" VALUE="NEVER"/></TRANSFORMATION><TRANSFORMATION NAME="EXP_OPEN_ITEM_TRANS" DESCRIPTION="" TYPE="Expression" OBJECTVERSION="1" REUSABLE="NO" VERSIONNUMBER="1"><TRANSFORMFIELD NAME="S_v" DESCRIPTION="" DATATYPE="string" PORTTYPE="LOCAL VARIABLE" PRECISION="10" SCALE="0" PICTURETEXT="" DEFAULTVALUE="" EXPRESSION="S_IN" EXPRESSIONTYPE="GENERAL"/><TRANSFORMFIELD NAME="Due_v" DESCRIPTION="" DATATYPE="string" PORTTYPE="LOCAL VARIABLE" PRECISION="10" SCALE="0" PICTURETEXT="" DEFAULTVALUE="" EXPRESSION=":UDF.TRIM(Due_IN,' ')" EXPRESSIONTYPE="GENERAL"/><TRANSFORMFIELD NAME="PostDate_v" DESCRIPTION="" DATATYPE="string" PORTTYPE="LOCAL VARIABLE" PRECISION="10" SCALE="0" PICTURETEXT="" DEFAULTVALUE="" EXPRESSION=":UDF.TRIM(PostDate_IN,' ')" EXPRESSIONTYPE="GENERAL"/><TRANSFORMFIELD NAME="BPartner_v" DESCRIPTION="" DATATYPE="string" PORTTYPE="LOCAL VARIABLE" PRECISION="11" SCALE="0" PICTURETEXT="" DEFAULTVALUE="" EXPRESSION=":UDF.TRIM(BPartner_IN,' ')" EXPRESSIONTYPE="GENERAL"/><TRANSFORMFIELD NAME="Mtra_v" DESCRIPTION="" DATATYPE="string" PORTTYPE="LOCAL VARIABLE" PRECISION="10" SCALE="0" PICTURETEXT="" DEFAULTVALUE="" EXPRESSION=":UDF.TRIM(MTra_IN,' ')" EXPRESSIONTYPE="GENERAL"/><TRANSFORMFIELD NAME="Stra_v" DESCRIPTION="" DATATYPE="string" PORTTYPE="LOCAL VARIABLE" PRECISION="10" SCALE="0" PICTURETEXT="" DEFAULTVALUE="" EXPRESSION=":UDF.TRIM(STra_IN,' ')" EXPRESSIONTYPE="GENERAL"/><TRANSFORMFIELD NAME="RefBP_v" DESCRIPTION="" DATATYPE="string" PORTTYPE="LOCAL VARIABLE" PRECISION="11" SCALE="0" PICTURETEXT="" DEFAULTVALUE="" EXPRESSION=":UDF.TRIM(RefBP_IN,' ')" EXPRESSIONTYPE="GENERAL"/><TRANSFORMFIELD NAME="Contract_bPartner_v" DESCRIPTION="" DATATYPE="string" PORTTYPE="LOCAL VARIABLE" PRECISION="21" SCALE="0" PICTURETEXT="" DEFAULTVALUE="" EXPRESSION=":UDF.TRIM(Contract_bPartner_in,' ')" EXPRESSIONTYPE="GENERAL"/><TRANSFORMFIELD NAME="Contract_v" DESCRIPTION="" DATATYPE="string" PORTTYPE="LOCAL VARIABLE" PRECISION="21" SCALE="0" PICTURETEXT="" DEFAULTVALUE="" EXPRESSION=":UDF.TRIM(Contract_IN,' ')" EXPRESSIONTYPE="GENERAL"/><TRANSFORMFIELD NAME="POLICY_v" DESCRIPTION="" DATATYPE="string" PORTTYPE="LOCAL VARIABLE" PRECISION="21" SCALE="0" PICTURETEXT="" DEFAULTVALUE="" EXPRESSION="iif(substr(BPartner_v,1,1)='B',Contract_bPartner_v,Contract_v)" EXPRESSIONTYPE="GENERAL"/><TRANSFORMFIELD NAME="SUB_POLICY_v" DESCRIPTION="" DATATYPE="string" PORTTYPE="LOCAL VARIABLE" PRECISION="2" SCALE="0" PICTURETEXT="" DEFAULTVALUE="" EXPRESSION="substr(POLICY_v,-2,2)" EXPRESSIONTYPE="GENERAL"/><TRANSFORMFIELD NAME="AGE_BUCKET_VAR" DESCRIPTION="" DATATYPE="decimal" PORTTYPE="LOCAL VARIABLE" PRECISION="10" SCALE="0" PICTURETEXT="" DEFAULTVALUE="" EXPRESSION="iif(isnull(Due_v),0,  DATE_DIFF(TO_DATE(KEY_DATE_IN,'MM/DD/YYYY'),TO_DATE(Due_v,'MM/DD/YYYY'),'DD'))" EXPRESSIONTYPE="GENERAL"/><TRANSFORMFIELD NAME="Ind_Policy_v" DESCRIPTION="" DATATYPE="string" PORTTYPE="LOCAL VARIABLE" PRECISION="10" SCALE="0" PICTURETEXT="" DEFAULTVALUE="" EXPRESSION="--iif( substr(POLICY_v,-2,2)= 'BM' OR     --   substr(POLICY_v,-2,2)= 'CF' OR        --substr(POLICY_v,-2,2)= 'LF' OR        --substr(POLICY_v,-2,2)= 'ZE' OR        --substr(POLICY_v,-2,2)= 'ZF' OR        --substr(POLICY_v,-1,1)= 'D' OR        --substr(POLICY_v,-1,1)= 'C' OR  --(substr(POLICY_v,-1,1)= 'P' AND  NOT  (Mtra_v = '2000' AND Stra_v = '0109') )  --OR   --(substr(POLICY_v,-1,1)= 'P' AND  NOT  (Mtra_v = '6000' AND Stra_v = '0117'))   --OR   --(substr(POLICY_v,-1,1)= 'P' AND   NOT ( Mtra_v = '0001' AND Stra_v = '0102'))   --OR   --(substr(POLICY_v,-1,1)= 'P' AND  NOT ( Mtra_v = '0001' AND Stra_v = '0106')),  --'0',  --'1')" EXPRESSIONTYPE="GENERAL"/><TRANSFORMFIELD NAME="Ind_MtraStra_v" DESCRIPTION="" DATATYPE="string" PORTTYPE="LOCAL VARIABLE" PRECISION="10" SCALE="0" PICTURETEXT="" DEFAULTVALUE="" EXPRESSION="--IIF (  --(Mtra_v = '2000' AND Stra_v = '0109') OR   --(Mtra_v = '6000' AND Stra_v = '0117') OR   --(Mtra_v = '0001' AND Stra_v = '0102') OR   --(Mtra_v = '0001' AND Stra_v = '0106')  --,1,0)  --MTra (main) and STra (sub) are the following combinations:  --  0001/0102  --  2000/0109  --  6000/0117  --  0001/0106  --Mtra_v, Stra_v" EXPRESSIONTYPE="GENERAL"/><TRANSFORMFIELD NAME="POLICY" DESCRIPTION="" DATATYPE="string" PORTTYPE="OUTPUT" PRECISION="21" SCALE="0" PICTURETEXT="" DEFAULTVALUE="ERROR('transformation error')" EXPRESSION="POLICY_v" EXPRESSIONTYPE="GENERAL"/><TRANSFORMFIELD NAME="BPartner" DESCRIPTION="" DATATYPE="string" PORTTYPE="OUTPUT" PRECISION="21" SCALE="0" PICTURETEXT="" DEFAULTVALUE="ERROR('transformation error')" EXPRESSION="iif(substr(BPartner_v,1,1)='B',RefBP_v,BPartner_v)" EXPRESSIONTYPE="GENERAL"/><TRANSFORMFIELD NAME="Ind_Premium" DESCRIPTION="" DATATYPE="string" PORTTYPE="OUTPUT" PRECISION="1" SCALE="0" PICTURETEXT="" DEFAULTVALUE="ERROR('transformation error')" EXPRESSION="Ind_Policy_v " EXPRESSIONTYPE="GENERAL"/><TRANSFORMFIELD NAME="Contract" DESCRIPTION="" DATATYPE="string" PORTTYPE="OUTPUT" PRECISION="21" SCALE="0" PICTURETEXT="" DEFAULTVALUE="ERROR('transformation error')" EXPRESSION="Contract_v" EXPRESSIONTYPE="GENERAL"/><TRANSFORMFIELD NAME="Contract_bPartner" DESCRIPTION="" DATATYPE="string" PORTTYPE="OUTPUT" PRECISION="21" SCALE="0" PICTURETEXT="" DEFAULTVALUE="ERROR('transformation error')" EXPRESSION="Contract_bPartner_v" EXPRESSIONTYPE="GENERAL"/><TRANSFORMFIELD NAME="DocDate" DESCRIPTION="" DATATYPE="string" PORTTYPE="OUTPUT" PRECISION="10" SCALE="0" PICTURETEXT="" DEFAULTVALUE="ERROR('transformation error')" EXPRESSION=":UDF.TRIM(DocDate_IN,' ')" EXPRESSIONTYPE="GENERAL"/><TRANSFORMFIELD NAME="Due" DESCRIPTION="" DATATYPE="string" PORTTYPE="OUTPUT" PRECISION="10" SCALE="0" PICTURETEXT="" DEFAULTVALUE="ERROR('transformation error')" EXPRESSION="Due_v" EXPRESSIONTYPE="GENERAL"/><TRANSFORMFIELD NAME="MTra" DESCRIPTION="" DATATYPE="string" PORTTYPE="OUTPUT" PRECISION="5" SCALE="0" PICTURETEXT="" DEFAULTVALUE="ERROR('transformation error')" EXPRESSION="Mtra_v" EXPRESSIONTYPE="GENERAL"/><TRANSFORMFIELD NAME="STra" DESCRIPTION="" DATATYPE="string" PORTTYPE="OUTPUT" PRECISION="5" SCALE="0" PICTURETEXT="" DEFAULTVALUE="ERROR('transformation error')" EXPRESSION="Stra_v" EXPRESSIONTYPE="GENERAL"/><TRANSFORMFIELD NAME="DocNo" DESCRIPTION="" DATATYPE="string" PORTTYPE="OUTPUT" PRECISION="20" SCALE="0" PICTURETEXT="" DEFAULTVALUE="ERROR('transformation error')" EXPRESSION=":UDF.TRIM(DocNo_IN,' ')" EXPRESSIONTYPE="GENERAL"/><TRANSFORMFIELD NAME="AssignedRep" DESCRIPTION="" DATATYPE="string" PORTTYPE="OUTPUT" PRECISION="13" SCALE="0" PICTURETEXT="" DEFAULTVALUE="ERROR('transformation error')" EXPRESSION=":UDF.TRIM(AssignedRep_IN,' ')" EXPRESSIONTYPE="GENERAL"/><TRANSFORMFIELD NAME="RefBP" DESCRIPTION="" DATATYPE="string" PORTTYPE="OUTPUT" PRECISION="11" SCALE="0" PICTURETEXT="" DEFAULTVALUE="ERROR('transformation error')" EXPRESSION="RefBP_v" EXPRESSIONTYPE="GENERAL"/><TRANSFORMFIELD NAME="CrCz" DESCRIPTION="" DATATYPE="string" PORTTYPE="OUTPUT" PRECISION="10" SCALE="0" PICTURETEXT="" DEFAULTVALUE="ERROR('transformation error')" EXPRESSION="IIF(NOT (:UDF.TRIM(CrCz_IN,' ')=''), :UDF.TRIM(CrCz_IN,' '),'USD')" EXPRESSIONTYPE="GENERAL"/><TRANSFORMFIELD NAME="LocCurrAmount" DESCRIPTION="" DATATYPE="string" PORTTYPE="OUTPUT" PRECISION="18" SCALE="0" PICTURETEXT="" DEFAULTVALUE="ERROR('transformation error')" EXPRESSION="CONCAT(:UDF.TRIM(Ammount_Sign2,' '),:UDF.TRIM(Amount2,' '))    " EXPRESSIONTYPE="GENERAL"/><TRANSFORMFIELD NAME="Special_program" DESCRIPTION="" DATATYPE="string" PORTTYPE="OUTPUT" PRECISION="1" SCALE="0" PICTURETEXT="" DEFAULTVALUE="ERROR('transformation error')" EXPRESSION="IIF(   SUBSTR(Contract_IN,1,5)='90000'   AND    SUBSTR(Contract_IN,-3,3)='COA'    OR    AssignedRep_IN='USZETX0'             OR     ( SUBSTR(Contract_IN,-5,1) = 'C'        AND    SUBSTR(Contract_IN,-3,3)='PUC'      )  ,'1','0')" EXPRESSIONTYPE="GENERAL"/><TRANSFORMFIELD NAME="PostDate" DESCRIPTION="" DATATYPE="string" PORTTYPE="OUTPUT" PRECISION="10" SCALE="0" PICTURETEXT="" DEFAULTVALUE="ERROR('transformation error')" EXPRESSION="PostDate_v" EXPRESSIONTYPE="GENERAL"/><TRANSFORMFIELD NAME="POST_DATE_NOT_NULL" DESCRIPTION="" DATATYPE="string" PORTTYPE="OUTPUT" PRECISION="10" SCALE="0" PICTURETEXT="" DEFAULTVALUE="ERROR('transformation error')" EXPRESSION="iif(isnull(PostDate_v) OR PostDate_v = '','19200101',to_char(to_date(PostDate_v,'MM/DD/YYYY'),'YYYYMMDD'))" EXPRESSIONTYPE="GENERAL"/><TRANSFORMFIELD NAME="CoCd" DESCRIPTION="" DATATYPE="string" PORTTYPE="OUTPUT" PRECISION="5" SCALE="0" PICTURETEXT="" DEFAULTVALUE="ERROR('transformation error')" EXPRESSION=":UDF.TRIM(CoCd_IN,' ')" EXPRESSIONTYPE="GENERAL"/><TRANSFORMFIELD NAME="Deferral" DESCRIPTION="" DATATYPE="string" PORTTYPE="OUTPUT" PRECISION="10" SCALE="0" PICTURETEXT="" DEFAULTVALUE="ERROR('transformation error')" EXPRESSION=":UDF.TRIM(Deferral_IN,' ')" EXPRESSIONTYPE="GENERAL"/><TRANSFORMFIELD NAME="AGE_BUCKET_ID" DESCRIPTION="" DATATYPE="string" PORTTYPE="OUTPUT" PRECISION="10" SCALE="0" PICTURETEXT="" DEFAULTVALUE="ERROR('transformation error')" EXPRESSION="--to_char(iif(AGE_BUCKET_VAR&lt;=0,1,   --iif(AGE_BUCKET_VAR&lt;=180,trunc(AGE_BUCKET_VAR/30)+2,    --iif(AGE_BUCKET_VAR&lt;=365,8,9       --    )       -- )  --))    TO_CHAR(  DECODE( TRUE        , AGE_BUCKET_VAR &lt;= 0, 1        , AGE_BUCKET_VAR &gt;= 0 AND AGE_BUCKET_VAR &lt;=30, 2        , AGE_BUCKET_VAR &gt;= 31 AND AGE_BUCKET_VAR &lt;=60, 3        ,  AGE_BUCKET_VAR &gt;= 61 AND AGE_BUCKET_VAR &lt;=90, 4   ,  AGE_BUCKET_VAR &gt;= 91 AND AGE_BUCKET_VAR &lt;=120, 5         ,AGE_BUCKET_VAR &gt;= 121 AND AGE_BUCKET_VAR &lt;=150, 6   ,  AGE_BUCKET_VAR &gt;= 151 AND AGE_BUCKET_VAR &lt;=180, 7   , AGE_BUCKET_VAR &gt;= 181 AND AGE_BUCKET_VAR &lt;=365, 8   , AGE_BUCKET_VAR &gt; 365, 9                                 , 0))" EXPRESSIONTYPE="GENERAL"/><TRANSFORMFIELD NAME="KEY_DATE" DESCRIPTION="" DATATYPE="string" PORTTYPE="OUTPUT" PRECISION="10" SCALE="0" PICTURETEXT="" DEFAULTVALUE="ERROR('transformation error')" EXPRESSION=":UDF.TRIM(KEY_DATE_IN,' ')" EXPRESSIONTYPE="GENERAL"/><TRANSFORMFIELD NAME="SC_IO" DESCRIPTION="" DATATYPE="string" PORTTYPE="OUTPUT" PRECISION="10" SCALE="0" PICTURETEXT="" DEFAULTVALUE="ERROR('transformation error')" EXPRESSION="'IO'" EXPRESSIONTYPE="GENERAL"/><TRANSFORMFIELD NAME="SC_PARTNER" DESCRIPTION="" DATATYPE="string" PORTTYPE="OUTPUT" PRECISION="10" SCALE="0" PICTURETEXT="" DEFAULTVALUE="ERROR('transformation error')" EXPRESSION="'Partner'" EXPRESSIONTYPE="GENERAL"/><TRANSFORMFIELD NAME="BPartner_IN" DESCRIPTION="" DATATYPE="string" PORTTYPE="INPUT" PRECISION="11" SCALE="0" PICTURETEXT="" DEFAULTVALUE=""/><TRANSFORMFIELD NAME="Contract_IN" DESCRIPTION="" DATATYPE="string" PORTTYPE="INPUT" PRECISION="21" SCALE="0" PICTURETEXT="" DEFAULTVALUE=""/><TRANSFORMFIELD NAME="Contract_bPartner_in" DESCRIPTION="" DATATYPE="string" PORTTYPE="INPUT" PRECISION="21" SCALE="0" PICTURETEXT="" DEFAULTVALUE=""/><TRANSFORMFIELD NAME="DocDate_IN" DESCRIPTION="" DATATYPE="string" PORTTYPE="INPUT" PRECISION="11" SCALE="0" PICTURETEXT="" DEFAULTVALUE=""/><TRANSFORMFIELD NAME="Due_IN" DESCRIPTION="" DATATYPE="string" PORTTYPE="INPUT" PRECISION="11" SCALE="0" PICTURETEXT="" DEFAULTVALUE=""/><TRANSFORMFIELD NAME="MTra_IN" DESCRIPTION="" DATATYPE="string" PORTTYPE="INPUT" PRECISION="5" SCALE="0" PICTURETEXT="" DEFAULTVALUE=""/><TRANSFORMFIELD NAME="STra_IN" DESCRIPTION="" DATATYPE="string" PORTTYPE="INPUT" PRECISION="5" SCALE="0" PICTURETEXT="" DEFAULTVALUE=""/><TRANSFORMFIELD NAME="DocNo_IN" DESCRIPTION="" DATATYPE="string" PORTTYPE="INPUT" PRECISION="13" SCALE="0" PICTURETEXT="" DEFAULTVALUE=""/><TRANSFORMFIELD NAME="AssignedRep_IN" DESCRIPTION="" DATATYPE="string" PORTTYPE="INPUT" PRECISION="13" SCALE="0" PICTURETEXT="" DEFAULTVALUE=""/><TRANSFORMFIELD NAME="CrCz_IN" DESCRIPTION="" DATATYPE="string" PORTTYPE="INPUT" PRECISION="6" SCALE="0" PICTURETEXT="" DEFAULTVALUE=""/><TRANSFORMFIELD NAME="LocCurrAmount_IN" DESCRIPTION="" DATATYPE="string" PORTTYPE="INPUT" PRECISION="17" SCALE="0" PICTURETEXT="" DEFAULTVALUE=""/><TRANSFORMFIELD NAME="LocCurAmountSign_IN" DESCRIPTION="" DATATYPE="string" PORTTYPE="INPUT" PRECISION="1" SCALE="0" PICTURETEXT="" DEFAULTVALUE=""/><TRANSFORMFIELD NAME="Amount2" DESCRIPTION="" DATATYPE="string" PORTTYPE="INPUT" PRECISION="17" SCALE="0" PICTURETEXT="" DEFAULTVALUE=""/><TRANSFORMFIELD NAME="Ammount_Sign2" DESCRIPTION="" DATATYPE="string" PORTTYPE="INPUT" PRECISION="2" SCALE="0" PICTURETEXT="" DEFAULTVALUE=""/><TRANSFORMFIELD NAME="RefBP_IN" DESCRIPTION="" DATATYPE="string" PORTTYPE="INPUT" PRECISION="11" SCALE="0" PICTURETEXT="" DEFAULTVALUE=""/><TRANSFORMFIELD NAME="PostDate_IN" DESCRIPTION="" DATATYPE="string" PORTTYPE="INPUT" PRECISION="11" SCALE="0" PICTURETEXT="" DEFAULTVALUE=""/><TRANSFORMFIELD NAME="CoCd_IN" DESCRIPTION="" DATATYPE="string" PORTTYPE="INPUT" PRECISION="5" SCALE="0" PICTURETEXT="" DEFAULTVALUE=""/><TRANSFORMFIELD NAME="Deferral_IN" DESCRIPTION="" DATATYPE="string" PORTTYPE="INPUT" PRECISION="11" SCALE="0" PICTURETEXT="" DEFAULTVALUE=""/><TRANSFORMFIELD NAME="KEY_DATE_IN" DESCRIPTION="" DATATYPE="string" PORTTYPE="INPUT" PRECISION="10" SCALE="0" PICTURETEXT="" DEFAULTVALUE=""/><TRANSFORMFIELD NAME="S_IN" DESCRIPTION="" DATATYPE="string" PORTTYPE="INPUT" PRECISION="2" SCALE="0" PICTURETEXT="" DEFAULTVALUE=""/><TRANSFORMFIELD NAME="UnderWriter2" DESCRIPTION="" DATATYPE="string" PORTTYPE="INPUT/OUTPUT" PRECISION="9" SCALE="0" PICTURETEXT="" DEFAULTVALUE="" EXPRESSION="UnderWriter2" EXPRESSIONTYPE="GENERAL"/><TABLEATTRIBUTE NAME="Tracing Level" VALUE="Normal"/><EXPRMACRODEPENDENCY NAME="TRIM"/><EXPRMACRODEPENDENCY NAME="TRIM"/></TRANSFORMATION><INSTANCE NAME="TGT_EXP_OPEN_ITEM_TRANS" TYPE="SOURCE" REUSABLE="NO" TRANSFORMATION_TYPE="Source Definition" TRANSFORMATION_NAME="TGT_EXP_OPEN_ITEM_TRANS" DBDNAME="DB2"/><INSTANCE NAME="TGT_LKP_UNDERWRITER11" TYPE="TARGET" REUSABLE="NO" TRANSFORMATION_TYPE="Target Definition" TRANSFORMATION_NAME="TGT_LKP_UNDERWRITER11"/><INSTANCE NAME="EXP_OPEN_ITEM_TRANS" TYPE="TRANSFORMATION" REUSABLE="NO" TRANSFORMATION_TYPE="Expression" TRANSFORMATION_NAME="EXP_OPEN_ITEM_TRANS"/><INSTANCE NAME="SQ_EXP_OPEN_ITEM_TRANS" TYPE="TRANSFORMATION" REUSABLE="NO" TRANSFORMATION_TYPE="Source Qualifier" TRANSFORMATION_NAME="SQ_EXP_OPEN_ITEM_TRANS"><ASSOCIATED_SOURCE_INSTANCE NAME="EXP_OPEN_ITEM_TRANS"/></INSTANCE><CONNECTOR FROMINSTANCE="EXP_OPEN_ITEM_TRANS" FROMINSTANCETYPE="Expression" FROMFIELD="UnderWriter2" TOINSTANCE="TGT_LKP_UNDERWRITER11" TOINSTANCETYPE="Target Definition" TOFIELD="UnderWriter1"/><CONNECTOR FROMINSTANCE="EXP_OPEN_ITEM_TRANS" FROMINSTANCETYPE="Expression" FROMFIELD="UnderWriter2" TOINSTANCE="TGT_LKP_UNDERWRITER11" TOINSTANCETYPE="Target Definition" TOFIELD="UnderWriter1"/><CONNECTOR FROMINSTANCE="EXP_OPEN_ITEM_TRANS" FROMINSTANCETYPE="Expression" FROMFIELD="UnderWriter2" TOINSTANCE="TGT_LKP_UNDERWRITER11" TOINSTANCETYPE="Target Definition" TOFIELD="UnderWriter1"/><CONNECTOR FROMINSTANCE="EXP_OPEN_ITEM_TRANS" FROMINSTANCETYPE="Expression" FROMFIELD="UnderWriter2" TOINSTANCE="TGT_LKP_UNDERWRITER11" TOINSTANCETYPE="Target Definition" TOFIELD="UnderWriter1"/><CONNECTOR FROMINSTANCE="EXP_OPEN_ITEM_TRANS" FROMINSTANCETYPE="Expression" FROMFIELD="UnderWriter2" TOINSTANCE="TGT_LKP_UNDERWRITER11" TOINSTANCETYPE="Target Definition" TOFIELD="UnderWriter1"/><CONNECTOR FROMINSTANCE="EXP_OPEN_ITEM_TRANS" FROMINSTANCETYPE="Expression" FROMFIELD="UnderWriter2" TOINSTANCE="TGT_LKP_UNDERWRITER11" TOINSTANCETYPE="Target Definition" TOFIELD="UnderWriter1"/><CONNECTOR FROMINSTANCE="EXP_OPEN_ITEM_TRANS" FROMINSTANCETYPE="Expression" FROMFIELD="UnderWriter2" TOINSTANCE="TGT_LKP_UNDERWRITER11" TOINSTANCETYPE="Target Definition" TOFIELD="UnderWriter1"/><CONNECTOR FROMINSTANCE="EXP_OPEN_ITEM_TRANS" FROMINSTANCETYPE="Expression" FROMFIELD="UnderWriter2" TOINSTANCE="TGT_LKP_UNDERWRITER11" TOINSTANCETYPE="Target Definition" TOFIELD="UnderWriter1"/><CONNECTOR FROMINSTANCE="EXP_OPEN_ITEM_TRANS" FROMINSTANCETYPE="Expression" FROMFIELD="UnderWriter2" TOINSTANCE="TGT_LKP_UNDERWRITER11" TOINSTANCETYPE="Target Definition" TOFIELD="UnderWriter1"/><CONNECTOR FROMINSTANCE="EXP_OPEN_ITEM_TRANS" FROMINSTANCETYPE="Expression" FROMFIELD="UnderWriter2" TOINSTANCE="TGT_LKP_UNDERWRITER11" TOINSTANCETYPE="Target Definition" TOFIELD="UnderWriter1"/><CONNECTOR FROMINSTANCE="EXP_OPEN_ITEM_TRANS" FROMINSTANCETYPE="Expression" FROMFIELD="UnderWriter2" TOINSTANCE="TGT_LKP_UNDERWRITER11" TOINSTANCETYPE="Target Definition" TOFIELD="UnderWriter1"/><CONNECTOR FROMINSTANCE="EXP_OPEN_ITEM_TRANS" FROMINSTANCETYPE="Expression" FROMFIELD="UnderWriter2" TOINSTANCE="TGT_LKP_UNDERWRITER11" TOINSTANCETYPE="Target Definition" TOFIELD="UnderWriter1"/><CONNECTOR FROMINSTANCE="EXP_OPEN_ITEM_TRANS" FROMINSTANCETYPE="Expression" FROMFIELD="UnderWriter2" TOINSTANCE="TGT_LKP_UNDERWRITER11" TOINSTANCETYPE="Target Definition" TOFIELD="UnderWriter1"/><CONNECTOR FROMINSTANCE="EXP_OPEN_ITEM_TRANS" FROMINSTANCETYPE="Expression" FROMFIELD="UnderWriter2" TOINSTANCE="TGT_LKP_UNDERWRITER11" TOINSTANCETYPE="Target Definition" TOFIELD="UnderWriter1"/><CONNECTOR FROMINSTANCE="EXP_OPEN_ITEM_TRANS" FROMINSTANCETYPE="Expression" FROMFIELD="UnderWriter2" TOINSTANCE="TGT_LKP_UNDERWRITER11" TOINSTANCETYPE="Target Definition" TOFIELD="UnderWriter1"/><CONNECTOR FROMINSTANCE="EXP_OPEN_ITEM_TRANS" FROMINSTANCETYPE="Expression" FROMFIELD="UnderWriter2" TOINSTANCE="TGT_LKP_UNDERWRITER11" TOINSTANCETYPE="Target Definition" TOFIELD="UnderWriter1"/><CONNECTOR FROMINSTANCE="EXP_OPEN_ITEM_TRANS" FROMINSTANCETYPE="Expression" FROMFIELD="UnderWriter2" TOINSTANCE="TGT_LKP_UNDERWRITER11" TOINSTANCETYPE="Target Definition" TOFIELD="UnderWriter1"/><CONNECTOR FROMINSTANCE="EXP_OPEN_ITEM_TRANS" FROMINSTANCETYPE="Expression" FROMFIELD="UnderWriter2" TOINSTANCE="TGT_LKP_UNDERWRITER11" TOINSTANCETYPE="Target Definition" TOFIELD="UnderWriter1"/><CONNECTOR FROMINSTANCE="EXP_OPEN_ITEM_TRANS" FROMINSTANCETYPE="Expression" FROMFIELD="UnderWriter2" TOINSTANCE="TGT_LKP_UNDERWRITER11" TOINSTANCETYPE="Target Definition" TOFIELD="UnderWriter1"/><CONNECTOR FROMINSTANCE="EXP_OPEN_ITEM_TRANS" FROMINSTANCETYPE="Expression" FROMFIELD="UnderWriter2" TOINSTANCE="TGT_LKP_UNDERWRITER11" TOINSTANCETYPE="Target Definition" TOFIELD="UnderWriter1"/><CONNECTOR FROMINSTANCE="EXP_OPEN_ITEM_TRANS" FROMINSTANCETYPE="Expression" FROMFIELD="UnderWriter2" TOINSTANCE="TGT_LKP_UNDERWRITER11" TOINSTANCETYPE="Target Definition" TOFIELD="UnderWriter1"/><CONNECTOR FROMINSTANCE="EXP_OPEN_ITEM_TRANS" FROMINSTANCETYPE="Expression" FROMFIELD="UnderWriter2" TOINSTANCE="TGT_LKP_UNDERWRITER11" TOINSTANCETYPE="Target Definition" TOFIELD="UnderWriter1"/><CONNECTOR FROMINSTANCE="EXP_OPEN_ITEM_TRANS" FROMINSTANCETYPE="Expression" FROMFIELD="UnderWriter2" TOINSTANCE="TGT_LKP_UNDERWRITER11" TOINSTANCETYPE="Target Definition" TOFIELD="UnderWriter1"/><CONNECTOR FROMINSTANCE="TGT_EXP_OPEN_ITEM_TRANS" FROMINSTANCETYPE="Source Definition" FROMFIELD="BPartner_IN" TOINSTANCE="SQ_EXP_OPEN_ITEM_TRANS" TOINSTANCETYPE="Source Qualifier" TOFIELD="BPartner_IN"/><CONNECTOR FROMINSTANCE="SQ_EXP_OPEN_ITEM_TRANS" FROMINSTANCETYPE="Source Qualifier" FROMFIELD="BPartner_IN" TOINSTANCE="EXP_OPEN_ITEM_TRANS" TOINSTANCETYPE="Expression" TOFIELD="BPartner_IN"/><CONNECTOR FROMINSTANCE="TGT_EXP_OPEN_ITEM_TRANS" FROMINSTANCETYPE="Source Definition" FROMFIELD="Contract_IN" TOINSTANCE="SQ_EXP_OPEN_ITEM_TRANS" TOINSTANCETYPE="Source Qualifier" TOFIELD="Contract_IN"/><CONNECTOR FROMINSTANCE="SQ_EXP_OPEN_ITEM_TRANS" FROMINSTANCETYPE="Source Qualifier" FROMFIELD="Contract_IN" TOINSTANCE="EXP_OPEN_ITEM_TRANS" TOINSTANCETYPE="Expression" TOFIELD="Contract_IN"/><CONNECTOR FROMINSTANCE="TGT_EXP_OPEN_ITEM_TRANS" FROMINSTANCETYPE="Source Definition" FROMFIELD="Contract_bPartner_in" TOINSTANCE="SQ_EXP_OPEN_ITEM_TRANS" TOINSTANCETYPE="Source Qualifier" TOFIELD="Contract_bPartner_in"/><CONNECTOR FROMINSTANCE="SQ_EXP_OPEN_ITEM_TRANS" FROMINSTANCETYPE="Source Qualifier" FROMFIELD="Contract_bPartner_in" TOINSTANCE="EXP_OPEN_ITEM_TRANS" TOINSTANCETYPE="Expression" TOFIELD="Contract_bPartner_in"/><CONNECTOR FROMINSTANCE="TGT_EXP_OPEN_ITEM_TRANS" FROMINSTANCETYPE="Source Definition" FROMFIELD="DocDate_IN" TOINSTANCE="SQ_EXP_OPEN_ITEM_TRANS" TOINSTANCETYPE="Source Qualifier" TOFIELD="DocDate_IN"/><CONNECTOR FROMINSTANCE="SQ_EXP_OPEN_ITEM_TRANS" FROMINSTANCETYPE="Source Qualifier" FROMFIELD="DocDate_IN" TOINSTANCE="EXP_OPEN_ITEM_TRANS" TOINSTANCETYPE="Expression" TOFIELD="DocDate_IN"/><CONNECTOR FROMINSTANCE="TGT_EXP_OPEN_ITEM_TRANS" FROMINSTANCETYPE="Source Definition" FROMFIELD="Due_IN" TOINSTANCE="SQ_EXP_OPEN_ITEM_TRANS" TOINSTANCETYPE="Source Qualifier" TOFIELD="Due_IN"/><CONNECTOR FROMINSTANCE="SQ_EXP_OPEN_ITEM_TRANS" FROMINSTANCETYPE="Source Qualifier" FROMFIELD="Due_IN" TOINSTANCE="EXP_OPEN_ITEM_TRANS" TOINSTANCETYPE="Expression" TOFIELD="Due_IN"/><CONNECTOR FROMINSTANCE="TGT_EXP_OPEN_ITEM_TRANS" FROMINSTANCETYPE="Source Definition" FROMFIELD="MTra_IN" TOINSTANCE="SQ_EXP_OPEN_ITEM_TRANS" TOINSTANCETYPE="Source Qualifier" TOFIELD="MTra_IN"/><CONNECTOR FROMINSTANCE="SQ_EXP_OPEN_ITEM_TRANS" FROMINSTANCETYPE="Source Qualifier" FROMFIELD="MTra_IN" TOINSTANCE="EXP_OPEN_ITEM_TRANS" TOINSTANCETYPE="Expression" TOFIELD="MTra_IN"/><CONNECTOR FROMINSTANCE="TGT_EXP_OPEN_ITEM_TRANS" FROMINSTANCETYPE="Source Definition" FROMFIELD="STra_IN" TOINSTANCE="SQ_EXP_OPEN_ITEM_TRANS" TOINSTANCETYPE="Source Qualifier" TOFIELD="STra_IN"/><CONNECTOR FROMINSTANCE="SQ_EXP_OPEN_ITEM_TRANS" FROMINSTANCETYPE="Source Qualifier" FROMFIELD="STra_IN" TOINSTANCE="EXP_OPEN_ITEM_TRANS" TOINSTANCETYPE="Expression" TOFIELD="STra_IN"/><CONNECTOR FROMINSTANCE="TGT_EXP_OPEN_ITEM_TRANS" FROMINSTANCETYPE="Source Definition" FROMFIELD="DocNo_IN" TOINSTANCE="SQ_EXP_OPEN_ITEM_TRANS" TOINSTANCETYPE="Source Qualifier" TOFIELD="DocNo_IN"/><CONNECTOR FROMINSTANCE="SQ_EXP_OPEN_ITEM_TRANS" FROMINSTANCETYPE="Source Qualifier" FROMFIELD="DocNo_IN" TOINSTANCE="EXP_OPEN_ITEM_TRANS" TOINSTANCETYPE="Expression" TOFIELD="DocNo_IN"/><CONNECTOR FROMINSTANCE="TGT_EXP_OPEN_ITEM_TRANS" FROMINSTANCETYPE="Source Definition" FROMFIELD="AssignedRep_IN" TOINSTANCE="SQ_EXP_OPEN_ITEM_TRANS" TOINSTANCETYPE="Source Qualifier" TOFIELD="AssignedRep_IN"/><CONNECTOR FROMINSTANCE="SQ_EXP_OPEN_ITEM_TRANS" FROMINSTANCETYPE="Source Qualifier" FROMFIELD="AssignedRep_IN" TOINSTANCE="EXP_OPEN_ITEM_TRANS" TOINSTANCETYPE="Expression" TOFIELD="AssignedRep_IN"/><CONNECTOR FROMINSTANCE="TGT_EXP_OPEN_ITEM_TRANS" FROMINSTANCETYPE="Source Definition" FROMFIELD="CrCz_IN" TOINSTANCE="SQ_EXP_OPEN_ITEM_TRANS" TOINSTANCETYPE="Source Qualifier" TOFIELD="CrCz_IN"/><CONNECTOR FROMINSTANCE="SQ_EXP_OPEN_ITEM_TRANS" FROMINSTANCETYPE="Source Qualifier" FROMFIELD="CrCz_IN" TOINSTANCE="EXP_OPEN_ITEM_TRANS" TOINSTANCETYPE="Expression" TOFIELD="CrCz_IN"/><CONNECTOR FROMINSTANCE="TGT_EXP_OPEN_ITEM_TRANS" FROMINSTANCETYPE="Source Definition" FROMFIELD="LocCurrAmount_IN" TOINSTANCE="SQ_EXP_OPEN_ITEM_TRANS" TOINSTANCETYPE="Source Qualifier" TOFIELD="LocCurrAmount_IN"/><CONNECTOR FROMINSTANCE="SQ_EXP_OPEN_ITEM_TRANS" FROMINSTANCETYPE="Source Qualifier" FROMFIELD="LocCurrAmount_IN" TOINSTANCE="EXP_OPEN_ITEM_TRANS" TOINSTANCETYPE="Expression" TOFIELD="LocCurrAmount_IN"/><CONNECTOR FROMINSTANCE="TGT_EXP_OPEN_ITEM_TRANS" FROMINSTANCETYPE="Source Definition" FROMFIELD="LocCurAmountSign_IN" TOINSTANCE="SQ_EXP_OPEN_ITEM_TRANS" TOINSTANCETYPE="Source Qualifier" TOFIELD="LocCurAmountSign_IN"/><CONNECTOR FROMINSTANCE="SQ_EXP_OPEN_ITEM_TRANS" FROMINSTANCETYPE="Source Qualifier" FROMFIELD="LocCurAmountSign_IN" TOINSTANCE="EXP_OPEN_ITEM_TRANS" TOINSTANCETYPE="Expression" TOFIELD="LocCurAmountSign_IN"/><CONNECTOR FROMINSTANCE="TGT_EXP_OPEN_ITEM_TRANS" FROMINSTANCETYPE="Source Definition" FROMFIELD="Amount2" TOINSTANCE="SQ_EXP_OPEN_ITEM_TRANS" TOINSTANCETYPE="Source Qualifier" TOFIELD="Amount2"/><CONNECTOR FROMINSTANCE="SQ_EXP_OPEN_ITEM_TRANS" FROMINSTANCETYPE="Source Qualifier" FROMFIELD="Amount2" TOINSTANCE="EXP_OPEN_ITEM_TRANS" TOINSTANCETYPE="Expression" TOFIELD="Amount2"/><CONNECTOR FROMINSTANCE="TGT_EXP_OPEN_ITEM_TRANS" FROMINSTANCETYPE="Source Definition" FROMFIELD="Ammount_Sign2" TOINSTANCE="SQ_EXP_OPEN_ITEM_TRANS" TOINSTANCETYPE="Source Qualifier" TOFIELD="Ammount_Sign2"/><CONNECTOR FROMINSTANCE="SQ_EXP_OPEN_ITEM_TRANS" FROMINSTANCETYPE="Source Qualifier" FROMFIELD="Ammount_Sign2" TOINSTANCE="EXP_OPEN_ITEM_TRANS" TOINSTANCETYPE="Expression" TOFIELD="Ammount_Sign2"/><CONNECTOR FROMINSTANCE="TGT_EXP_OPEN_ITEM_TRANS" FROMINSTANCETYPE="Source Definition" FROMFIELD="RefBP_IN" TOINSTANCE="SQ_EXP_OPEN_ITEM_TRANS" TOINSTANCETYPE="Source Qualifier" TOFIELD="RefBP_IN"/><CONNECTOR FROMINSTANCE="SQ_EXP_OPEN_ITEM_TRANS" FROMINSTANCETYPE="Source Qualifier" FROMFIELD="RefBP_IN" TOINSTANCE="EXP_OPEN_ITEM_TRANS" TOINSTANCETYPE="Expression" TOFIELD="RefBP_IN"/><CONNECTOR FROMINSTANCE="TGT_EXP_OPEN_ITEM_TRANS" FROMINSTANCETYPE="Source Definition" FROMFIELD="PostDate_IN" TOINSTANCE="SQ_EXP_OPEN_ITEM_TRANS" TOINSTANCETYPE="Source Qualifier" TOFIELD="PostDate_IN"/><CONNECTOR FROMINSTANCE="SQ_EXP_OPEN_ITEM_TRANS" FROMINSTANCETYPE="Source Qualifier" FROMFIELD="PostDate_IN" TOINSTANCE="EXP_OPEN_ITEM_TRANS" TOINSTANCETYPE="Expression" TOFIELD="PostDate_IN"/><CONNECTOR FROMINSTANCE="TGT_EXP_OPEN_ITEM_TRANS" FROMINSTANCETYPE="Source Definition" FROMFIELD="CoCd_IN" TOINSTANCE="SQ_EXP_OPEN_ITEM_TRANS" TOINSTANCETYPE="Source Qualifier" TOFIELD="CoCd_IN"/><CONNECTOR FROMINSTANCE="SQ_EXP_OPEN_ITEM_TRANS" FROMINSTANCETYPE="Source Qualifier" FROMFIELD="CoCd_IN" TOINSTANCE="EXP_OPEN_ITEM_TRANS" TOINSTANCETYPE="Expression" TOFIELD="CoCd_IN"/><CONNECTOR FROMINSTANCE="TGT_EXP_OPEN_ITEM_TRANS" FROMINSTANCETYPE="Source Definition" FROMFIELD="Deferral_IN" TOINSTANCE="SQ_EXP_OPEN_ITEM_TRANS" TOINSTANCETYPE="Source Qualifier" TOFIELD="Deferral_IN"/><CONNECTOR FROMINSTANCE="SQ_EXP_OPEN_ITEM_TRANS" FROMINSTANCETYPE="Source Qualifier" FROMFIELD="Deferral_IN" TOINSTANCE="EXP_OPEN_ITEM_TRANS" TOINSTANCETYPE="Expression" TOFIELD="Deferral_IN"/><CONNECTOR FROMINSTANCE="TGT_EXP_OPEN_ITEM_TRANS" FROMINSTANCETYPE="Source Definition" FROMFIELD="KEY_DATE_IN" TOINSTANCE="SQ_EXP_OPEN_ITEM_TRANS" TOINSTANCETYPE="Source Qualifier" TOFIELD="KEY_DATE_IN"/><CONNECTOR FROMINSTANCE="SQ_EXP_OPEN_ITEM_TRANS" FROMINSTANCETYPE="Source Qualifier" FROMFIELD="KEY_DATE_IN" TOINSTANCE="EXP_OPEN_ITEM_TRANS" TOINSTANCETYPE="Expression" TOFIELD="KEY_DATE_IN"/><CONNECTOR FROMINSTANCE="TGT_EXP_OPEN_ITEM_TRANS" FROMINSTANCETYPE="Source Definition" FROMFIELD="S_IN" TOINSTANCE="SQ_EXP_OPEN_ITEM_TRANS" TOINSTANCETYPE="Source Qualifier" TOFIELD="S_IN"/><CONNECTOR FROMINSTANCE="SQ_EXP_OPEN_ITEM_TRANS" FROMINSTANCETYPE="Source Qualifier" FROMFIELD="S_IN" TOINSTANCE="EXP_OPEN_ITEM_TRANS" TOINSTANCETYPE="Expression" TOFIELD="S_IN"/><CONNECTOR FROMINSTANCE="TGT_EXP_OPEN_ITEM_TRANS" FROMINSTANCETYPE="Source Definition" FROMFIELD="UnderWriter2" TOINSTANCE="SQ_EXP_OPEN_ITEM_TRANS" TOINSTANCETYPE="Source Qualifier" TOFIELD="UnderWriter2"/><CONNECTOR FROMINSTANCE="SQ_EXP_OPEN_ITEM_TRANS" FROMINSTANCETYPE="Source Qualifier" FROMFIELD="UnderWriter2" TOINSTANCE="EXP_OPEN_ITEM_TRANS" TOINSTANCETYPE="Expression" TOFIELD="UnderWriter2"/><TARGETLOADORDER TARGETINSTANCE="TGT_LKP_UNDERWRITER11" ORDER="1"/></MAPPING></FOLDER></REPOSITORY></POWERMART>