<?xml version="1.0" encoding="ISO-8859-1" standalone="yes"?><!DOCTYPE POWERMART SYSTEM "powrmart.dtd">
<POWERMART CREATION_DATE="30-11-2016" REPOSITORY_VERSION="1"><REPOSITORY NAME="NEWREP" DATABASETYPE="DB2" CODEPAGE="Latin1" VERSION="1"><FOLDER NAME="EXP_UNNASIGNED1_folder" DESCRIPTION="" SHARED="NOTSHARED" OWNER="EVERIS" GROUP="" PERMISSIONS="rwx---r--" UUID=""><SOURCE NAME="TGT_EXP_UNNASIGNED1" DBDNAME="DB2" BUSINESSNAME="" DESCRIPTION="" OBJECTVERSION="1" OWNERNAME="OWNERNAME" DATABASETYPE="DB2" VERSIONNUMBER="1"><SOURCEFIELD NAME="REP_BROKER_IN" BUSINESSNAME="" DESCRIPTION="" DATATYPE="varchar" KEYTYPE="NOT A KEY" PRECISION="11" SCALE="0" NULLABLE="NULL" USAGE_FLAGS="" LEVEL="0" FIELDTYPE="ELEMITEM" PICTURETEXT="" OCCURS="0" LENGTH="11" PHYSICALOFFSET="0" PHYSICALLENGTH="11" FIELDNUMBER="1" FIELDPROPERTY="0" HIDDEN="NO"/><SOURCEFIELD NAME="LOB_IN" BUSINESSNAME="" DESCRIPTION="" DATATYPE="varchar" KEYTYPE="NOT A KEY" PRECISION="3" SCALE="0" NULLABLE="NULL" USAGE_FLAGS="" LEVEL="0" FIELDTYPE="ELEMITEM" PICTURETEXT="" OCCURS="0" LENGTH="3" PHYSICALOFFSET="11" PHYSICALLENGTH="3" FIELDNUMBER="2" FIELDPROPERTY="0" HIDDEN="NO"/><SOURCEFIELD NAME="Country_BU_Code_IN" BUSINESSNAME="" DESCRIPTION="" DATATYPE="varchar" KEYTYPE="NOT A KEY" PRECISION="3" SCALE="0" NULLABLE="NULL" USAGE_FLAGS="" LEVEL="0" FIELDTYPE="ELEMITEM" PICTURETEXT="" OCCURS="0" LENGTH="3" PHYSICALOFFSET="14" PHYSICALLENGTH="3" FIELDNUMBER="3" FIELDPROPERTY="0" HIDDEN="NO"/><SOURCEFIELD NAME="SMU_Code_IN" BUSINESSNAME="" DESCRIPTION="" DATATYPE="varchar" KEYTYPE="NOT A KEY" PRECISION="10" SCALE="0" NULLABLE="NULL" USAGE_FLAGS="" LEVEL="0" FIELDTYPE="ELEMITEM" PICTURETEXT="" OCCURS="0" LENGTH="10" PHYSICALOFFSET="17" PHYSICALLENGTH="10" FIELDNUMBER="4" FIELDPROPERTY="0" HIDDEN="NO"/><SOURCEFIELD NAME="CoCd_IN" BUSINESSNAME="" DESCRIPTION="" DATATYPE="varchar" KEYTYPE="NOT A KEY" PRECISION="5" SCALE="0" NULLABLE="NULL" USAGE_FLAGS="" LEVEL="0" FIELDTYPE="ELEMITEM" PICTURETEXT="" OCCURS="0" LENGTH="5" PHYSICALOFFSET="27" PHYSICALLENGTH="5" FIELDNUMBER="5" FIELDPROPERTY="0" HIDDEN="NO"/></SOURCE><TARGET NAME="TGT_CSS55AR_PREPARED_T2" OBJECTVERSION="1" DATABASETYPE="DB2" VERSIONNUMBER="1"><TARGETFIELD NAME="COUNTRY_ID2" DATATYPE="varchar" KEYTYPE="NOT A KEY" PRECISION="3" SCALE="0" FIELDNUMBER="1" NULLABLE="NULL"/><TARGETFIELD NAME="POLICY2" DATATYPE="varchar" KEYTYPE="NOT A KEY" PRECISION="21" SCALE="0" FIELDNUMBER="2" NULLABLE="NULL"/><TARGETFIELD NAME="DUE_DATE2" DATATYPE="varchar" KEYTYPE="NOT A KEY" PRECISION="10" SCALE="0" FIELDNUMBER="3" NULLABLE="NULL"/><TARGETFIELD NAME="BILLING_DATE2" DATATYPE="varchar" KEYTYPE="NOT A KEY" PRECISION="10" SCALE="0" FIELDNUMBER="4" NULLABLE="NULL"/><TARGETFIELD NAME="SPECIAL_PROGRAM2" DATATYPE="varchar" KEYTYPE="NOT A KEY" PRECISION="1" SCALE="0" FIELDNUMBER="5" NULLABLE="NULL"/><TARGETFIELD NAME="DOCUMENT_NUMBER2" DATATYPE="varchar" KEYTYPE="NOT A KEY" PRECISION="20" SCALE="0" FIELDNUMBER="6" NULLABLE="NULL"/><TARGETFIELD NAME="CUSTOMER2" DATATYPE="varchar" KEYTYPE="NOT A KEY" PRECISION="20" SCALE="0" FIELDNUMBER="7" NULLABLE="NULL"/><TARGETFIELD NAME="SUBMARKET_UNIT2" DATATYPE="varchar" KEYTYPE="NOT A KEY" PRECISION="10" SCALE="0" FIELDNUMBER="8" NULLABLE="NULL"/><TARGETFIELD NAME="CASH_ON_ACCOUNT2" DATATYPE="varchar" KEYTYPE="NOT A KEY" PRECISION="1" SCALE="0" FIELDNUMBER="9" NULLABLE="NULL"/><TARGETFIELD NAME="LINE_OF_BUSINESS2" DATATYPE="varchar" KEYTYPE="NOT A KEY" PRECISION="10" SCALE="0" FIELDNUMBER="10" NULLABLE="NULL"/><TARGETFIELD NAME="BROKER2" DATATYPE="varchar" KEYTYPE="NOT A KEY" PRECISION="11" SCALE="0" FIELDNUMBER="11" NULLABLE="NULL"/><TARGETFIELD NAME="AR_CURRENCY2" DATATYPE="varchar" KEYTYPE="NOT A KEY" PRECISION="10" SCALE="0" FIELDNUMBER="12" NULLABLE="NULL"/><TARGETFIELD NAME="AR_AMOUNT2" DATATYPE="varchar" KEYTYPE="NOT A KEY" PRECISION="18" SCALE="0" FIELDNUMBER="13" NULLABLE="NULL"/><TARGETFIELD NAME="SPECIAL_COLLECTION2" DATATYPE="varchar" KEYTYPE="NOT A KEY" PRECISION="1" SCALE="0" FIELDNUMBER="14" NULLABLE="NULL"/><TARGETFIELD NAME="PREMIUM2" DATATYPE="varchar" KEYTYPE="NOT A KEY" PRECISION="1" SCALE="0" FIELDNUMBER="15" NULLABLE="NULL"/><TARGETFIELD NAME="POSTING_DATE2" DATATYPE="varchar" KEYTYPE="NOT A KEY" PRECISION="10" SCALE="0" FIELDNUMBER="16" NULLABLE="NULL"/><TARGETFIELD NAME="DEFERRAL_DATE2" DATATYPE="varchar" KEYTYPE="NOT A KEY" PRECISION="10" SCALE="0" FIELDNUMBER="17" NULLABLE="NULL"/><TARGETFIELD NAME="AGE_BUCKET_ID2" DATATYPE="varchar" KEYTYPE="NOT A KEY" PRECISION="10" SCALE="0" FIELDNUMBER="18" NULLABLE="NULL"/><TARGETFIELD NAME="KEY_DATE2" DATATYPE="varchar" KEYTYPE="NOT A KEY" PRECISION="10" SCALE="0" FIELDNUMBER="19" NULLABLE="NULL"/><TARGETFIELD NAME="UNDERWRITER_ID2" DATATYPE="integer" KEYTYPE="NOT A KEY" PRECISION="10" SCALE="0" FIELDNUMBER="20" NULLABLE="NULL"/></TARGET><MAPPING NAME="m_EXP_UNNASIGNED1" DESCRIPTION="" OBJECTVERSION="1" ISVALID="YES" VERSIONNUMBER="1"><TRANSFORMATION NAME="SQ_EXP_UNNASIGNED1" TYPE="Source Qualifier" OBJECTVERSION="1" REUSABLE="NO" VERSIONNUMBER="1"><TRANSFORMFIELD NAME="REP_BROKER_IN" DESCRIPTION="" DATATYPE="string" PORTTYPE="INPUT/OUTPUT" PRECISION="11" SCALE="0" PICTURETEXT="" DEFAULTVALUE=""/><TRANSFORMFIELD NAME="LOB_IN" DESCRIPTION="" DATATYPE="string" PORTTYPE="INPUT/OUTPUT" PRECISION="3" SCALE="0" PICTURETEXT="" DEFAULTVALUE=""/><TRANSFORMFIELD NAME="Country_BU_Code_IN" DESCRIPTION="" DATATYPE="string" PORTTYPE="INPUT/OUTPUT" PRECISION="3" SCALE="0" PICTURETEXT="" DEFAULTVALUE=""/><TRANSFORMFIELD NAME="SMU_Code_IN" DESCRIPTION="" DATATYPE="string" PORTTYPE="INPUT/OUTPUT" PRECISION="10" SCALE="0" PICTURETEXT="" DEFAULTVALUE=""/><TRANSFORMFIELD NAME="CoCd_IN" DESCRIPTION="" DATATYPE="string" PORTTYPE="INPUT/OUTPUT" PRECISION="5" SCALE="0" PICTURETEXT="" DEFAULTVALUE=""/><TABLEATTRIBUTE NAME="SQL Query" VALUE=""/><TABLEATTRIBUTE NAME="User Defined Join" VALUE=""/><TABLEATTRIBUTE NAME="Source Filter" VALUE=""/><TABLEATTRIBUTE NAME="Number Of Sorted Ports" VALUE="0"/><TABLEATTRIBUTE NAME="Tracing Level" VALUE="Normal"/><TABLEATTRIBUTE NAME="Select Distinct" VALUE="NO"/><TABLEATTRIBUTE NAME="Is Partitionable" VALUE="NO"/><TABLEATTRIBUTE NAME="Pre SQL" VALUE=""/><TABLEATTRIBUTE NAME="Post SQL" VALUE=""/><TABLEATTRIBUTE NAME="Output is deterministic" VALUE="NO"/><TABLEATTRIBUTE NAME="Output is repeatable" VALUE="NEVER"/></TRANSFORMATION><TRANSFORMATION NAME="EXP_UNNASIGNED1" DESCRIPTION="" TYPE="Expression" OBJECTVERSION="1" REUSABLE="NO" VERSIONNUMBER="1"><TRANSFORMFIELD NAME="REP_BROKER" DESCRIPTION="" DATATYPE="string" PORTTYPE="OUTPUT" PRECISION="11" SCALE="0" PICTURETEXT="" DEFAULTVALUE="ERROR('transformation error')" EXPRESSION="iif(isnull(REP_BROKER_IN),'UNASSIGNED',REP_BROKER_IN)" EXPRESSIONTYPE="GENERAL"/><TRANSFORMFIELD NAME="LOB" DESCRIPTION="" DATATYPE="string" PORTTYPE="OUTPUT" PRECISION="10" SCALE="0" PICTURETEXT="" DEFAULTVALUE="ERROR('transformation error')" EXPRESSION="iif(isnull(LOB_IN),'UNASSIGNED',LOB_IN)" EXPRESSIONTYPE="GENERAL"/><TRANSFORMFIELD NAME="Country_BU_Code" DESCRIPTION="" DATATYPE="string" PORTTYPE="OUTPUT" PRECISION="3" SCALE="0" PICTURETEXT="" DEFAULTVALUE="ERROR('transformation error')" EXPRESSION="iif(isnull(Country_BU_Code_IN),'UN',Country_BU_Code_IN)  " EXPRESSIONTYPE="GENERAL"/><TRANSFORMFIELD NAME="SMU_Code" DESCRIPTION="" DATATYPE="string" PORTTYPE="OUTPUT" PRECISION="10" SCALE="0" PICTURETEXT="" DEFAULTVALUE="ERROR('transformation error')" EXPRESSION="iif(isnull(SMU_Code_IN),'UN',SMU_Code_IN)" EXPRESSIONTYPE="GENERAL"/><TRANSFORMFIELD NAME="REP_BROKER_IN" DESCRIPTION="" DATATYPE="string" PORTTYPE="INPUT" PRECISION="11" SCALE="0" PICTURETEXT="" DEFAULTVALUE=""/><TRANSFORMFIELD NAME="LOB_IN" DESCRIPTION="" DATATYPE="string" PORTTYPE="INPUT" PRECISION="3" SCALE="0" PICTURETEXT="" DEFAULTVALUE=""/><TRANSFORMFIELD NAME="Country_BU_Code_IN" DESCRIPTION="" DATATYPE="string" PORTTYPE="INPUT" PRECISION="3" SCALE="0" PICTURETEXT="" DEFAULTVALUE=""/><TRANSFORMFIELD NAME="SMU_Code_IN" DESCRIPTION="" DATATYPE="string" PORTTYPE="INPUT" PRECISION="10" SCALE="0" PICTURETEXT="" DEFAULTVALUE=""/><TRANSFORMFIELD NAME="CoCd_IN" DESCRIPTION="" DATATYPE="string" PORTTYPE="INPUT" PRECISION="5" SCALE="0" PICTURETEXT="" DEFAULTVALUE=""/><TABLEATTRIBUTE NAME="Tracing Level" VALUE="Normal"/></TRANSFORMATION><INSTANCE NAME="TGT_EXP_UNNASIGNED1" TYPE="SOURCE" REUSABLE="NO" TRANSFORMATION_TYPE="Source Definition" TRANSFORMATION_NAME="TGT_EXP_UNNASIGNED1" DBDNAME="DB2"/><INSTANCE NAME="TGT_CSS55AR_PREPARED_T2" TYPE="TARGET" REUSABLE="NO" TRANSFORMATION_TYPE="Target Definition" TRANSFORMATION_NAME="TGT_CSS55AR_PREPARED_T2"/><INSTANCE NAME="EXP_UNNASIGNED1" TYPE="TRANSFORMATION" REUSABLE="NO" TRANSFORMATION_TYPE="Expression" TRANSFORMATION_NAME="EXP_UNNASIGNED1"/><INSTANCE NAME="SQ_EXP_UNNASIGNED1" TYPE="TRANSFORMATION" REUSABLE="NO" TRANSFORMATION_TYPE="Source Qualifier" TRANSFORMATION_NAME="SQ_EXP_UNNASIGNED1"><ASSOCIATED_SOURCE_INSTANCE NAME="EXP_UNNASIGNED1"/></INSTANCE><CONNECTOR FROMINSTANCE="EXP_UNNASIGNED1" FROMINSTANCETYPE="Expression" FROMFIELD="Country_BU_Code" TOINSTANCE="TGT_CSS55AR_PREPARED_T2" TOINSTANCETYPE="Target Definition" TOFIELD="COUNTRY_ID2"/><CONNECTOR FROMINSTANCE="EXP_UNNASIGNED1" FROMINSTANCETYPE="Expression" FROMFIELD="SMU_Code" TOINSTANCE="TGT_CSS55AR_PREPARED_T2" TOINSTANCETYPE="Target Definition" TOFIELD="SUBMARKET_UNIT2"/><CONNECTOR FROMINSTANCE="EXP_UNNASIGNED1" FROMINSTANCETYPE="Expression" FROMFIELD="LOB" TOINSTANCE="TGT_CSS55AR_PREPARED_T2" TOINSTANCETYPE="Target Definition" TOFIELD="LINE_OF_BUSINESS2"/><CONNECTOR FROMINSTANCE="EXP_UNNASIGNED1" FROMINSTANCETYPE="Expression" FROMFIELD="REP_BROKER" TOINSTANCE="TGT_CSS55AR_PREPARED_T2" TOINSTANCETYPE="Target Definition" TOFIELD="BROKER2"/><CONNECTOR FROMINSTANCE="EXP_UNNASIGNED1" FROMINSTANCETYPE="Expression" FROMFIELD="Country_BU_Code" TOINSTANCE="TGT_CSS55AR_PREPARED_T2" TOINSTANCETYPE="Target Definition" TOFIELD="COUNTRY_ID2"/><CONNECTOR FROMINSTANCE="EXP_UNNASIGNED1" FROMINSTANCETYPE="Expression" FROMFIELD="SMU_Code" TOINSTANCE="TGT_CSS55AR_PREPARED_T2" TOINSTANCETYPE="Target Definition" TOFIELD="SUBMARKET_UNIT2"/><CONNECTOR FROMINSTANCE="EXP_UNNASIGNED1" FROMINSTANCETYPE="Expression" FROMFIELD="LOB" TOINSTANCE="TGT_CSS55AR_PREPARED_T2" TOINSTANCETYPE="Target Definition" TOFIELD="LINE_OF_BUSINESS2"/><CONNECTOR FROMINSTANCE="EXP_UNNASIGNED1" FROMINSTANCETYPE="Expression" FROMFIELD="REP_BROKER" TOINSTANCE="TGT_CSS55AR_PREPARED_T2" TOINSTANCETYPE="Target Definition" TOFIELD="BROKER2"/><CONNECTOR FROMINSTANCE="EXP_UNNASIGNED1" FROMINSTANCETYPE="Expression" FROMFIELD="Country_BU_Code" TOINSTANCE="TGT_CSS55AR_PREPARED_T2" TOINSTANCETYPE="Target Definition" TOFIELD="COUNTRY_ID2"/><CONNECTOR FROMINSTANCE="EXP_UNNASIGNED1" FROMINSTANCETYPE="Expression" FROMFIELD="SMU_Code" TOINSTANCE="TGT_CSS55AR_PREPARED_T2" TOINSTANCETYPE="Target Definition" TOFIELD="SUBMARKET_UNIT2"/><CONNECTOR FROMINSTANCE="EXP_UNNASIGNED1" FROMINSTANCETYPE="Expression" FROMFIELD="LOB" TOINSTANCE="TGT_CSS55AR_PREPARED_T2" TOINSTANCETYPE="Target Definition" TOFIELD="LINE_OF_BUSINESS2"/><CONNECTOR FROMINSTANCE="EXP_UNNASIGNED1" FROMINSTANCETYPE="Expression" FROMFIELD="REP_BROKER" TOINSTANCE="TGT_CSS55AR_PREPARED_T2" TOINSTANCETYPE="Target Definition" TOFIELD="BROKER2"/><CONNECTOR FROMINSTANCE="EXP_UNNASIGNED1" FROMINSTANCETYPE="Expression" FROMFIELD="Country_BU_Code" TOINSTANCE="TGT_CSS55AR_PREPARED_T2" TOINSTANCETYPE="Target Definition" TOFIELD="COUNTRY_ID2"/><CONNECTOR FROMINSTANCE="EXP_UNNASIGNED1" FROMINSTANCETYPE="Expression" FROMFIELD="SMU_Code" TOINSTANCE="TGT_CSS55AR_PREPARED_T2" TOINSTANCETYPE="Target Definition" TOFIELD="SUBMARKET_UNIT2"/><CONNECTOR FROMINSTANCE="EXP_UNNASIGNED1" FROMINSTANCETYPE="Expression" FROMFIELD="LOB" TOINSTANCE="TGT_CSS55AR_PREPARED_T2" TOINSTANCETYPE="Target Definition" TOFIELD="LINE_OF_BUSINESS2"/><CONNECTOR FROMINSTANCE="EXP_UNNASIGNED1" FROMINSTANCETYPE="Expression" FROMFIELD="REP_BROKER" TOINSTANCE="TGT_CSS55AR_PREPARED_T2" TOINSTANCETYPE="Target Definition" TOFIELD="BROKER2"/><CONNECTOR FROMINSTANCE="TGT_EXP_UNNASIGNED1" FROMINSTANCETYPE="Source Definition" FROMFIELD="REP_BROKER_IN" TOINSTANCE="SQ_EXP_UNNASIGNED1" TOINSTANCETYPE="Source Qualifier" TOFIELD="REP_BROKER_IN"/><CONNECTOR FROMINSTANCE="SQ_EXP_UNNASIGNED1" FROMINSTANCETYPE="Source Qualifier" FROMFIELD="REP_BROKER_IN" TOINSTANCE="EXP_UNNASIGNED1" TOINSTANCETYPE="Expression" TOFIELD="REP_BROKER_IN"/><CONNECTOR FROMINSTANCE="TGT_EXP_UNNASIGNED1" FROMINSTANCETYPE="Source Definition" FROMFIELD="LOB_IN" TOINSTANCE="SQ_EXP_UNNASIGNED1" TOINSTANCETYPE="Source Qualifier" TOFIELD="LOB_IN"/><CONNECTOR FROMINSTANCE="SQ_EXP_UNNASIGNED1" FROMINSTANCETYPE="Source Qualifier" FROMFIELD="LOB_IN" TOINSTANCE="EXP_UNNASIGNED1" TOINSTANCETYPE="Expression" TOFIELD="LOB_IN"/><CONNECTOR FROMINSTANCE="TGT_EXP_UNNASIGNED1" FROMINSTANCETYPE="Source Definition" FROMFIELD="Country_BU_Code_IN" TOINSTANCE="SQ_EXP_UNNASIGNED1" TOINSTANCETYPE="Source Qualifier" TOFIELD="Country_BU_Code_IN"/><CONNECTOR FROMINSTANCE="SQ_EXP_UNNASIGNED1" FROMINSTANCETYPE="Source Qualifier" FROMFIELD="Country_BU_Code_IN" TOINSTANCE="EXP_UNNASIGNED1" TOINSTANCETYPE="Expression" TOFIELD="Country_BU_Code_IN"/><CONNECTOR FROMINSTANCE="TGT_EXP_UNNASIGNED1" FROMINSTANCETYPE="Source Definition" FROMFIELD="SMU_Code_IN" TOINSTANCE="SQ_EXP_UNNASIGNED1" TOINSTANCETYPE="Source Qualifier" TOFIELD="SMU_Code_IN"/><CONNECTOR FROMINSTANCE="SQ_EXP_UNNASIGNED1" FROMINSTANCETYPE="Source Qualifier" FROMFIELD="SMU_Code_IN" TOINSTANCE="EXP_UNNASIGNED1" TOINSTANCETYPE="Expression" TOFIELD="SMU_Code_IN"/><CONNECTOR FROMINSTANCE="TGT_EXP_UNNASIGNED1" FROMINSTANCETYPE="Source Definition" FROMFIELD="CoCd_IN" TOINSTANCE="SQ_EXP_UNNASIGNED1" TOINSTANCETYPE="Source Qualifier" TOFIELD="CoCd_IN"/><CONNECTOR FROMINSTANCE="SQ_EXP_UNNASIGNED1" FROMINSTANCETYPE="Source Qualifier" FROMFIELD="CoCd_IN" TOINSTANCE="EXP_UNNASIGNED1" TOINSTANCETYPE="Expression" TOFIELD="CoCd_IN"/><TARGETLOADORDER TARGETINSTANCE="TGT_CSS55AR_PREPARED_T2" ORDER="1"/></MAPPING></FOLDER></REPOSITORY></POWERMART>