<?xml version="1.0" encoding="ISO-8859-1" standalone="yes"?><!DOCTYPE POWERMART SYSTEM "powrmart.dtd">
<POWERMART CREATION_DATE="30-11-2016" REPOSITORY_VERSION="1"><REPOSITORY NAME="NEWREP" DATABASETYPE="DB2" CODEPAGE="Latin1" VERSION="1"><FOLDER NAME="EXP_UNDERWRITER_NULL_folder" DESCRIPTION="" SHARED="NOTSHARED" OWNER="EVERIS" GROUP="" PERMISSIONS="rwx---r--" UUID=""><SOURCE NAME="TGT_EXP_UNDERWRITER_NULL" DBDNAME="DB2" BUSINESSNAME="" DESCRIPTION="" OBJECTVERSION="1" OWNERNAME="OWNERNAME" DATABASETYPE="DB2" VERSIONNUMBER="1"><SOURCEFIELD NAME="UNDERWRITER_ID" BUSINESSNAME="" DESCRIPTION="" DATATYPE="integer" KEYTYPE="NOT A KEY" PRECISION="10" SCALE="0" NULLABLE="NULL" USAGE_FLAGS="" LEVEL="0" FIELDTYPE="ELEMITEM" PICTURETEXT="" OCCURS="0" LENGTH="10" PHYSICALOFFSET="0" PHYSICALLENGTH="10" FIELDNUMBER="1" FIELDPROPERTY="0" HIDDEN="NO"/></SOURCE><TARGET NAME="TGT_CSS55AR_PREPARED_T2" OBJECTVERSION="1" DATABASETYPE="DB2" VERSIONNUMBER="1"><TARGETFIELD NAME="COUNTRY_ID2" DATATYPE="varchar" KEYTYPE="NOT A KEY" PRECISION="3" SCALE="0" FIELDNUMBER="1" NULLABLE="NULL"/><TARGETFIELD NAME="POLICY2" DATATYPE="varchar" KEYTYPE="NOT A KEY" PRECISION="21" SCALE="0" FIELDNUMBER="2" NULLABLE="NULL"/><TARGETFIELD NAME="DUE_DATE2" DATATYPE="varchar" KEYTYPE="NOT A KEY" PRECISION="10" SCALE="0" FIELDNUMBER="3" NULLABLE="NULL"/><TARGETFIELD NAME="BILLING_DATE2" DATATYPE="varchar" KEYTYPE="NOT A KEY" PRECISION="10" SCALE="0" FIELDNUMBER="4" NULLABLE="NULL"/><TARGETFIELD NAME="SPECIAL_PROGRAM2" DATATYPE="varchar" KEYTYPE="NOT A KEY" PRECISION="1" SCALE="0" FIELDNUMBER="5" NULLABLE="NULL"/><TARGETFIELD NAME="DOCUMENT_NUMBER2" DATATYPE="varchar" KEYTYPE="NOT A KEY" PRECISION="20" SCALE="0" FIELDNUMBER="6" NULLABLE="NULL"/><TARGETFIELD NAME="CUSTOMER2" DATATYPE="varchar" KEYTYPE="NOT A KEY" PRECISION="20" SCALE="0" FIELDNUMBER="7" NULLABLE="NULL"/><TARGETFIELD NAME="SUBMARKET_UNIT2" DATATYPE="varchar" KEYTYPE="NOT A KEY" PRECISION="10" SCALE="0" FIELDNUMBER="8" NULLABLE="NULL"/><TARGETFIELD NAME="CASH_ON_ACCOUNT2" DATATYPE="varchar" KEYTYPE="NOT A KEY" PRECISION="1" SCALE="0" FIELDNUMBER="9" NULLABLE="NULL"/><TARGETFIELD NAME="LINE_OF_BUSINESS2" DATATYPE="varchar" KEYTYPE="NOT A KEY" PRECISION="10" SCALE="0" FIELDNUMBER="10" NULLABLE="NULL"/><TARGETFIELD NAME="BROKER2" DATATYPE="varchar" KEYTYPE="NOT A KEY" PRECISION="11" SCALE="0" FIELDNUMBER="11" NULLABLE="NULL"/><TARGETFIELD NAME="AR_CURRENCY2" DATATYPE="varchar" KEYTYPE="NOT A KEY" PRECISION="10" SCALE="0" FIELDNUMBER="12" NULLABLE="NULL"/><TARGETFIELD NAME="AR_AMOUNT2" DATATYPE="varchar" KEYTYPE="NOT A KEY" PRECISION="18" SCALE="0" FIELDNUMBER="13" NULLABLE="NULL"/><TARGETFIELD NAME="SPECIAL_COLLECTION2" DATATYPE="varchar" KEYTYPE="NOT A KEY" PRECISION="1" SCALE="0" FIELDNUMBER="14" NULLABLE="NULL"/><TARGETFIELD NAME="PREMIUM2" DATATYPE="varchar" KEYTYPE="NOT A KEY" PRECISION="1" SCALE="0" FIELDNUMBER="15" NULLABLE="NULL"/><TARGETFIELD NAME="POSTING_DATE2" DATATYPE="varchar" KEYTYPE="NOT A KEY" PRECISION="10" SCALE="0" FIELDNUMBER="16" NULLABLE="NULL"/><TARGETFIELD NAME="DEFERRAL_DATE2" DATATYPE="varchar" KEYTYPE="NOT A KEY" PRECISION="10" SCALE="0" FIELDNUMBER="17" NULLABLE="NULL"/><TARGETFIELD NAME="AGE_BUCKET_ID2" DATATYPE="varchar" KEYTYPE="NOT A KEY" PRECISION="10" SCALE="0" FIELDNUMBER="18" NULLABLE="NULL"/><TARGETFIELD NAME="KEY_DATE2" DATATYPE="varchar" KEYTYPE="NOT A KEY" PRECISION="10" SCALE="0" FIELDNUMBER="19" NULLABLE="NULL"/><TARGETFIELD NAME="UNDERWRITER_ID2" DATATYPE="integer" KEYTYPE="NOT A KEY" PRECISION="10" SCALE="0" FIELDNUMBER="20" NULLABLE="NULL"/></TARGET><MAPPING NAME="m_EXP_UNDERWRITER_NULL" DESCRIPTION="" OBJECTVERSION="1" ISVALID="YES" VERSIONNUMBER="1"><TRANSFORMATION NAME="SQ_EXP_UNDERWRITER_NULL" TYPE="Source Qualifier" OBJECTVERSION="1" REUSABLE="NO" VERSIONNUMBER="1"><TRANSFORMFIELD NAME="UNDERWRITER_ID" DESCRIPTION="" DATATYPE="integer" PORTTYPE="INPUT/OUTPUT" PRECISION="10" SCALE="0" PICTURETEXT="" DEFAULTVALUE=""/><TABLEATTRIBUTE NAME="SQL Query" VALUE=""/><TABLEATTRIBUTE NAME="User Defined Join" VALUE=""/><TABLEATTRIBUTE NAME="Source Filter" VALUE=""/><TABLEATTRIBUTE NAME="Number Of Sorted Ports" VALUE="0"/><TABLEATTRIBUTE NAME="Tracing Level" VALUE="Normal"/><TABLEATTRIBUTE NAME="Select Distinct" VALUE="NO"/><TABLEATTRIBUTE NAME="Is Partitionable" VALUE="NO"/><TABLEATTRIBUTE NAME="Pre SQL" VALUE=""/><TABLEATTRIBUTE NAME="Post SQL" VALUE=""/><TABLEATTRIBUTE NAME="Output is deterministic" VALUE="NO"/><TABLEATTRIBUTE NAME="Output is repeatable" VALUE="NEVER"/></TRANSFORMATION><TRANSFORMATION NAME="EXP_UNDERWRITER_NULL" DESCRIPTION="" TYPE="Expression" OBJECTVERSION="1" REUSABLE="NO" VERSIONNUMBER="1"><TRANSFORMFIELD NAME="UNDERWRITER_ID" DESCRIPTION="" DATATYPE="integer" PORTTYPE="INPUT" PRECISION="10" SCALE="0" PICTURETEXT="" DEFAULTVALUE=""/><TRANSFORMFIELD NAME="UNDERWRITER_ID1" DESCRIPTION="" DATATYPE="integer" PORTTYPE="OUTPUT" PRECISION="10" SCALE="0" PICTURETEXT="" DEFAULTVALUE="ERROR('transformation error')" EXPRESSION="IIF(ISNULL(UNDERWRITER_ID),0,UNDERWRITER_ID)" EXPRESSIONTYPE="GENERAL"/><TABLEATTRIBUTE NAME="Tracing Level" VALUE="Normal"/></TRANSFORMATION><INSTANCE NAME="TGT_EXP_UNDERWRITER_NULL" TYPE="SOURCE" REUSABLE="NO" TRANSFORMATION_TYPE="Source Definition" TRANSFORMATION_NAME="TGT_EXP_UNDERWRITER_NULL" DBDNAME="DB2"/><INSTANCE NAME="TGT_CSS55AR_PREPARED_T2" TYPE="TARGET" REUSABLE="NO" TRANSFORMATION_TYPE="Target Definition" TRANSFORMATION_NAME="TGT_CSS55AR_PREPARED_T2"/><INSTANCE NAME="EXP_UNDERWRITER_NULL" TYPE="TRANSFORMATION" REUSABLE="NO" TRANSFORMATION_TYPE="Expression" TRANSFORMATION_NAME="EXP_UNDERWRITER_NULL"/><INSTANCE NAME="SQ_EXP_UNDERWRITER_NULL" TYPE="TRANSFORMATION" REUSABLE="NO" TRANSFORMATION_TYPE="Source Qualifier" TRANSFORMATION_NAME="SQ_EXP_UNDERWRITER_NULL"><ASSOCIATED_SOURCE_INSTANCE NAME="EXP_UNDERWRITER_NULL"/></INSTANCE><CONNECTOR FROMINSTANCE="TGT_EXP_UNDERWRITER_NULL" FROMINSTANCETYPE="Source Definition" FROMFIELD="UNDERWRITER_ID" TOINSTANCE="SQ_EXP_UNDERWRITER_NULL" TOINSTANCETYPE="Source Qualifier" TOFIELD="UNDERWRITER_ID"/><CONNECTOR FROMINSTANCE="SQ_EXP_UNDERWRITER_NULL" FROMINSTANCETYPE="Source Qualifier" FROMFIELD="UNDERWRITER_ID" TOINSTANCE="EXP_UNDERWRITER_NULL" TOINSTANCETYPE="Expression" TOFIELD="UNDERWRITER_ID"/><CONNECTOR FROMINSTANCE="EXP_UNDERWRITER_NULL" FROMINSTANCETYPE="Expression" FROMFIELD="UNDERWRITER_ID1" TOINSTANCE="TGT_CSS55AR_PREPARED_T2" TOINSTANCETYPE="Target Definition" TOFIELD="UNDERWRITER_ID2"/><TARGETLOADORDER TARGETINSTANCE="TGT_CSS55AR_PREPARED_T2" ORDER="1"/></MAPPING></FOLDER></REPOSITORY></POWERMART>