<?xml version="1.0" encoding="ISO-8859-1" standalone="yes"?><!DOCTYPE POWERMART SYSTEM "powrmart.dtd">
<POWERMART CREATION_DATE="30-11-2016" REPOSITORY_VERSION="1"><REPOSITORY NAME="NEWREP" DATABASETYPE="DB2" CODEPAGE="Latin1" VERSION="1"><FOLDER NAME="EXP_SC_IND_folder" DESCRIPTION="" SHARED="NOTSHARED" OWNER="EVERIS" GROUP="" PERMISSIONS="rwx---r--" UUID=""><SOURCE NAME="TGT_EXP_SC_IND" DBDNAME="DB2" BUSINESSNAME="" DESCRIPTION="" OBJECTVERSION="1" OWNERNAME="OWNERNAME" DATABASETYPE="DB2" VERSIONNUMBER="1"><SOURCEFIELD NAME="RMW_Object_IO" BUSINESSNAME="" DESCRIPTION="" DATATYPE="varchar" KEYTYPE="NOT A KEY" PRECISION="20" SCALE="0" NULLABLE="NULL" USAGE_FLAGS="" LEVEL="0" FIELDTYPE="ELEMITEM" PICTURETEXT="" OCCURS="0" LENGTH="20" PHYSICALOFFSET="0" PHYSICALLENGTH="20" FIELDNUMBER="1" FIELDPROPERTY="0" HIDDEN="NO"/><SOURCEFIELD NAME="RMW_Object_bPartner" BUSINESSNAME="" DESCRIPTION="" DATATYPE="varchar" KEYTYPE="NOT A KEY" PRECISION="20" SCALE="0" NULLABLE="NULL" USAGE_FLAGS="" LEVEL="0" FIELDTYPE="ELEMITEM" PICTURETEXT="" OCCURS="0" LENGTH="20" PHYSICALOFFSET="20" PHYSICALLENGTH="20" FIELDNUMBER="2" FIELDPROPERTY="0" HIDDEN="NO"/></SOURCE><TARGET NAME="TGT_CSS55AR_PREPARED_T3" OBJECTVERSION="1" DATABASETYPE="DB2" VERSIONNUMBER="1"><TARGETFIELD NAME="COUNTRY_ID3" DATATYPE="varchar" KEYTYPE="NOT A KEY" PRECISION="3" SCALE="0" FIELDNUMBER="1" NULLABLE="NULL"/><TARGETFIELD NAME="POLICY3" DATATYPE="varchar" KEYTYPE="NOT A KEY" PRECISION="21" SCALE="0" FIELDNUMBER="2" NULLABLE="NULL"/><TARGETFIELD NAME="DUE_DATE3" DATATYPE="varchar" KEYTYPE="NOT A KEY" PRECISION="10" SCALE="0" FIELDNUMBER="3" NULLABLE="NULL"/><TARGETFIELD NAME="BILLING_DATE3" DATATYPE="varchar" KEYTYPE="NOT A KEY" PRECISION="10" SCALE="0" FIELDNUMBER="4" NULLABLE="NULL"/><TARGETFIELD NAME="SPECIAL_PROGRAM3" DATATYPE="varchar" KEYTYPE="NOT A KEY" PRECISION="1" SCALE="0" FIELDNUMBER="5" NULLABLE="NULL"/><TARGETFIELD NAME="DOCUMENT_NUMBER3" DATATYPE="varchar" KEYTYPE="NOT A KEY" PRECISION="20" SCALE="0" FIELDNUMBER="6" NULLABLE="NULL"/><TARGETFIELD NAME="CUSTOMER3" DATATYPE="varchar" KEYTYPE="NOT A KEY" PRECISION="20" SCALE="0" FIELDNUMBER="7" NULLABLE="NULL"/><TARGETFIELD NAME="SUBMARKET_UNIT3" DATATYPE="varchar" KEYTYPE="NOT A KEY" PRECISION="10" SCALE="0" FIELDNUMBER="8" NULLABLE="NULL"/><TARGETFIELD NAME="CASH_ON_ACCOUNT3" DATATYPE="varchar" KEYTYPE="NOT A KEY" PRECISION="1" SCALE="0" FIELDNUMBER="9" NULLABLE="NULL"/><TARGETFIELD NAME="LINE_OF_BUSINESS3" DATATYPE="varchar" KEYTYPE="NOT A KEY" PRECISION="10" SCALE="0" FIELDNUMBER="10" NULLABLE="NULL"/><TARGETFIELD NAME="BROKER3" DATATYPE="varchar" KEYTYPE="NOT A KEY" PRECISION="11" SCALE="0" FIELDNUMBER="11" NULLABLE="NULL"/><TARGETFIELD NAME="AR_CURRENCY3" DATATYPE="varchar" KEYTYPE="NOT A KEY" PRECISION="10" SCALE="0" FIELDNUMBER="12" NULLABLE="NULL"/><TARGETFIELD NAME="AR_AMOUNT3" DATATYPE="varchar" KEYTYPE="NOT A KEY" PRECISION="18" SCALE="0" FIELDNUMBER="13" NULLABLE="NULL"/><TARGETFIELD NAME="SPECIAL_COLLECTION3" DATATYPE="varchar" KEYTYPE="NOT A KEY" PRECISION="1" SCALE="0" FIELDNUMBER="14" NULLABLE="NULL"/><TARGETFIELD NAME="PREMIUM3" DATATYPE="varchar" KEYTYPE="NOT A KEY" PRECISION="1" SCALE="0" FIELDNUMBER="15" NULLABLE="NULL"/><TARGETFIELD NAME="POSTING_DATE3" DATATYPE="varchar" KEYTYPE="NOT A KEY" PRECISION="10" SCALE="0" FIELDNUMBER="16" NULLABLE="NULL"/><TARGETFIELD NAME="DEFERRAL_DATE3" DATATYPE="varchar" KEYTYPE="NOT A KEY" PRECISION="10" SCALE="0" FIELDNUMBER="17" NULLABLE="NULL"/><TARGETFIELD NAME="AGE_BUCKET_ID3" DATATYPE="varchar" KEYTYPE="NOT A KEY" PRECISION="10" SCALE="0" FIELDNUMBER="18" NULLABLE="NULL"/><TARGETFIELD NAME="KEY_DATE3" DATATYPE="varchar" KEYTYPE="NOT A KEY" PRECISION="10" SCALE="0" FIELDNUMBER="19" NULLABLE="NULL"/><TARGETFIELD NAME="UNDERWRITER_ID3" DATATYPE="integer" KEYTYPE="NOT A KEY" PRECISION="10" SCALE="0" FIELDNUMBER="20" NULLABLE="NULL"/></TARGET><MAPPING NAME="m_EXP_SC_IND" DESCRIPTION="" OBJECTVERSION="1" ISVALID="YES" VERSIONNUMBER="1"><TRANSFORMATION NAME="SQ_EXP_SC_IND" TYPE="Source Qualifier" OBJECTVERSION="1" REUSABLE="NO" VERSIONNUMBER="1"><TRANSFORMFIELD NAME="RMW_Object_IO" DESCRIPTION="" DATATYPE="string" PORTTYPE="INPUT/OUTPUT" PRECISION="20" SCALE="0" PICTURETEXT="" DEFAULTVALUE=""/><TRANSFORMFIELD NAME="RMW_Object_bPartner" DESCRIPTION="" DATATYPE="string" PORTTYPE="INPUT/OUTPUT" PRECISION="20" SCALE="0" PICTURETEXT="" DEFAULTVALUE=""/><TABLEATTRIBUTE NAME="SQL Query" VALUE=""/><TABLEATTRIBUTE NAME="User Defined Join" VALUE=""/><TABLEATTRIBUTE NAME="Source Filter" VALUE=""/><TABLEATTRIBUTE NAME="Number Of Sorted Ports" VALUE="0"/><TABLEATTRIBUTE NAME="Tracing Level" VALUE="Normal"/><TABLEATTRIBUTE NAME="Select Distinct" VALUE="NO"/><TABLEATTRIBUTE NAME="Is Partitionable" VALUE="NO"/><TABLEATTRIBUTE NAME="Pre SQL" VALUE=""/><TABLEATTRIBUTE NAME="Post SQL" VALUE=""/><TABLEATTRIBUTE NAME="Output is deterministic" VALUE="NO"/><TABLEATTRIBUTE NAME="Output is repeatable" VALUE="NEVER"/></TRANSFORMATION><TRANSFORMATION NAME="EXP_SC_IND" DESCRIPTION="" TYPE="Expression" OBJECTVERSION="1" REUSABLE="NO" VERSIONNUMBER="1"><TRANSFORMFIELD NAME="IND_SC" DESCRIPTION="" DATATYPE="string" PORTTYPE="OUTPUT" PRECISION="1" SCALE="0" PICTURETEXT="" DEFAULTVALUE="ERROR('transformation error')" EXPRESSION="iif(isnull(RMW_Object_IO) AND isnull(RMW_Object_bPartner),'0','1')" EXPRESSIONTYPE="GENERAL"/><TRANSFORMFIELD NAME="RMW_Object_IO" DESCRIPTION="" DATATYPE="string" PORTTYPE="INPUT" PRECISION="20" SCALE="0" PICTURETEXT="" DEFAULTVALUE=""/><TRANSFORMFIELD NAME="RMW_Object_bPartner" DESCRIPTION="" DATATYPE="string" PORTTYPE="INPUT" PRECISION="20" SCALE="0" PICTURETEXT="" DEFAULTVALUE=""/><TABLEATTRIBUTE NAME="Tracing Level" VALUE="Normal"/></TRANSFORMATION><INSTANCE NAME="TGT_EXP_SC_IND" TYPE="SOURCE" REUSABLE="NO" TRANSFORMATION_TYPE="Source Definition" TRANSFORMATION_NAME="TGT_EXP_SC_IND" DBDNAME="DB2"/><INSTANCE NAME="TGT_CSS55AR_PREPARED_T3" TYPE="TARGET" REUSABLE="NO" TRANSFORMATION_TYPE="Target Definition" TRANSFORMATION_NAME="TGT_CSS55AR_PREPARED_T3"/><INSTANCE NAME="EXP_SC_IND" TYPE="TRANSFORMATION" REUSABLE="NO" TRANSFORMATION_TYPE="Expression" TRANSFORMATION_NAME="EXP_SC_IND"/><INSTANCE NAME="SQ_EXP_SC_IND" TYPE="TRANSFORMATION" REUSABLE="NO" TRANSFORMATION_TYPE="Source Qualifier" TRANSFORMATION_NAME="SQ_EXP_SC_IND"><ASSOCIATED_SOURCE_INSTANCE NAME="EXP_SC_IND"/></INSTANCE><CONNECTOR FROMINSTANCE="EXP_SC_IND" FROMINSTANCETYPE="Expression" FROMFIELD="IND_SC" TOINSTANCE="TGT_CSS55AR_PREPARED_T3" TOINSTANCETYPE="Target Definition" TOFIELD="SPECIAL_COLLECTION3"/><CONNECTOR FROMINSTANCE="TGT_EXP_SC_IND" FROMINSTANCETYPE="Source Definition" FROMFIELD="RMW_Object_IO" TOINSTANCE="SQ_EXP_SC_IND" TOINSTANCETYPE="Source Qualifier" TOFIELD="RMW_Object_IO"/><CONNECTOR FROMINSTANCE="SQ_EXP_SC_IND" FROMINSTANCETYPE="Source Qualifier" FROMFIELD="RMW_Object_IO" TOINSTANCE="EXP_SC_IND" TOINSTANCETYPE="Expression" TOFIELD="RMW_Object_IO"/><CONNECTOR FROMINSTANCE="TGT_EXP_SC_IND" FROMINSTANCETYPE="Source Definition" FROMFIELD="RMW_Object_bPartner" TOINSTANCE="SQ_EXP_SC_IND" TOINSTANCETYPE="Source Qualifier" TOFIELD="RMW_Object_bPartner"/><CONNECTOR FROMINSTANCE="SQ_EXP_SC_IND" FROMINSTANCETYPE="Source Qualifier" FROMFIELD="RMW_Object_bPartner" TOINSTANCE="EXP_SC_IND" TOINSTANCETYPE="Expression" TOFIELD="RMW_Object_bPartner"/><TARGETLOADORDER TARGETINSTANCE="TGT_CSS55AR_PREPARED_T3" ORDER="1"/></MAPPING></FOLDER></REPOSITORY></POWERMART>