<?xml version="1.0" encoding="ISO-8859-1" standalone="yes"?><!DOCTYPE POWERMART SYSTEM "powrmart.dtd">
<POWERMART CREATION_DATE="30-11-2016" REPOSITORY_VERSION="1"><REPOSITORY NAME="NEWREP" DATABASETYPE="DB2" CODEPAGE="Latin1" VERSION="1"><FOLDER NAME="FIL_DEFAULT1_folder" DESCRIPTION="" SHARED="NOTSHARED" OWNER="EVERIS" GROUP="" PERMISSIONS="rwx---r--" UUID=""><SOURCE NAME="TGT_FIL_DEFAULT1" DBDNAME="DB2" BUSINESSNAME="" DESCRIPTION="" OBJECTVERSION="1" OWNERNAME="OWNERNAME" DATABASETYPE="DB2" VERSIONNUMBER="1"><SOURCEFIELD NAME="BPartner2" BUSINESSNAME="" DESCRIPTION="" DATATYPE="varchar" KEYTYPE="NOT A KEY" PRECISION="11" SCALE="0" NULLABLE="NULL" USAGE_FLAGS="" LEVEL="0" FIELDTYPE="ELEMITEM" PICTURETEXT="" OCCURS="0" LENGTH="11" PHYSICALOFFSET="0" PHYSICALLENGTH="11" FIELDNUMBER="1" FIELDPROPERTY="0" HIDDEN="NO"/><SOURCEFIELD NAME="Contract2" BUSINESSNAME="" DESCRIPTION="" DATATYPE="varchar" KEYTYPE="NOT A KEY" PRECISION="21" SCALE="0" NULLABLE="NULL" USAGE_FLAGS="" LEVEL="0" FIELDTYPE="ELEMITEM" PICTURETEXT="" OCCURS="0" LENGTH="21" PHYSICALOFFSET="11" PHYSICALLENGTH="21" FIELDNUMBER="2" FIELDPROPERTY="0" HIDDEN="NO"/><SOURCEFIELD NAME="Contract_bPartner2" BUSINESSNAME="" DESCRIPTION="" DATATYPE="varchar" KEYTYPE="NOT A KEY" PRECISION="21" SCALE="0" NULLABLE="NULL" USAGE_FLAGS="" LEVEL="0" FIELDTYPE="ELEMITEM" PICTURETEXT="" OCCURS="0" LENGTH="21" PHYSICALOFFSET="32" PHYSICALLENGTH="21" FIELDNUMBER="3" FIELDPROPERTY="0" HIDDEN="NO"/><SOURCEFIELD NAME="DocDate2" BUSINESSNAME="" DESCRIPTION="" DATATYPE="varchar" KEYTYPE="NOT A KEY" PRECISION="11" SCALE="0" NULLABLE="NULL" USAGE_FLAGS="" LEVEL="0" FIELDTYPE="ELEMITEM" PICTURETEXT="" OCCURS="0" LENGTH="11" PHYSICALOFFSET="53" PHYSICALLENGTH="11" FIELDNUMBER="4" FIELDPROPERTY="0" HIDDEN="NO"/><SOURCEFIELD NAME="Due2" BUSINESSNAME="" DESCRIPTION="" DATATYPE="varchar" KEYTYPE="NOT A KEY" PRECISION="11" SCALE="0" NULLABLE="NULL" USAGE_FLAGS="" LEVEL="0" FIELDTYPE="ELEMITEM" PICTURETEXT="" OCCURS="0" LENGTH="11" PHYSICALOFFSET="64" PHYSICALLENGTH="11" FIELDNUMBER="5" FIELDPROPERTY="0" HIDDEN="NO"/><SOURCEFIELD NAME="MTra2" BUSINESSNAME="" DESCRIPTION="" DATATYPE="varchar" KEYTYPE="NOT A KEY" PRECISION="5" SCALE="0" NULLABLE="NULL" USAGE_FLAGS="" LEVEL="0" FIELDTYPE="ELEMITEM" PICTURETEXT="" OCCURS="0" LENGTH="5" PHYSICALOFFSET="75" PHYSICALLENGTH="5" FIELDNUMBER="6" FIELDPROPERTY="0" HIDDEN="NO"/><SOURCEFIELD NAME="STra2" BUSINESSNAME="" DESCRIPTION="" DATATYPE="varchar" KEYTYPE="NOT A KEY" PRECISION="5" SCALE="0" NULLABLE="NULL" USAGE_FLAGS="" LEVEL="0" FIELDTYPE="ELEMITEM" PICTURETEXT="" OCCURS="0" LENGTH="5" PHYSICALOFFSET="80" PHYSICALLENGTH="5" FIELDNUMBER="7" FIELDPROPERTY="0" HIDDEN="NO"/><SOURCEFIELD NAME="DocNo2" BUSINESSNAME="" DESCRIPTION="" DATATYPE="varchar" KEYTYPE="NOT A KEY" PRECISION="13" SCALE="0" NULLABLE="NULL" USAGE_FLAGS="" LEVEL="0" FIELDTYPE="ELEMITEM" PICTURETEXT="" OCCURS="0" LENGTH="13" PHYSICALOFFSET="85" PHYSICALLENGTH="13" FIELDNUMBER="8" FIELDPROPERTY="0" HIDDEN="NO"/><SOURCEFIELD NAME="AssignedRep2" BUSINESSNAME="" DESCRIPTION="" DATATYPE="varchar" KEYTYPE="NOT A KEY" PRECISION="13" SCALE="0" NULLABLE="NULL" USAGE_FLAGS="" LEVEL="0" FIELDTYPE="ELEMITEM" PICTURETEXT="" OCCURS="0" LENGTH="13" PHYSICALOFFSET="98" PHYSICALLENGTH="13" FIELDNUMBER="9" FIELDPROPERTY="0" HIDDEN="NO"/><SOURCEFIELD NAME="CrCz2" BUSINESSNAME="" DESCRIPTION="" DATATYPE="varchar" KEYTYPE="NOT A KEY" PRECISION="6" SCALE="0" NULLABLE="NULL" USAGE_FLAGS="" LEVEL="0" FIELDTYPE="ELEMITEM" PICTURETEXT="" OCCURS="0" LENGTH="6" PHYSICALOFFSET="111" PHYSICALLENGTH="6" FIELDNUMBER="10" FIELDPROPERTY="0" HIDDEN="NO"/><SOURCEFIELD NAME="LocCurrAmount2" BUSINESSNAME="" DESCRIPTION="" DATATYPE="varchar" KEYTYPE="NOT A KEY" PRECISION="17" SCALE="0" NULLABLE="NULL" USAGE_FLAGS="" LEVEL="0" FIELDTYPE="ELEMITEM" PICTURETEXT="" OCCURS="0" LENGTH="17" PHYSICALOFFSET="117" PHYSICALLENGTH="17" FIELDNUMBER="11" FIELDPROPERTY="0" HIDDEN="NO"/><SOURCEFIELD NAME="LocCurAmountSign2" BUSINESSNAME="" DESCRIPTION="" DATATYPE="varchar" KEYTYPE="NOT A KEY" PRECISION="1" SCALE="0" NULLABLE="NULL" USAGE_FLAGS="" LEVEL="0" FIELDTYPE="ELEMITEM" PICTURETEXT="" OCCURS="0" LENGTH="1" PHYSICALOFFSET="134" PHYSICALLENGTH="1" FIELDNUMBER="12" FIELDPROPERTY="0" HIDDEN="NO"/><SOURCEFIELD NAME="Amount2" BUSINESSNAME="" DESCRIPTION="" DATATYPE="varchar" KEYTYPE="NOT A KEY" PRECISION="17" SCALE="0" NULLABLE="NULL" USAGE_FLAGS="" LEVEL="0" FIELDTYPE="ELEMITEM" PICTURETEXT="" OCCURS="0" LENGTH="17" PHYSICALOFFSET="135" PHYSICALLENGTH="17" FIELDNUMBER="13" FIELDPROPERTY="0" HIDDEN="NO"/><SOURCEFIELD NAME="Ammount_Sign2" BUSINESSNAME="" DESCRIPTION="" DATATYPE="varchar" KEYTYPE="NOT A KEY" PRECISION="2" SCALE="0" NULLABLE="NULL" USAGE_FLAGS="" LEVEL="0" FIELDTYPE="ELEMITEM" PICTURETEXT="" OCCURS="0" LENGTH="2" PHYSICALOFFSET="152" PHYSICALLENGTH="2" FIELDNUMBER="14" FIELDPROPERTY="0" HIDDEN="NO"/><SOURCEFIELD NAME="RefBP2" BUSINESSNAME="" DESCRIPTION="" DATATYPE="varchar" KEYTYPE="NOT A KEY" PRECISION="11" SCALE="0" NULLABLE="NULL" USAGE_FLAGS="" LEVEL="0" FIELDTYPE="ELEMITEM" PICTURETEXT="" OCCURS="0" LENGTH="11" PHYSICALOFFSET="154" PHYSICALLENGTH="11" FIELDNUMBER="15" FIELDPROPERTY="0" HIDDEN="NO"/><SOURCEFIELD NAME="PostDate2" BUSINESSNAME="" DESCRIPTION="" DATATYPE="varchar" KEYTYPE="NOT A KEY" PRECISION="11" SCALE="0" NULLABLE="NULL" USAGE_FLAGS="" LEVEL="0" FIELDTYPE="ELEMITEM" PICTURETEXT="" OCCURS="0" LENGTH="11" PHYSICALOFFSET="165" PHYSICALLENGTH="11" FIELDNUMBER="16" FIELDPROPERTY="0" HIDDEN="NO"/><SOURCEFIELD NAME="CoCd2" BUSINESSNAME="" DESCRIPTION="" DATATYPE="varchar" KEYTYPE="NOT A KEY" PRECISION="5" SCALE="0" NULLABLE="NULL" USAGE_FLAGS="" LEVEL="0" FIELDTYPE="ELEMITEM" PICTURETEXT="" OCCURS="0" LENGTH="5" PHYSICALOFFSET="176" PHYSICALLENGTH="5" FIELDNUMBER="17" FIELDPROPERTY="0" HIDDEN="NO"/><SOURCEFIELD NAME="Deferral2" BUSINESSNAME="" DESCRIPTION="" DATATYPE="varchar" KEYTYPE="NOT A KEY" PRECISION="11" SCALE="0" NULLABLE="NULL" USAGE_FLAGS="" LEVEL="0" FIELDTYPE="ELEMITEM" PICTURETEXT="" OCCURS="0" LENGTH="11" PHYSICALOFFSET="181" PHYSICALLENGTH="11" FIELDNUMBER="18" FIELDPROPERTY="0" HIDDEN="NO"/><SOURCEFIELD NAME="KEY_DATE2" BUSINESSNAME="" DESCRIPTION="" DATATYPE="varchar" KEYTYPE="NOT A KEY" PRECISION="10" SCALE="0" NULLABLE="NULL" USAGE_FLAGS="" LEVEL="0" FIELDTYPE="ELEMITEM" PICTURETEXT="" OCCURS="0" LENGTH="10" PHYSICALOFFSET="192" PHYSICALLENGTH="10" FIELDNUMBER="19" FIELDPROPERTY="0" HIDDEN="NO"/><SOURCEFIELD NAME="S2" BUSINESSNAME="" DESCRIPTION="" DATATYPE="varchar" KEYTYPE="NOT A KEY" PRECISION="2" SCALE="0" NULLABLE="NULL" USAGE_FLAGS="" LEVEL="0" FIELDTYPE="ELEMITEM" PICTURETEXT="" OCCURS="0" LENGTH="2" PHYSICALOFFSET="202" PHYSICALLENGTH="2" FIELDNUMBER="20" FIELDPROPERTY="0" HIDDEN="NO"/><SOURCEFIELD NAME="AdditionalReference2" BUSINESSNAME="" DESCRIPTION="" DATATYPE="varchar" KEYTYPE="NOT A KEY" PRECISION="21" SCALE="0" NULLABLE="NULL" USAGE_FLAGS="" LEVEL="0" FIELDTYPE="ELEMITEM" PICTURETEXT="" OCCURS="0" LENGTH="21" PHYSICALOFFSET="204" PHYSICALLENGTH="21" FIELDNUMBER="21" FIELDPROPERTY="0" HIDDEN="NO"/><SOURCEFIELD NAME="UnderWriter2" BUSINESSNAME="" DESCRIPTION="" DATATYPE="varchar" KEYTYPE="NOT A KEY" PRECISION="9" SCALE="0" NULLABLE="NULL" USAGE_FLAGS="" LEVEL="0" FIELDTYPE="ELEMITEM" PICTURETEXT="" OCCURS="0" LENGTH="9" PHYSICALOFFSET="225" PHYSICALLENGTH="9" FIELDNUMBER="22" FIELDPROPERTY="0" HIDDEN="NO"/></SOURCE><TARGET NAME="TGT_EXP_OPEN_ITEM_TRANS" OBJECTVERSION="1" DATABASETYPE="DB2" VERSIONNUMBER="1"><TARGETFIELD NAME="BPartner_IN" DATATYPE="varchar" KEYTYPE="NOT A KEY" PRECISION="11" SCALE="0" FIELDNUMBER="1" NULLABLE="NULL"/><TARGETFIELD NAME="Contract_IN" DATATYPE="varchar" KEYTYPE="NOT A KEY" PRECISION="21" SCALE="0" FIELDNUMBER="2" NULLABLE="NULL"/><TARGETFIELD NAME="Contract_bPartner_in" DATATYPE="varchar" KEYTYPE="NOT A KEY" PRECISION="21" SCALE="0" FIELDNUMBER="3" NULLABLE="NULL"/><TARGETFIELD NAME="DocDate_IN" DATATYPE="varchar" KEYTYPE="NOT A KEY" PRECISION="11" SCALE="0" FIELDNUMBER="4" NULLABLE="NULL"/><TARGETFIELD NAME="Due_IN" DATATYPE="varchar" KEYTYPE="NOT A KEY" PRECISION="11" SCALE="0" FIELDNUMBER="5" NULLABLE="NULL"/><TARGETFIELD NAME="MTra_IN" DATATYPE="varchar" KEYTYPE="NOT A KEY" PRECISION="5" SCALE="0" FIELDNUMBER="6" NULLABLE="NULL"/><TARGETFIELD NAME="STra_IN" DATATYPE="varchar" KEYTYPE="NOT A KEY" PRECISION="5" SCALE="0" FIELDNUMBER="7" NULLABLE="NULL"/><TARGETFIELD NAME="DocNo_IN" DATATYPE="varchar" KEYTYPE="NOT A KEY" PRECISION="13" SCALE="0" FIELDNUMBER="8" NULLABLE="NULL"/><TARGETFIELD NAME="AssignedRep_IN" DATATYPE="varchar" KEYTYPE="NOT A KEY" PRECISION="13" SCALE="0" FIELDNUMBER="9" NULLABLE="NULL"/><TARGETFIELD NAME="CrCz_IN" DATATYPE="varchar" KEYTYPE="NOT A KEY" PRECISION="6" SCALE="0" FIELDNUMBER="10" NULLABLE="NULL"/><TARGETFIELD NAME="LocCurrAmount_IN" DATATYPE="varchar" KEYTYPE="NOT A KEY" PRECISION="17" SCALE="0" FIELDNUMBER="11" NULLABLE="NULL"/><TARGETFIELD NAME="LocCurAmountSign_IN" DATATYPE="varchar" KEYTYPE="NOT A KEY" PRECISION="1" SCALE="0" FIELDNUMBER="12" NULLABLE="NULL"/><TARGETFIELD NAME="Amount2" DATATYPE="varchar" KEYTYPE="NOT A KEY" PRECISION="17" SCALE="0" FIELDNUMBER="13" NULLABLE="NULL"/><TARGETFIELD NAME="Ammount_Sign2" DATATYPE="varchar" KEYTYPE="NOT A KEY" PRECISION="2" SCALE="0" FIELDNUMBER="14" NULLABLE="NULL"/><TARGETFIELD NAME="RefBP_IN" DATATYPE="varchar" KEYTYPE="NOT A KEY" PRECISION="11" SCALE="0" FIELDNUMBER="15" NULLABLE="NULL"/><TARGETFIELD NAME="PostDate_IN" DATATYPE="varchar" KEYTYPE="NOT A KEY" PRECISION="11" SCALE="0" FIELDNUMBER="16" NULLABLE="NULL"/><TARGETFIELD NAME="CoCd_IN" DATATYPE="varchar" KEYTYPE="NOT A KEY" PRECISION="5" SCALE="0" FIELDNUMBER="17" NULLABLE="NULL"/><TARGETFIELD NAME="Deferral_IN" DATATYPE="varchar" KEYTYPE="NOT A KEY" PRECISION="11" SCALE="0" FIELDNUMBER="18" NULLABLE="NULL"/><TARGETFIELD NAME="KEY_DATE_IN" DATATYPE="varchar" KEYTYPE="NOT A KEY" PRECISION="10" SCALE="0" FIELDNUMBER="19" NULLABLE="NULL"/><TARGETFIELD NAME="S_IN" DATATYPE="varchar" KEYTYPE="NOT A KEY" PRECISION="2" SCALE="0" FIELDNUMBER="20" NULLABLE="NULL"/><TARGETFIELD NAME="UnderWriter2" DATATYPE="varchar" KEYTYPE="NOT A KEY" PRECISION="9" SCALE="0" FIELDNUMBER="21" NULLABLE="NULL"/></TARGET><MAPPING NAME="m_FIL_DEFAULT1" DESCRIPTION="" OBJECTVERSION="1" ISVALID="YES" VERSIONNUMBER="1"><TRANSFORMATION NAME="SQ_FIL_DEFAULT1" TYPE="Source Qualifier" OBJECTVERSION="1" REUSABLE="NO" VERSIONNUMBER="1"><TRANSFORMFIELD NAME="BPartner2" DESCRIPTION="" DATATYPE="string" PORTTYPE="INPUT/OUTPUT" PRECISION="11" SCALE="0" PICTURETEXT="" DEFAULTVALUE="" REF_FIELD="BPartner" GROUP="DEFAULT1"/><TRANSFORMFIELD NAME="Contract2" DESCRIPTION="" DATATYPE="string" PORTTYPE="INPUT/OUTPUT" PRECISION="21" SCALE="0" PICTURETEXT="" DEFAULTVALUE="" REF_FIELD="Contract" GROUP="DEFAULT1"/><TRANSFORMFIELD NAME="Contract_bPartner2" DESCRIPTION="" DATATYPE="string" PORTTYPE="INPUT/OUTPUT" PRECISION="21" SCALE="0" PICTURETEXT="" DEFAULTVALUE="" REF_FIELD="Contract_bPartner" GROUP="DEFAULT1"/><TRANSFORMFIELD NAME="DocDate2" DESCRIPTION="" DATATYPE="string" PORTTYPE="INPUT/OUTPUT" PRECISION="11" SCALE="0" PICTURETEXT="" DEFAULTVALUE="" REF_FIELD="DocDate" GROUP="DEFAULT1"/><TRANSFORMFIELD NAME="Due2" DESCRIPTION="" DATATYPE="string" PORTTYPE="INPUT/OUTPUT" PRECISION="11" SCALE="0" PICTURETEXT="" DEFAULTVALUE="" REF_FIELD="Due" GROUP="DEFAULT1"/><TRANSFORMFIELD NAME="MTra2" DESCRIPTION="" DATATYPE="string" PORTTYPE="INPUT/OUTPUT" PRECISION="5" SCALE="0" PICTURETEXT="" DEFAULTVALUE="" REF_FIELD="MTra" GROUP="DEFAULT1"/><TRANSFORMFIELD NAME="STra2" DESCRIPTION="" DATATYPE="string" PORTTYPE="INPUT/OUTPUT" PRECISION="5" SCALE="0" PICTURETEXT="" DEFAULTVALUE="" REF_FIELD="STra" GROUP="DEFAULT1"/><TRANSFORMFIELD NAME="DocNo2" DESCRIPTION="" DATATYPE="string" PORTTYPE="INPUT/OUTPUT" PRECISION="13" SCALE="0" PICTURETEXT="" DEFAULTVALUE="" REF_FIELD="DocNo" GROUP="DEFAULT1"/><TRANSFORMFIELD NAME="AssignedRep2" DESCRIPTION="" DATATYPE="string" PORTTYPE="INPUT/OUTPUT" PRECISION="13" SCALE="0" PICTURETEXT="" DEFAULTVALUE="" REF_FIELD="AssignedRep" GROUP="DEFAULT1"/><TRANSFORMFIELD NAME="CrCz2" DESCRIPTION="" DATATYPE="string" PORTTYPE="INPUT/OUTPUT" PRECISION="6" SCALE="0" PICTURETEXT="" DEFAULTVALUE="" REF_FIELD="CrCz" GROUP="DEFAULT1"/><TRANSFORMFIELD NAME="LocCurrAmount2" DESCRIPTION="" DATATYPE="string" PORTTYPE="INPUT/OUTPUT" PRECISION="17" SCALE="0" PICTURETEXT="" DEFAULTVALUE="" REF_FIELD="LocCurrAmount" GROUP="DEFAULT1"/><TRANSFORMFIELD NAME="LocCurAmountSign2" DESCRIPTION="" DATATYPE="string" PORTTYPE="INPUT/OUTPUT" PRECISION="1" SCALE="0" PICTURETEXT="" DEFAULTVALUE="" REF_FIELD="LocCurAmountSign" GROUP="DEFAULT1"/><TRANSFORMFIELD NAME="Amount2" DESCRIPTION="" DATATYPE="string" PORTTYPE="INPUT/OUTPUT" PRECISION="17" SCALE="0" PICTURETEXT="" DEFAULTVALUE="" REF_FIELD="Amount" GROUP="DEFAULT1"/><TRANSFORMFIELD NAME="Ammount_Sign2" DESCRIPTION="" DATATYPE="string" PORTTYPE="INPUT/OUTPUT" PRECISION="2" SCALE="0" PICTURETEXT="" DEFAULTVALUE="" REF_FIELD="Ammount_Sign" GROUP="DEFAULT1"/><TRANSFORMFIELD NAME="RefBP2" DESCRIPTION="" DATATYPE="string" PORTTYPE="INPUT/OUTPUT" PRECISION="11" SCALE="0" PICTURETEXT="" DEFAULTVALUE="" REF_FIELD="RefBP" GROUP="DEFAULT1"/><TRANSFORMFIELD NAME="PostDate2" DESCRIPTION="" DATATYPE="string" PORTTYPE="INPUT/OUTPUT" PRECISION="11" SCALE="0" PICTURETEXT="" DEFAULTVALUE="" REF_FIELD="PostDate" GROUP="DEFAULT1"/><TRANSFORMFIELD NAME="CoCd2" DESCRIPTION="" DATATYPE="string" PORTTYPE="INPUT/OUTPUT" PRECISION="5" SCALE="0" PICTURETEXT="" DEFAULTVALUE="" REF_FIELD="CoCd" GROUP="DEFAULT1"/><TRANSFORMFIELD NAME="Deferral2" DESCRIPTION="" DATATYPE="string" PORTTYPE="INPUT/OUTPUT" PRECISION="11" SCALE="0" PICTURETEXT="" DEFAULTVALUE="" REF_FIELD="Deferral" GROUP="DEFAULT1"/><TRANSFORMFIELD NAME="KEY_DATE2" DESCRIPTION="" DATATYPE="string" PORTTYPE="INPUT/OUTPUT" PRECISION="10" SCALE="0" PICTURETEXT="" DEFAULTVALUE="" REF_FIELD="KEY_DATE" GROUP="DEFAULT1"/><TRANSFORMFIELD NAME="S2" DESCRIPTION="" DATATYPE="string" PORTTYPE="INPUT/OUTPUT" PRECISION="2" SCALE="0" PICTURETEXT="" DEFAULTVALUE="" REF_FIELD="S" GROUP="DEFAULT1"/><TRANSFORMFIELD NAME="AdditionalReference2" DESCRIPTION="" DATATYPE="string" PORTTYPE="INPUT/OUTPUT" PRECISION="21" SCALE="0" PICTURETEXT="" DEFAULTVALUE="" REF_FIELD="AdditionalReference" GROUP="DEFAULT1"/><TRANSFORMFIELD NAME="UnderWriter2" DESCRIPTION="" DATATYPE="string" PORTTYPE="INPUT/OUTPUT" PRECISION="9" SCALE="0" PICTURETEXT="" DEFAULTVALUE="" REF_FIELD="UnderWriter" GROUP="DEFAULT1"/><TABLEATTRIBUTE NAME="SQL Query" VALUE=""/><TABLEATTRIBUTE NAME="User Defined Join" VALUE=""/><TABLEATTRIBUTE NAME="Source Filter" VALUE=""/><TABLEATTRIBUTE NAME="Number Of Sorted Ports" VALUE="0"/><TABLEATTRIBUTE NAME="Tracing Level" VALUE="Normal"/><TABLEATTRIBUTE NAME="Select Distinct" VALUE="NO"/><TABLEATTRIBUTE NAME="Is Partitionable" VALUE="NO"/><TABLEATTRIBUTE NAME="Pre SQL" VALUE=""/><TABLEATTRIBUTE NAME="Post SQL" VALUE=""/><TABLEATTRIBUTE NAME="Output is deterministic" VALUE="NO"/><TABLEATTRIBUTE NAME="Output is repeatable" VALUE="NEVER"/></TRANSFORMATION><TRANSFORMATION NAME="FIL_DEFAULT1" TYPE="Filter" OBJECTVERSION="1" REUSABLE="NO" VERSIONNUMBER="1"><TRANSFORMFIELD NAME="BPartner2" DESCRIPTION="" DATATYPE="string" PORTTYPE="INPUT/OUTPUT" PRECISION="11" SCALE="0" PICTURETEXT="" DEFAULTVALUE="" REF_FIELD="BPartner" GROUP="DEFAULT1"/><TRANSFORMFIELD NAME="Contract2" DESCRIPTION="" DATATYPE="string" PORTTYPE="INPUT/OUTPUT" PRECISION="21" SCALE="0" PICTURETEXT="" DEFAULTVALUE="" REF_FIELD="Contract" GROUP="DEFAULT1"/><TRANSFORMFIELD NAME="Contract_bPartner2" DESCRIPTION="" DATATYPE="string" PORTTYPE="INPUT/OUTPUT" PRECISION="21" SCALE="0" PICTURETEXT="" DEFAULTVALUE="" REF_FIELD="Contract_bPartner" GROUP="DEFAULT1"/><TRANSFORMFIELD NAME="DocDate2" DESCRIPTION="" DATATYPE="string" PORTTYPE="INPUT/OUTPUT" PRECISION="11" SCALE="0" PICTURETEXT="" DEFAULTVALUE="" REF_FIELD="DocDate" GROUP="DEFAULT1"/><TRANSFORMFIELD NAME="Due2" DESCRIPTION="" DATATYPE="string" PORTTYPE="INPUT/OUTPUT" PRECISION="11" SCALE="0" PICTURETEXT="" DEFAULTVALUE="" REF_FIELD="Due" GROUP="DEFAULT1"/><TRANSFORMFIELD NAME="MTra2" DESCRIPTION="" DATATYPE="string" PORTTYPE="INPUT/OUTPUT" PRECISION="5" SCALE="0" PICTURETEXT="" DEFAULTVALUE="" REF_FIELD="MTra" GROUP="DEFAULT1"/><TRANSFORMFIELD NAME="STra2" DESCRIPTION="" DATATYPE="string" PORTTYPE="INPUT/OUTPUT" PRECISION="5" SCALE="0" PICTURETEXT="" DEFAULTVALUE="" REF_FIELD="STra" GROUP="DEFAULT1"/><TRANSFORMFIELD NAME="DocNo2" DESCRIPTION="" DATATYPE="string" PORTTYPE="INPUT/OUTPUT" PRECISION="13" SCALE="0" PICTURETEXT="" DEFAULTVALUE="" REF_FIELD="DocNo" GROUP="DEFAULT1"/><TRANSFORMFIELD NAME="AssignedRep2" DESCRIPTION="" DATATYPE="string" PORTTYPE="INPUT/OUTPUT" PRECISION="13" SCALE="0" PICTURETEXT="" DEFAULTVALUE="" REF_FIELD="AssignedRep" GROUP="DEFAULT1"/><TRANSFORMFIELD NAME="CrCz2" DESCRIPTION="" DATATYPE="string" PORTTYPE="INPUT/OUTPUT" PRECISION="6" SCALE="0" PICTURETEXT="" DEFAULTVALUE="" REF_FIELD="CrCz" GROUP="DEFAULT1"/><TRANSFORMFIELD NAME="LocCurrAmount2" DESCRIPTION="" DATATYPE="string" PORTTYPE="INPUT/OUTPUT" PRECISION="17" SCALE="0" PICTURETEXT="" DEFAULTVALUE="" REF_FIELD="LocCurrAmount" GROUP="DEFAULT1"/><TRANSFORMFIELD NAME="LocCurAmountSign2" DESCRIPTION="" DATATYPE="string" PORTTYPE="INPUT/OUTPUT" PRECISION="1" SCALE="0" PICTURETEXT="" DEFAULTVALUE="" REF_FIELD="LocCurAmountSign" GROUP="DEFAULT1"/><TRANSFORMFIELD NAME="Amount2" DESCRIPTION="" DATATYPE="string" PORTTYPE="INPUT/OUTPUT" PRECISION="17" SCALE="0" PICTURETEXT="" DEFAULTVALUE="" REF_FIELD="Amount" GROUP="DEFAULT1"/><TRANSFORMFIELD NAME="Ammount_Sign2" DESCRIPTION="" DATATYPE="string" PORTTYPE="INPUT/OUTPUT" PRECISION="2" SCALE="0" PICTURETEXT="" DEFAULTVALUE="" REF_FIELD="Ammount_Sign" GROUP="DEFAULT1"/><TRANSFORMFIELD NAME="RefBP2" DESCRIPTION="" DATATYPE="string" PORTTYPE="INPUT/OUTPUT" PRECISION="11" SCALE="0" PICTURETEXT="" DEFAULTVALUE="" REF_FIELD="RefBP" GROUP="DEFAULT1"/><TRANSFORMFIELD NAME="PostDate2" DESCRIPTION="" DATATYPE="string" PORTTYPE="INPUT/OUTPUT" PRECISION="11" SCALE="0" PICTURETEXT="" DEFAULTVALUE="" REF_FIELD="PostDate" GROUP="DEFAULT1"/><TRANSFORMFIELD NAME="CoCd2" DESCRIPTION="" DATATYPE="string" PORTTYPE="INPUT/OUTPUT" PRECISION="5" SCALE="0" PICTURETEXT="" DEFAULTVALUE="" REF_FIELD="CoCd" GROUP="DEFAULT1"/><TRANSFORMFIELD NAME="Deferral2" DESCRIPTION="" DATATYPE="string" PORTTYPE="INPUT/OUTPUT" PRECISION="11" SCALE="0" PICTURETEXT="" DEFAULTVALUE="" REF_FIELD="Deferral" GROUP="DEFAULT1"/><TRANSFORMFIELD NAME="KEY_DATE2" DESCRIPTION="" DATATYPE="string" PORTTYPE="INPUT/OUTPUT" PRECISION="10" SCALE="0" PICTURETEXT="" DEFAULTVALUE="" REF_FIELD="KEY_DATE" GROUP="DEFAULT1"/><TRANSFORMFIELD NAME="S2" DESCRIPTION="" DATATYPE="string" PORTTYPE="INPUT/OUTPUT" PRECISION="2" SCALE="0" PICTURETEXT="" DEFAULTVALUE="" REF_FIELD="S" GROUP="DEFAULT1"/><TRANSFORMFIELD NAME="AdditionalReference2" DESCRIPTION="" DATATYPE="string" PORTTYPE="INPUT/OUTPUT" PRECISION="21" SCALE="0" PICTURETEXT="" DEFAULTVALUE="" REF_FIELD="AdditionalReference" GROUP="DEFAULT1"/><TRANSFORMFIELD NAME="UnderWriter2" DESCRIPTION="" DATATYPE="string" PORTTYPE="INPUT/OUTPUT" PRECISION="9" SCALE="0" PICTURETEXT="" DEFAULTVALUE="" REF_FIELD="UnderWriter" GROUP="DEFAULT1"/><TABLEATTRIBUTE NAME="Tracing Level" VALUE="Normal"/><TABLEATTRIBUTE NAME="Filter Condition"/></TRANSFORMATION><INSTANCE NAME="TGT_FIL_DEFAULT1" TYPE="SOURCE" REUSABLE="NO" TRANSFORMATION_TYPE="Source Definition" TRANSFORMATION_NAME="TGT_FIL_DEFAULT1" DBDNAME="DB2"/><INSTANCE NAME="TGT_EXP_OPEN_ITEM_TRANS" TYPE="TARGET" REUSABLE="NO" TRANSFORMATION_TYPE="Target Definition" TRANSFORMATION_NAME="TGT_EXP_OPEN_ITEM_TRANS"/><INSTANCE NAME="FIL_DEFAULT1" TYPE="TRANSFORMATION" REUSABLE="NO" TRANSFORMATION_TYPE="Filter" TRANSFORMATION_NAME="FIL_DEFAULT1"/><INSTANCE NAME="SQ_FIL_DEFAULT1" TYPE="TRANSFORMATION" REUSABLE="NO" TRANSFORMATION_TYPE="Source Qualifier" TRANSFORMATION_NAME="SQ_FIL_DEFAULT1"><ASSOCIATED_SOURCE_INSTANCE NAME="FIL_DEFAULT1"/></INSTANCE><CONNECTOR FROMINSTANCE="TGT_FIL_DEFAULT1" FROMINSTANCETYPE="Source Definition" FROMFIELD="BPartner2" TOINSTANCE="SQ_FIL_DEFAULT1" TOINSTANCETYPE="Source Qualifier" TOFIELD="BPartner2"/><CONNECTOR FROMINSTANCE="SQ_FIL_DEFAULT1" FROMINSTANCETYPE="Source Qualifier" FROMFIELD="BPartner2" TOINSTANCE="FIL_DEFAULT1" TOINSTANCETYPE="Filter" TOFIELD="BPartner2"/><CONNECTOR FROMINSTANCE="FIL_DEFAULT1" FROMINSTANCETYPE="Filter" FROMFIELD="BPartner2" TOINSTANCE="TGT_EXP_OPEN_ITEM_TRANS" TOINSTANCETYPE="Target Definition" TOFIELD="BPartner23"/><CONNECTOR FROMINSTANCE="FIL_DEFAULT1" FROMINSTANCETYPE="Filter" FROMFIELD="BPartner2" TOINSTANCE="TGT_EXP_OPEN_ITEM_TRANS" TOINSTANCETYPE="Target Definition" TOFIELD="BPartner_IN"/><CONNECTOR FROMINSTANCE="TGT_FIL_DEFAULT1" FROMINSTANCETYPE="Source Definition" FROMFIELD="Contract2" TOINSTANCE="SQ_FIL_DEFAULT1" TOINSTANCETYPE="Source Qualifier" TOFIELD="Contract2"/><CONNECTOR FROMINSTANCE="SQ_FIL_DEFAULT1" FROMINSTANCETYPE="Source Qualifier" FROMFIELD="Contract2" TOINSTANCE="FIL_DEFAULT1" TOINSTANCETYPE="Filter" TOFIELD="Contract2"/><CONNECTOR FROMINSTANCE="FIL_DEFAULT1" FROMINSTANCETYPE="Filter" FROMFIELD="Contract2" TOINSTANCE="TGT_EXP_OPEN_ITEM_TRANS" TOINSTANCETYPE="Target Definition" TOFIELD="Contract23"/><CONNECTOR FROMINSTANCE="FIL_DEFAULT1" FROMINSTANCETYPE="Filter" FROMFIELD="Contract2" TOINSTANCE="TGT_EXP_OPEN_ITEM_TRANS" TOINSTANCETYPE="Target Definition" TOFIELD="Contract_IN"/><CONNECTOR FROMINSTANCE="TGT_FIL_DEFAULT1" FROMINSTANCETYPE="Source Definition" FROMFIELD="Contract_bPartner2" TOINSTANCE="SQ_FIL_DEFAULT1" TOINSTANCETYPE="Source Qualifier" TOFIELD="Contract_bPartner2"/><CONNECTOR FROMINSTANCE="SQ_FIL_DEFAULT1" FROMINSTANCETYPE="Source Qualifier" FROMFIELD="Contract_bPartner2" TOINSTANCE="FIL_DEFAULT1" TOINSTANCETYPE="Filter" TOFIELD="Contract_bPartner2"/><CONNECTOR FROMINSTANCE="FIL_DEFAULT1" FROMINSTANCETYPE="Filter" FROMFIELD="Contract_bPartner2" TOINSTANCE="TGT_EXP_OPEN_ITEM_TRANS" TOINSTANCETYPE="Target Definition" TOFIELD="Contract_bPartner23"/><CONNECTOR FROMINSTANCE="FIL_DEFAULT1" FROMINSTANCETYPE="Filter" FROMFIELD="Contract_bPartner2" TOINSTANCE="TGT_EXP_OPEN_ITEM_TRANS" TOINSTANCETYPE="Target Definition" TOFIELD="Contract_bPartner_in"/><CONNECTOR FROMINSTANCE="TGT_FIL_DEFAULT1" FROMINSTANCETYPE="Source Definition" FROMFIELD="DocDate2" TOINSTANCE="SQ_FIL_DEFAULT1" TOINSTANCETYPE="Source Qualifier" TOFIELD="DocDate2"/><CONNECTOR FROMINSTANCE="SQ_FIL_DEFAULT1" FROMINSTANCETYPE="Source Qualifier" FROMFIELD="DocDate2" TOINSTANCE="FIL_DEFAULT1" TOINSTANCETYPE="Filter" TOFIELD="DocDate2"/><CONNECTOR FROMINSTANCE="FIL_DEFAULT1" FROMINSTANCETYPE="Filter" FROMFIELD="DocDate2" TOINSTANCE="TGT_EXP_OPEN_ITEM_TRANS" TOINSTANCETYPE="Target Definition" TOFIELD="DocDate23"/><CONNECTOR FROMINSTANCE="FIL_DEFAULT1" FROMINSTANCETYPE="Filter" FROMFIELD="DocDate2" TOINSTANCE="TGT_EXP_OPEN_ITEM_TRANS" TOINSTANCETYPE="Target Definition" TOFIELD="DocDate_IN"/><CONNECTOR FROMINSTANCE="TGT_FIL_DEFAULT1" FROMINSTANCETYPE="Source Definition" FROMFIELD="Due2" TOINSTANCE="SQ_FIL_DEFAULT1" TOINSTANCETYPE="Source Qualifier" TOFIELD="Due2"/><CONNECTOR FROMINSTANCE="SQ_FIL_DEFAULT1" FROMINSTANCETYPE="Source Qualifier" FROMFIELD="Due2" TOINSTANCE="FIL_DEFAULT1" TOINSTANCETYPE="Filter" TOFIELD="Due2"/><CONNECTOR FROMINSTANCE="FIL_DEFAULT1" FROMINSTANCETYPE="Filter" FROMFIELD="Due2" TOINSTANCE="TGT_EXP_OPEN_ITEM_TRANS" TOINSTANCETYPE="Target Definition" TOFIELD="Due23"/><CONNECTOR FROMINSTANCE="FIL_DEFAULT1" FROMINSTANCETYPE="Filter" FROMFIELD="Due2" TOINSTANCE="TGT_EXP_OPEN_ITEM_TRANS" TOINSTANCETYPE="Target Definition" TOFIELD="Due_IN"/><CONNECTOR FROMINSTANCE="TGT_FIL_DEFAULT1" FROMINSTANCETYPE="Source Definition" FROMFIELD="MTra2" TOINSTANCE="SQ_FIL_DEFAULT1" TOINSTANCETYPE="Source Qualifier" TOFIELD="MTra2"/><CONNECTOR FROMINSTANCE="SQ_FIL_DEFAULT1" FROMINSTANCETYPE="Source Qualifier" FROMFIELD="MTra2" TOINSTANCE="FIL_DEFAULT1" TOINSTANCETYPE="Filter" TOFIELD="MTra2"/><CONNECTOR FROMINSTANCE="FIL_DEFAULT1" FROMINSTANCETYPE="Filter" FROMFIELD="MTra2" TOINSTANCE="TGT_EXP_OPEN_ITEM_TRANS" TOINSTANCETYPE="Target Definition" TOFIELD="MTra23"/><CONNECTOR FROMINSTANCE="FIL_DEFAULT1" FROMINSTANCETYPE="Filter" FROMFIELD="MTra2" TOINSTANCE="TGT_EXP_OPEN_ITEM_TRANS" TOINSTANCETYPE="Target Definition" TOFIELD="MTra_IN"/><CONNECTOR FROMINSTANCE="TGT_FIL_DEFAULT1" FROMINSTANCETYPE="Source Definition" FROMFIELD="STra2" TOINSTANCE="SQ_FIL_DEFAULT1" TOINSTANCETYPE="Source Qualifier" TOFIELD="STra2"/><CONNECTOR FROMINSTANCE="SQ_FIL_DEFAULT1" FROMINSTANCETYPE="Source Qualifier" FROMFIELD="STra2" TOINSTANCE="FIL_DEFAULT1" TOINSTANCETYPE="Filter" TOFIELD="STra2"/><CONNECTOR FROMINSTANCE="FIL_DEFAULT1" FROMINSTANCETYPE="Filter" FROMFIELD="STra2" TOINSTANCE="TGT_EXP_OPEN_ITEM_TRANS" TOINSTANCETYPE="Target Definition" TOFIELD="STra23"/><CONNECTOR FROMINSTANCE="FIL_DEFAULT1" FROMINSTANCETYPE="Filter" FROMFIELD="STra2" TOINSTANCE="TGT_EXP_OPEN_ITEM_TRANS" TOINSTANCETYPE="Target Definition" TOFIELD="STra_IN"/><CONNECTOR FROMINSTANCE="TGT_FIL_DEFAULT1" FROMINSTANCETYPE="Source Definition" FROMFIELD="DocNo2" TOINSTANCE="SQ_FIL_DEFAULT1" TOINSTANCETYPE="Source Qualifier" TOFIELD="DocNo2"/><CONNECTOR FROMINSTANCE="SQ_FIL_DEFAULT1" FROMINSTANCETYPE="Source Qualifier" FROMFIELD="DocNo2" TOINSTANCE="FIL_DEFAULT1" TOINSTANCETYPE="Filter" TOFIELD="DocNo2"/><CONNECTOR FROMINSTANCE="FIL_DEFAULT1" FROMINSTANCETYPE="Filter" FROMFIELD="DocNo2" TOINSTANCE="TGT_EXP_OPEN_ITEM_TRANS" TOINSTANCETYPE="Target Definition" TOFIELD="DocNo23"/><CONNECTOR FROMINSTANCE="FIL_DEFAULT1" FROMINSTANCETYPE="Filter" FROMFIELD="DocNo2" TOINSTANCE="TGT_EXP_OPEN_ITEM_TRANS" TOINSTANCETYPE="Target Definition" TOFIELD="DocNo_IN"/><CONNECTOR FROMINSTANCE="TGT_FIL_DEFAULT1" FROMINSTANCETYPE="Source Definition" FROMFIELD="AssignedRep2" TOINSTANCE="SQ_FIL_DEFAULT1" TOINSTANCETYPE="Source Qualifier" TOFIELD="AssignedRep2"/><CONNECTOR FROMINSTANCE="SQ_FIL_DEFAULT1" FROMINSTANCETYPE="Source Qualifier" FROMFIELD="AssignedRep2" TOINSTANCE="FIL_DEFAULT1" TOINSTANCETYPE="Filter" TOFIELD="AssignedRep2"/><CONNECTOR FROMINSTANCE="FIL_DEFAULT1" FROMINSTANCETYPE="Filter" FROMFIELD="AssignedRep2" TOINSTANCE="TGT_EXP_OPEN_ITEM_TRANS" TOINSTANCETYPE="Target Definition" TOFIELD="AssignedRep23"/><CONNECTOR FROMINSTANCE="FIL_DEFAULT1" FROMINSTANCETYPE="Filter" FROMFIELD="AssignedRep2" TOINSTANCE="TGT_EXP_OPEN_ITEM_TRANS" TOINSTANCETYPE="Target Definition" TOFIELD="AssignedRep_IN"/><CONNECTOR FROMINSTANCE="TGT_FIL_DEFAULT1" FROMINSTANCETYPE="Source Definition" FROMFIELD="CrCz2" TOINSTANCE="SQ_FIL_DEFAULT1" TOINSTANCETYPE="Source Qualifier" TOFIELD="CrCz2"/><CONNECTOR FROMINSTANCE="SQ_FIL_DEFAULT1" FROMINSTANCETYPE="Source Qualifier" FROMFIELD="CrCz2" TOINSTANCE="FIL_DEFAULT1" TOINSTANCETYPE="Filter" TOFIELD="CrCz2"/><CONNECTOR FROMINSTANCE="FIL_DEFAULT1" FROMINSTANCETYPE="Filter" FROMFIELD="CrCz2" TOINSTANCE="TGT_EXP_OPEN_ITEM_TRANS" TOINSTANCETYPE="Target Definition" TOFIELD="CrCz23"/><CONNECTOR FROMINSTANCE="FIL_DEFAULT1" FROMINSTANCETYPE="Filter" FROMFIELD="CrCz2" TOINSTANCE="TGT_EXP_OPEN_ITEM_TRANS" TOINSTANCETYPE="Target Definition" TOFIELD="CrCz_IN"/><CONNECTOR FROMINSTANCE="TGT_FIL_DEFAULT1" FROMINSTANCETYPE="Source Definition" FROMFIELD="LocCurrAmount2" TOINSTANCE="SQ_FIL_DEFAULT1" TOINSTANCETYPE="Source Qualifier" TOFIELD="LocCurrAmount2"/><CONNECTOR FROMINSTANCE="SQ_FIL_DEFAULT1" FROMINSTANCETYPE="Source Qualifier" FROMFIELD="LocCurrAmount2" TOINSTANCE="FIL_DEFAULT1" TOINSTANCETYPE="Filter" TOFIELD="LocCurrAmount2"/><CONNECTOR FROMINSTANCE="FIL_DEFAULT1" FROMINSTANCETYPE="Filter" FROMFIELD="LocCurrAmount2" TOINSTANCE="TGT_EXP_OPEN_ITEM_TRANS" TOINSTANCETYPE="Target Definition" TOFIELD="LocCurrAmount23"/><CONNECTOR FROMINSTANCE="FIL_DEFAULT1" FROMINSTANCETYPE="Filter" FROMFIELD="LocCurrAmount2" TOINSTANCE="TGT_EXP_OPEN_ITEM_TRANS" TOINSTANCETYPE="Target Definition" TOFIELD="LocCurrAmount_IN"/><CONNECTOR FROMINSTANCE="TGT_FIL_DEFAULT1" FROMINSTANCETYPE="Source Definition" FROMFIELD="LocCurAmountSign2" TOINSTANCE="SQ_FIL_DEFAULT1" TOINSTANCETYPE="Source Qualifier" TOFIELD="LocCurAmountSign2"/><CONNECTOR FROMINSTANCE="SQ_FIL_DEFAULT1" FROMINSTANCETYPE="Source Qualifier" FROMFIELD="LocCurAmountSign2" TOINSTANCE="FIL_DEFAULT1" TOINSTANCETYPE="Filter" TOFIELD="LocCurAmountSign2"/><CONNECTOR FROMINSTANCE="FIL_DEFAULT1" FROMINSTANCETYPE="Filter" FROMFIELD="LocCurAmountSign2" TOINSTANCE="TGT_EXP_OPEN_ITEM_TRANS" TOINSTANCETYPE="Target Definition" TOFIELD="LocCurAmountSign23"/><CONNECTOR FROMINSTANCE="FIL_DEFAULT1" FROMINSTANCETYPE="Filter" FROMFIELD="LocCurAmountSign2" TOINSTANCE="TGT_EXP_OPEN_ITEM_TRANS" TOINSTANCETYPE="Target Definition" TOFIELD="LocCurAmountSign_IN"/><CONNECTOR FROMINSTANCE="TGT_FIL_DEFAULT1" FROMINSTANCETYPE="Source Definition" FROMFIELD="Amount2" TOINSTANCE="SQ_FIL_DEFAULT1" TOINSTANCETYPE="Source Qualifier" TOFIELD="Amount2"/><CONNECTOR FROMINSTANCE="SQ_FIL_DEFAULT1" FROMINSTANCETYPE="Source Qualifier" FROMFIELD="Amount2" TOINSTANCE="FIL_DEFAULT1" TOINSTANCETYPE="Filter" TOFIELD="Amount2"/><CONNECTOR FROMINSTANCE="FIL_DEFAULT1" FROMINSTANCETYPE="Filter" FROMFIELD="Amount2" TOINSTANCE="TGT_EXP_OPEN_ITEM_TRANS" TOINSTANCETYPE="Target Definition" TOFIELD="Amount23"/><CONNECTOR FROMINSTANCE="FIL_DEFAULT1" FROMINSTANCETYPE="Filter" FROMFIELD="Amount2" TOINSTANCE="TGT_EXP_OPEN_ITEM_TRANS" TOINSTANCETYPE="Target Definition" TOFIELD="Amount2"/><CONNECTOR FROMINSTANCE="TGT_FIL_DEFAULT1" FROMINSTANCETYPE="Source Definition" FROMFIELD="Ammount_Sign2" TOINSTANCE="SQ_FIL_DEFAULT1" TOINSTANCETYPE="Source Qualifier" TOFIELD="Ammount_Sign2"/><CONNECTOR FROMINSTANCE="SQ_FIL_DEFAULT1" FROMINSTANCETYPE="Source Qualifier" FROMFIELD="Ammount_Sign2" TOINSTANCE="FIL_DEFAULT1" TOINSTANCETYPE="Filter" TOFIELD="Ammount_Sign2"/><CONNECTOR FROMINSTANCE="FIL_DEFAULT1" FROMINSTANCETYPE="Filter" FROMFIELD="Ammount_Sign2" TOINSTANCE="TGT_EXP_OPEN_ITEM_TRANS" TOINSTANCETYPE="Target Definition" TOFIELD="Ammount_Sign23"/><CONNECTOR FROMINSTANCE="FIL_DEFAULT1" FROMINSTANCETYPE="Filter" FROMFIELD="Ammount_Sign2" TOINSTANCE="TGT_EXP_OPEN_ITEM_TRANS" TOINSTANCETYPE="Target Definition" TOFIELD="Ammount_Sign2"/><CONNECTOR FROMINSTANCE="TGT_FIL_DEFAULT1" FROMINSTANCETYPE="Source Definition" FROMFIELD="RefBP2" TOINSTANCE="SQ_FIL_DEFAULT1" TOINSTANCETYPE="Source Qualifier" TOFIELD="RefBP2"/><CONNECTOR FROMINSTANCE="SQ_FIL_DEFAULT1" FROMINSTANCETYPE="Source Qualifier" FROMFIELD="RefBP2" TOINSTANCE="FIL_DEFAULT1" TOINSTANCETYPE="Filter" TOFIELD="RefBP2"/><CONNECTOR FROMINSTANCE="FIL_DEFAULT1" FROMINSTANCETYPE="Filter" FROMFIELD="RefBP2" TOINSTANCE="TGT_EXP_OPEN_ITEM_TRANS" TOINSTANCETYPE="Target Definition" TOFIELD="RefBP23"/><CONNECTOR FROMINSTANCE="FIL_DEFAULT1" FROMINSTANCETYPE="Filter" FROMFIELD="RefBP2" TOINSTANCE="TGT_EXP_OPEN_ITEM_TRANS" TOINSTANCETYPE="Target Definition" TOFIELD="RefBP_IN"/><CONNECTOR FROMINSTANCE="TGT_FIL_DEFAULT1" FROMINSTANCETYPE="Source Definition" FROMFIELD="PostDate2" TOINSTANCE="SQ_FIL_DEFAULT1" TOINSTANCETYPE="Source Qualifier" TOFIELD="PostDate2"/><CONNECTOR FROMINSTANCE="SQ_FIL_DEFAULT1" FROMINSTANCETYPE="Source Qualifier" FROMFIELD="PostDate2" TOINSTANCE="FIL_DEFAULT1" TOINSTANCETYPE="Filter" TOFIELD="PostDate2"/><CONNECTOR FROMINSTANCE="FIL_DEFAULT1" FROMINSTANCETYPE="Filter" FROMFIELD="PostDate2" TOINSTANCE="TGT_EXP_OPEN_ITEM_TRANS" TOINSTANCETYPE="Target Definition" TOFIELD="PostDate23"/><CONNECTOR FROMINSTANCE="FIL_DEFAULT1" FROMINSTANCETYPE="Filter" FROMFIELD="PostDate2" TOINSTANCE="TGT_EXP_OPEN_ITEM_TRANS" TOINSTANCETYPE="Target Definition" TOFIELD="PostDate_IN"/><CONNECTOR FROMINSTANCE="TGT_FIL_DEFAULT1" FROMINSTANCETYPE="Source Definition" FROMFIELD="CoCd2" TOINSTANCE="SQ_FIL_DEFAULT1" TOINSTANCETYPE="Source Qualifier" TOFIELD="CoCd2"/><CONNECTOR FROMINSTANCE="SQ_FIL_DEFAULT1" FROMINSTANCETYPE="Source Qualifier" FROMFIELD="CoCd2" TOINSTANCE="FIL_DEFAULT1" TOINSTANCETYPE="Filter" TOFIELD="CoCd2"/><CONNECTOR FROMINSTANCE="FIL_DEFAULT1" FROMINSTANCETYPE="Filter" FROMFIELD="CoCd2" TOINSTANCE="TGT_EXP_OPEN_ITEM_TRANS" TOINSTANCETYPE="Target Definition" TOFIELD="CoCd23"/><CONNECTOR FROMINSTANCE="FIL_DEFAULT1" FROMINSTANCETYPE="Filter" FROMFIELD="CoCd2" TOINSTANCE="TGT_EXP_OPEN_ITEM_TRANS" TOINSTANCETYPE="Target Definition" TOFIELD="CoCd_IN"/><CONNECTOR FROMINSTANCE="TGT_FIL_DEFAULT1" FROMINSTANCETYPE="Source Definition" FROMFIELD="Deferral2" TOINSTANCE="SQ_FIL_DEFAULT1" TOINSTANCETYPE="Source Qualifier" TOFIELD="Deferral2"/><CONNECTOR FROMINSTANCE="SQ_FIL_DEFAULT1" FROMINSTANCETYPE="Source Qualifier" FROMFIELD="Deferral2" TOINSTANCE="FIL_DEFAULT1" TOINSTANCETYPE="Filter" TOFIELD="Deferral2"/><CONNECTOR FROMINSTANCE="FIL_DEFAULT1" FROMINSTANCETYPE="Filter" FROMFIELD="Deferral2" TOINSTANCE="TGT_EXP_OPEN_ITEM_TRANS" TOINSTANCETYPE="Target Definition" TOFIELD="Deferral23"/><CONNECTOR FROMINSTANCE="FIL_DEFAULT1" FROMINSTANCETYPE="Filter" FROMFIELD="Deferral2" TOINSTANCE="TGT_EXP_OPEN_ITEM_TRANS" TOINSTANCETYPE="Target Definition" TOFIELD="Deferral_IN"/><CONNECTOR FROMINSTANCE="TGT_FIL_DEFAULT1" FROMINSTANCETYPE="Source Definition" FROMFIELD="KEY_DATE2" TOINSTANCE="SQ_FIL_DEFAULT1" TOINSTANCETYPE="Source Qualifier" TOFIELD="KEY_DATE2"/><CONNECTOR FROMINSTANCE="SQ_FIL_DEFAULT1" FROMINSTANCETYPE="Source Qualifier" FROMFIELD="KEY_DATE2" TOINSTANCE="FIL_DEFAULT1" TOINSTANCETYPE="Filter" TOFIELD="KEY_DATE2"/><CONNECTOR FROMINSTANCE="FIL_DEFAULT1" FROMINSTANCETYPE="Filter" FROMFIELD="KEY_DATE2" TOINSTANCE="TGT_EXP_OPEN_ITEM_TRANS" TOINSTANCETYPE="Target Definition" TOFIELD="KEY_DATE23"/><CONNECTOR FROMINSTANCE="FIL_DEFAULT1" FROMINSTANCETYPE="Filter" FROMFIELD="KEY_DATE2" TOINSTANCE="TGT_EXP_OPEN_ITEM_TRANS" TOINSTANCETYPE="Target Definition" TOFIELD="KEY_DATE_IN"/><CONNECTOR FROMINSTANCE="TGT_FIL_DEFAULT1" FROMINSTANCETYPE="Source Definition" FROMFIELD="S2" TOINSTANCE="SQ_FIL_DEFAULT1" TOINSTANCETYPE="Source Qualifier" TOFIELD="S2"/><CONNECTOR FROMINSTANCE="SQ_FIL_DEFAULT1" FROMINSTANCETYPE="Source Qualifier" FROMFIELD="S2" TOINSTANCE="FIL_DEFAULT1" TOINSTANCETYPE="Filter" TOFIELD="S2"/><CONNECTOR FROMINSTANCE="FIL_DEFAULT1" FROMINSTANCETYPE="Filter" FROMFIELD="S2" TOINSTANCE="TGT_EXP_OPEN_ITEM_TRANS" TOINSTANCETYPE="Target Definition" TOFIELD="S23"/><CONNECTOR FROMINSTANCE="FIL_DEFAULT1" FROMINSTANCETYPE="Filter" FROMFIELD="S2" TOINSTANCE="TGT_EXP_OPEN_ITEM_TRANS" TOINSTANCETYPE="Target Definition" TOFIELD="S_IN"/><CONNECTOR FROMINSTANCE="TGT_FIL_DEFAULT1" FROMINSTANCETYPE="Source Definition" FROMFIELD="AdditionalReference2" TOINSTANCE="SQ_FIL_DEFAULT1" TOINSTANCETYPE="Source Qualifier" TOFIELD="AdditionalReference2"/><CONNECTOR FROMINSTANCE="SQ_FIL_DEFAULT1" FROMINSTANCETYPE="Source Qualifier" FROMFIELD="AdditionalReference2" TOINSTANCE="FIL_DEFAULT1" TOINSTANCETYPE="Filter" TOFIELD="AdditionalReference2"/><CONNECTOR FROMINSTANCE="TGT_FIL_DEFAULT1" FROMINSTANCETYPE="Source Definition" FROMFIELD="UnderWriter2" TOINSTANCE="SQ_FIL_DEFAULT1" TOINSTANCETYPE="Source Qualifier" TOFIELD="UnderWriter2"/><CONNECTOR FROMINSTANCE="SQ_FIL_DEFAULT1" FROMINSTANCETYPE="Source Qualifier" FROMFIELD="UnderWriter2" TOINSTANCE="FIL_DEFAULT1" TOINSTANCETYPE="Filter" TOFIELD="UnderWriter2"/><CONNECTOR FROMINSTANCE="FIL_DEFAULT1" FROMINSTANCETYPE="Filter" FROMFIELD="UnderWriter2" TOINSTANCE="TGT_EXP_OPEN_ITEM_TRANS" TOINSTANCETYPE="Target Definition" TOFIELD="UnderWriter23"/><CONNECTOR FROMINSTANCE="FIL_DEFAULT1" FROMINSTANCETYPE="Filter" FROMFIELD="UnderWriter2" TOINSTANCE="TGT_EXP_OPEN_ITEM_TRANS" TOINSTANCETYPE="Target Definition" TOFIELD="UnderWriter2"/><TARGETLOADORDER TARGETINSTANCE="TGT_EXP_OPEN_ITEM_TRANS" ORDER="1"/></MAPPING></FOLDER></REPOSITORY></POWERMART>