<?xml version="1.0" encoding="ISO-8859-1" standalone="yes"?><!DOCTYPE POWERMART SYSTEM "powrmart.dtd">
<POWERMART CREATION_DATE="30-11-2016" REPOSITORY_VERSION="1"><REPOSITORY NAME="NEWREP" DATABASETYPE="DB2" CODEPAGE="Latin1" VERSION="1"><FOLDER NAME="FIL_COCD_S_GL_folder" DESCRIPTION="" SHARED="NOTSHARED" OWNER="EVERIS" GROUP="" PERMISSIONS="rwx---r--" UUID=""><SOURCE NAME="TGT_FIL_COCD_S_GL" DBDNAME="DB2" BUSINESSNAME="" DESCRIPTION="" OBJECTVERSION="1" OWNERNAME="OWNERNAME" DATABASETYPE="DB2" VERSIONNUMBER="1"><SOURCEFIELD NAME="BPartner" BUSINESSNAME="" DESCRIPTION="" DATATYPE="varchar" KEYTYPE="NOT A KEY" PRECISION="11" SCALE="0" NULLABLE="NULL" USAGE_FLAGS="" LEVEL="0" FIELDTYPE="ELEMITEM" PICTURETEXT="" OCCURS="0" LENGTH="11" PHYSICALOFFSET="0" PHYSICALLENGTH="11" FIELDNUMBER="1" FIELDPROPERTY="0" HIDDEN="NO"/><SOURCEFIELD NAME="Contract" BUSINESSNAME="" DESCRIPTION="" DATATYPE="varchar" KEYTYPE="NOT A KEY" PRECISION="21" SCALE="0" NULLABLE="NULL" USAGE_FLAGS="" LEVEL="0" FIELDTYPE="ELEMITEM" PICTURETEXT="" OCCURS="0" LENGTH="21" PHYSICALOFFSET="11" PHYSICALLENGTH="21" FIELDNUMBER="2" FIELDPROPERTY="0" HIDDEN="NO"/><SOURCEFIELD NAME="Contract_bPartner" BUSINESSNAME="" DESCRIPTION="" DATATYPE="varchar" KEYTYPE="NOT A KEY" PRECISION="21" SCALE="0" NULLABLE="NULL" USAGE_FLAGS="" LEVEL="0" FIELDTYPE="ELEMITEM" PICTURETEXT="" OCCURS="0" LENGTH="21" PHYSICALOFFSET="32" PHYSICALLENGTH="21" FIELDNUMBER="3" FIELDPROPERTY="0" HIDDEN="NO"/><SOURCEFIELD NAME="DocDate" BUSINESSNAME="" DESCRIPTION="" DATATYPE="varchar" KEYTYPE="NOT A KEY" PRECISION="11" SCALE="0" NULLABLE="NULL" USAGE_FLAGS="" LEVEL="0" FIELDTYPE="ELEMITEM" PICTURETEXT="" OCCURS="0" LENGTH="11" PHYSICALOFFSET="53" PHYSICALLENGTH="11" FIELDNUMBER="4" FIELDPROPERTY="0" HIDDEN="NO"/><SOURCEFIELD NAME="Due" BUSINESSNAME="" DESCRIPTION="" DATATYPE="varchar" KEYTYPE="NOT A KEY" PRECISION="11" SCALE="0" NULLABLE="NULL" USAGE_FLAGS="" LEVEL="0" FIELDTYPE="ELEMITEM" PICTURETEXT="" OCCURS="0" LENGTH="11" PHYSICALOFFSET="64" PHYSICALLENGTH="11" FIELDNUMBER="5" FIELDPROPERTY="0" HIDDEN="NO"/><SOURCEFIELD NAME="MTra" BUSINESSNAME="" DESCRIPTION="" DATATYPE="varchar" KEYTYPE="NOT A KEY" PRECISION="5" SCALE="0" NULLABLE="NULL" USAGE_FLAGS="" LEVEL="0" FIELDTYPE="ELEMITEM" PICTURETEXT="" OCCURS="0" LENGTH="5" PHYSICALOFFSET="75" PHYSICALLENGTH="5" FIELDNUMBER="6" FIELDPROPERTY="0" HIDDEN="NO"/><SOURCEFIELD NAME="STra" BUSINESSNAME="" DESCRIPTION="" DATATYPE="varchar" KEYTYPE="NOT A KEY" PRECISION="5" SCALE="0" NULLABLE="NULL" USAGE_FLAGS="" LEVEL="0" FIELDTYPE="ELEMITEM" PICTURETEXT="" OCCURS="0" LENGTH="5" PHYSICALOFFSET="80" PHYSICALLENGTH="5" FIELDNUMBER="7" FIELDPROPERTY="0" HIDDEN="NO"/><SOURCEFIELD NAME="DocNo" BUSINESSNAME="" DESCRIPTION="" DATATYPE="varchar" KEYTYPE="NOT A KEY" PRECISION="13" SCALE="0" NULLABLE="NULL" USAGE_FLAGS="" LEVEL="0" FIELDTYPE="ELEMITEM" PICTURETEXT="" OCCURS="0" LENGTH="13" PHYSICALOFFSET="85" PHYSICALLENGTH="13" FIELDNUMBER="8" FIELDPROPERTY="0" HIDDEN="NO"/><SOURCEFIELD NAME="AssignedRep" BUSINESSNAME="" DESCRIPTION="" DATATYPE="varchar" KEYTYPE="NOT A KEY" PRECISION="13" SCALE="0" NULLABLE="NULL" USAGE_FLAGS="" LEVEL="0" FIELDTYPE="ELEMITEM" PICTURETEXT="" OCCURS="0" LENGTH="13" PHYSICALOFFSET="98" PHYSICALLENGTH="13" FIELDNUMBER="9" FIELDPROPERTY="0" HIDDEN="NO"/><SOURCEFIELD NAME="CrCz" BUSINESSNAME="" DESCRIPTION="" DATATYPE="varchar" KEYTYPE="NOT A KEY" PRECISION="6" SCALE="0" NULLABLE="NULL" USAGE_FLAGS="" LEVEL="0" FIELDTYPE="ELEMITEM" PICTURETEXT="" OCCURS="0" LENGTH="6" PHYSICALOFFSET="111" PHYSICALLENGTH="6" FIELDNUMBER="10" FIELDPROPERTY="0" HIDDEN="NO"/><SOURCEFIELD NAME="LocCurrAmount" BUSINESSNAME="" DESCRIPTION="" DATATYPE="varchar" KEYTYPE="NOT A KEY" PRECISION="17" SCALE="0" NULLABLE="NULL" USAGE_FLAGS="" LEVEL="0" FIELDTYPE="ELEMITEM" PICTURETEXT="" OCCURS="0" LENGTH="17" PHYSICALOFFSET="117" PHYSICALLENGTH="17" FIELDNUMBER="11" FIELDPROPERTY="0" HIDDEN="NO"/><SOURCEFIELD NAME="LocCurAmountSign" BUSINESSNAME="" DESCRIPTION="" DATATYPE="varchar" KEYTYPE="NOT A KEY" PRECISION="1" SCALE="0" NULLABLE="NULL" USAGE_FLAGS="" LEVEL="0" FIELDTYPE="ELEMITEM" PICTURETEXT="" OCCURS="0" LENGTH="1" PHYSICALOFFSET="134" PHYSICALLENGTH="1" FIELDNUMBER="12" FIELDPROPERTY="0" HIDDEN="NO"/><SOURCEFIELD NAME="Amount" BUSINESSNAME="" DESCRIPTION="" DATATYPE="varchar" KEYTYPE="NOT A KEY" PRECISION="17" SCALE="0" NULLABLE="NULL" USAGE_FLAGS="" LEVEL="0" FIELDTYPE="ELEMITEM" PICTURETEXT="" OCCURS="0" LENGTH="17" PHYSICALOFFSET="135" PHYSICALLENGTH="17" FIELDNUMBER="13" FIELDPROPERTY="0" HIDDEN="NO"/><SOURCEFIELD NAME="Ammount_Sign" BUSINESSNAME="" DESCRIPTION="" DATATYPE="varchar" KEYTYPE="NOT A KEY" PRECISION="2" SCALE="0" NULLABLE="NULL" USAGE_FLAGS="" LEVEL="0" FIELDTYPE="ELEMITEM" PICTURETEXT="" OCCURS="0" LENGTH="2" PHYSICALOFFSET="152" PHYSICALLENGTH="2" FIELDNUMBER="14" FIELDPROPERTY="0" HIDDEN="NO"/><SOURCEFIELD NAME="RefBP" BUSINESSNAME="" DESCRIPTION="" DATATYPE="varchar" KEYTYPE="NOT A KEY" PRECISION="11" SCALE="0" NULLABLE="NULL" USAGE_FLAGS="" LEVEL="0" FIELDTYPE="ELEMITEM" PICTURETEXT="" OCCURS="0" LENGTH="11" PHYSICALOFFSET="154" PHYSICALLENGTH="11" FIELDNUMBER="15" FIELDPROPERTY="0" HIDDEN="NO"/><SOURCEFIELD NAME="PostDate" BUSINESSNAME="" DESCRIPTION="" DATATYPE="varchar" KEYTYPE="NOT A KEY" PRECISION="11" SCALE="0" NULLABLE="NULL" USAGE_FLAGS="" LEVEL="0" FIELDTYPE="ELEMITEM" PICTURETEXT="" OCCURS="0" LENGTH="11" PHYSICALOFFSET="165" PHYSICALLENGTH="11" FIELDNUMBER="16" FIELDPROPERTY="0" HIDDEN="NO"/><SOURCEFIELD NAME="CoCd" BUSINESSNAME="" DESCRIPTION="" DATATYPE="varchar" KEYTYPE="NOT A KEY" PRECISION="5" SCALE="0" NULLABLE="NULL" USAGE_FLAGS="" LEVEL="0" FIELDTYPE="ELEMITEM" PICTURETEXT="" OCCURS="0" LENGTH="5" PHYSICALOFFSET="176" PHYSICALLENGTH="5" FIELDNUMBER="17" FIELDPROPERTY="0" HIDDEN="NO"/><SOURCEFIELD NAME="Deferral" BUSINESSNAME="" DESCRIPTION="" DATATYPE="varchar" KEYTYPE="NOT A KEY" PRECISION="11" SCALE="0" NULLABLE="NULL" USAGE_FLAGS="" LEVEL="0" FIELDTYPE="ELEMITEM" PICTURETEXT="" OCCURS="0" LENGTH="11" PHYSICALOFFSET="181" PHYSICALLENGTH="11" FIELDNUMBER="18" FIELDPROPERTY="0" HIDDEN="NO"/><SOURCEFIELD NAME="KEY_DATE" BUSINESSNAME="" DESCRIPTION="" DATATYPE="varchar" KEYTYPE="NOT A KEY" PRECISION="10" SCALE="0" NULLABLE="NULL" USAGE_FLAGS="" LEVEL="0" FIELDTYPE="ELEMITEM" PICTURETEXT="" OCCURS="0" LENGTH="10" PHYSICALOFFSET="192" PHYSICALLENGTH="10" FIELDNUMBER="19" FIELDPROPERTY="0" HIDDEN="NO"/><SOURCEFIELD NAME="S" BUSINESSNAME="" DESCRIPTION="" DATATYPE="varchar" KEYTYPE="NOT A KEY" PRECISION="2" SCALE="0" NULLABLE="NULL" USAGE_FLAGS="" LEVEL="0" FIELDTYPE="ELEMITEM" PICTURETEXT="" OCCURS="0" LENGTH="2" PHYSICALOFFSET="202" PHYSICALLENGTH="2" FIELDNUMBER="20" FIELDPROPERTY="0" HIDDEN="NO"/><SOURCEFIELD NAME="GL_ACCOUNT" BUSINESSNAME="" DESCRIPTION="" DATATYPE="varchar" KEYTYPE="NOT A KEY" PRECISION="11" SCALE="0" NULLABLE="NULL" USAGE_FLAGS="" LEVEL="0" FIELDTYPE="ELEMITEM" PICTURETEXT="" OCCURS="0" LENGTH="11" PHYSICALOFFSET="204" PHYSICALLENGTH="11" FIELDNUMBER="21" FIELDPROPERTY="0" HIDDEN="NO"/><SOURCEFIELD NAME="AdditionalReference" BUSINESSNAME="" DESCRIPTION="" DATATYPE="varchar" KEYTYPE="NOT A KEY" PRECISION="21" SCALE="0" NULLABLE="NULL" USAGE_FLAGS="" LEVEL="0" FIELDTYPE="ELEMITEM" PICTURETEXT="" OCCURS="0" LENGTH="21" PHYSICALOFFSET="215" PHYSICALLENGTH="21" FIELDNUMBER="22" FIELDPROPERTY="0" HIDDEN="NO"/><SOURCEFIELD NAME="UnderWriter" BUSINESSNAME="" DESCRIPTION="" DATATYPE="varchar" KEYTYPE="NOT A KEY" PRECISION="9" SCALE="0" NULLABLE="NULL" USAGE_FLAGS="" LEVEL="0" FIELDTYPE="ELEMITEM" PICTURETEXT="" OCCURS="0" LENGTH="9" PHYSICALOFFSET="236" PHYSICALLENGTH="9" FIELDNUMBER="23" FIELDPROPERTY="0" HIDDEN="NO"/></SOURCE><TARGET NAME="TGT_FIL_DEFAULT1" OBJECTVERSION="1" DATABASETYPE="DB2" VERSIONNUMBER="1"><TARGETFIELD NAME="BPartner2" DATATYPE="varchar" KEYTYPE="NOT A KEY" PRECISION="11" SCALE="0" FIELDNUMBER="1" NULLABLE="NULL"/><TARGETFIELD NAME="Contract2" DATATYPE="varchar" KEYTYPE="NOT A KEY" PRECISION="21" SCALE="0" FIELDNUMBER="2" NULLABLE="NULL"/><TARGETFIELD NAME="Contract_bPartner2" DATATYPE="varchar" KEYTYPE="NOT A KEY" PRECISION="21" SCALE="0" FIELDNUMBER="3" NULLABLE="NULL"/><TARGETFIELD NAME="DocDate2" DATATYPE="varchar" KEYTYPE="NOT A KEY" PRECISION="11" SCALE="0" FIELDNUMBER="4" NULLABLE="NULL"/><TARGETFIELD NAME="Due2" DATATYPE="varchar" KEYTYPE="NOT A KEY" PRECISION="11" SCALE="0" FIELDNUMBER="5" NULLABLE="NULL"/><TARGETFIELD NAME="MTra2" DATATYPE="varchar" KEYTYPE="NOT A KEY" PRECISION="5" SCALE="0" FIELDNUMBER="6" NULLABLE="NULL"/><TARGETFIELD NAME="STra2" DATATYPE="varchar" KEYTYPE="NOT A KEY" PRECISION="5" SCALE="0" FIELDNUMBER="7" NULLABLE="NULL"/><TARGETFIELD NAME="DocNo2" DATATYPE="varchar" KEYTYPE="NOT A KEY" PRECISION="13" SCALE="0" FIELDNUMBER="8" NULLABLE="NULL"/><TARGETFIELD NAME="AssignedRep2" DATATYPE="varchar" KEYTYPE="NOT A KEY" PRECISION="13" SCALE="0" FIELDNUMBER="9" NULLABLE="NULL"/><TARGETFIELD NAME="CrCz2" DATATYPE="varchar" KEYTYPE="NOT A KEY" PRECISION="6" SCALE="0" FIELDNUMBER="10" NULLABLE="NULL"/><TARGETFIELD NAME="LocCurrAmount2" DATATYPE="varchar" KEYTYPE="NOT A KEY" PRECISION="17" SCALE="0" FIELDNUMBER="11" NULLABLE="NULL"/><TARGETFIELD NAME="LocCurAmountSign2" DATATYPE="varchar" KEYTYPE="NOT A KEY" PRECISION="1" SCALE="0" FIELDNUMBER="12" NULLABLE="NULL"/><TARGETFIELD NAME="Amount2" DATATYPE="varchar" KEYTYPE="NOT A KEY" PRECISION="17" SCALE="0" FIELDNUMBER="13" NULLABLE="NULL"/><TARGETFIELD NAME="Ammount_Sign2" DATATYPE="varchar" KEYTYPE="NOT A KEY" PRECISION="2" SCALE="0" FIELDNUMBER="14" NULLABLE="NULL"/><TARGETFIELD NAME="RefBP2" DATATYPE="varchar" KEYTYPE="NOT A KEY" PRECISION="11" SCALE="0" FIELDNUMBER="15" NULLABLE="NULL"/><TARGETFIELD NAME="PostDate2" DATATYPE="varchar" KEYTYPE="NOT A KEY" PRECISION="11" SCALE="0" FIELDNUMBER="16" NULLABLE="NULL"/><TARGETFIELD NAME="CoCd2" DATATYPE="varchar" KEYTYPE="NOT A KEY" PRECISION="5" SCALE="0" FIELDNUMBER="17" NULLABLE="NULL"/><TARGETFIELD NAME="Deferral2" DATATYPE="varchar" KEYTYPE="NOT A KEY" PRECISION="11" SCALE="0" FIELDNUMBER="18" NULLABLE="NULL"/><TARGETFIELD NAME="KEY_DATE2" DATATYPE="varchar" KEYTYPE="NOT A KEY" PRECISION="10" SCALE="0" FIELDNUMBER="19" NULLABLE="NULL"/><TARGETFIELD NAME="S2" DATATYPE="varchar" KEYTYPE="NOT A KEY" PRECISION="2" SCALE="0" FIELDNUMBER="20" NULLABLE="NULL"/><TARGETFIELD NAME="AdditionalReference2" DATATYPE="varchar" KEYTYPE="NOT A KEY" PRECISION="21" SCALE="0" FIELDNUMBER="21" NULLABLE="NULL"/><TARGETFIELD NAME="UnderWriter2" DATATYPE="varchar" KEYTYPE="NOT A KEY" PRECISION="9" SCALE="0" FIELDNUMBER="22" NULLABLE="NULL"/></TARGET><MAPPING NAME="m_FIL_COCD_S_GL" DESCRIPTION="" OBJECTVERSION="1" ISVALID="YES" VERSIONNUMBER="1"><TRANSFORMATION NAME="SQ_FIL_COCD_S_GL" TYPE="Source Qualifier" OBJECTVERSION="1" REUSABLE="NO" VERSIONNUMBER="1"><TRANSFORMFIELD NAME="BPartner" DESCRIPTION="" DATATYPE="string" PORTTYPE="INPUT/OUTPUT" PRECISION="11" SCALE="0" PICTURETEXT="" DEFAULTVALUE=""/><TRANSFORMFIELD NAME="Contract" DESCRIPTION="" DATATYPE="string" PORTTYPE="INPUT/OUTPUT" PRECISION="21" SCALE="0" PICTURETEXT="" DEFAULTVALUE=""/><TRANSFORMFIELD NAME="Contract_bPartner" DESCRIPTION="" DATATYPE="string" PORTTYPE="INPUT/OUTPUT" PRECISION="21" SCALE="0" PICTURETEXT="" DEFAULTVALUE=""/><TRANSFORMFIELD NAME="DocDate" DESCRIPTION="" DATATYPE="string" PORTTYPE="INPUT/OUTPUT" PRECISION="11" SCALE="0" PICTURETEXT="" DEFAULTVALUE=""/><TRANSFORMFIELD NAME="Due" DESCRIPTION="" DATATYPE="string" PORTTYPE="INPUT/OUTPUT" PRECISION="11" SCALE="0" PICTURETEXT="" DEFAULTVALUE=""/><TRANSFORMFIELD NAME="MTra" DESCRIPTION="" DATATYPE="string" PORTTYPE="INPUT/OUTPUT" PRECISION="5" SCALE="0" PICTURETEXT="" DEFAULTVALUE=""/><TRANSFORMFIELD NAME="STra" DESCRIPTION="" DATATYPE="string" PORTTYPE="INPUT/OUTPUT" PRECISION="5" SCALE="0" PICTURETEXT="" DEFAULTVALUE=""/><TRANSFORMFIELD NAME="DocNo" DESCRIPTION="" DATATYPE="string" PORTTYPE="INPUT/OUTPUT" PRECISION="13" SCALE="0" PICTURETEXT="" DEFAULTVALUE=""/><TRANSFORMFIELD NAME="AssignedRep" DESCRIPTION="" DATATYPE="string" PORTTYPE="INPUT/OUTPUT" PRECISION="13" SCALE="0" PICTURETEXT="" DEFAULTVALUE=""/><TRANSFORMFIELD NAME="CrCz" DESCRIPTION="" DATATYPE="string" PORTTYPE="INPUT/OUTPUT" PRECISION="6" SCALE="0" PICTURETEXT="" DEFAULTVALUE=""/><TRANSFORMFIELD NAME="LocCurrAmount" DESCRIPTION="" DATATYPE="string" PORTTYPE="INPUT/OUTPUT" PRECISION="17" SCALE="0" PICTURETEXT="" DEFAULTVALUE=""/><TRANSFORMFIELD NAME="LocCurAmountSign" DESCRIPTION="" DATATYPE="string" PORTTYPE="INPUT/OUTPUT" PRECISION="1" SCALE="0" PICTURETEXT="" DEFAULTVALUE=""/><TRANSFORMFIELD NAME="Amount" DESCRIPTION="" DATATYPE="string" PORTTYPE="INPUT/OUTPUT" PRECISION="17" SCALE="0" PICTURETEXT="" DEFAULTVALUE=""/><TRANSFORMFIELD NAME="Ammount_Sign" DESCRIPTION="" DATATYPE="string" PORTTYPE="INPUT/OUTPUT" PRECISION="2" SCALE="0" PICTURETEXT="" DEFAULTVALUE=""/><TRANSFORMFIELD NAME="RefBP" DESCRIPTION="" DATATYPE="string" PORTTYPE="INPUT/OUTPUT" PRECISION="11" SCALE="0" PICTURETEXT="" DEFAULTVALUE=""/><TRANSFORMFIELD NAME="PostDate" DESCRIPTION="" DATATYPE="string" PORTTYPE="INPUT/OUTPUT" PRECISION="11" SCALE="0" PICTURETEXT="" DEFAULTVALUE=""/><TRANSFORMFIELD NAME="CoCd" DESCRIPTION="" DATATYPE="string" PORTTYPE="INPUT/OUTPUT" PRECISION="5" SCALE="0" PICTURETEXT="" DEFAULTVALUE=""/><TRANSFORMFIELD NAME="Deferral" DESCRIPTION="" DATATYPE="string" PORTTYPE="INPUT/OUTPUT" PRECISION="11" SCALE="0" PICTURETEXT="" DEFAULTVALUE=""/><TRANSFORMFIELD NAME="KEY_DATE" DESCRIPTION="" DATATYPE="string" PORTTYPE="INPUT/OUTPUT" PRECISION="10" SCALE="0" PICTURETEXT="" DEFAULTVALUE=""/><TRANSFORMFIELD NAME="S" DESCRIPTION="" DATATYPE="string" PORTTYPE="INPUT/OUTPUT" PRECISION="2" SCALE="0" PICTURETEXT="" DEFAULTVALUE=""/><TRANSFORMFIELD NAME="GL_ACCOUNT" DESCRIPTION="" DATATYPE="string" PORTTYPE="INPUT/OUTPUT" PRECISION="11" SCALE="0" PICTURETEXT="" DEFAULTVALUE=""/><TRANSFORMFIELD NAME="AdditionalReference" DESCRIPTION="" DATATYPE="string" PORTTYPE="INPUT/OUTPUT" PRECISION="21" SCALE="0" PICTURETEXT="" DEFAULTVALUE=""/><TRANSFORMFIELD NAME="UnderWriter" DESCRIPTION="" DATATYPE="string" PORTTYPE="INPUT/OUTPUT" PRECISION="9" SCALE="0" PICTURETEXT="" DEFAULTVALUE=""/><TABLEATTRIBUTE NAME="SQL Query" VALUE=""/><TABLEATTRIBUTE NAME="User Defined Join" VALUE=""/><TABLEATTRIBUTE NAME="Source Filter" VALUE=""/><TABLEATTRIBUTE NAME="Number Of Sorted Ports" VALUE="0"/><TABLEATTRIBUTE NAME="Tracing Level" VALUE="Normal"/><TABLEATTRIBUTE NAME="Select Distinct" VALUE="NO"/><TABLEATTRIBUTE NAME="Is Partitionable" VALUE="NO"/><TABLEATTRIBUTE NAME="Pre SQL" VALUE=""/><TABLEATTRIBUTE NAME="Post SQL" VALUE=""/><TABLEATTRIBUTE NAME="Output is deterministic" VALUE="NO"/><TABLEATTRIBUTE NAME="Output is repeatable" VALUE="NEVER"/></TRANSFORMATION><TRANSFORMATION NAME="FIL_COCD_S_GL" DESCRIPTION="" TYPE="Filter" OBJECTVERSION="1" REUSABLE="NO" VERSIONNUMBER="1"><TRANSFORMFIELD NAME="BPartner" DESCRIPTION="" DATATYPE="string" PORTTYPE="INPUT/OUTPUT" PRECISION="11" SCALE="0" PICTURETEXT="" DEFAULTVALUE=""/><TRANSFORMFIELD NAME="Contract" DESCRIPTION="" DATATYPE="string" PORTTYPE="INPUT/OUTPUT" PRECISION="21" SCALE="0" PICTURETEXT="" DEFAULTVALUE=""/><TRANSFORMFIELD NAME="Contract_bPartner" DESCRIPTION="" DATATYPE="string" PORTTYPE="INPUT/OUTPUT" PRECISION="21" SCALE="0" PICTURETEXT="" DEFAULTVALUE=""/><TRANSFORMFIELD NAME="DocDate" DESCRIPTION="" DATATYPE="string" PORTTYPE="INPUT/OUTPUT" PRECISION="11" SCALE="0" PICTURETEXT="" DEFAULTVALUE=""/><TRANSFORMFIELD NAME="Due" DESCRIPTION="" DATATYPE="string" PORTTYPE="INPUT/OUTPUT" PRECISION="11" SCALE="0" PICTURETEXT="" DEFAULTVALUE=""/><TRANSFORMFIELD NAME="MTra" DESCRIPTION="" DATATYPE="string" PORTTYPE="INPUT/OUTPUT" PRECISION="5" SCALE="0" PICTURETEXT="" DEFAULTVALUE=""/><TRANSFORMFIELD NAME="STra" DESCRIPTION="" DATATYPE="string" PORTTYPE="INPUT/OUTPUT" PRECISION="5" SCALE="0" PICTURETEXT="" DEFAULTVALUE=""/><TRANSFORMFIELD NAME="DocNo" DESCRIPTION="" DATATYPE="string" PORTTYPE="INPUT/OUTPUT" PRECISION="13" SCALE="0" PICTURETEXT="" DEFAULTVALUE=""/><TRANSFORMFIELD NAME="AssignedRep" DESCRIPTION="" DATATYPE="string" PORTTYPE="INPUT/OUTPUT" PRECISION="13" SCALE="0" PICTURETEXT="" DEFAULTVALUE=""/><TRANSFORMFIELD NAME="CrCz" DESCRIPTION="" DATATYPE="string" PORTTYPE="INPUT/OUTPUT" PRECISION="6" SCALE="0" PICTURETEXT="" DEFAULTVALUE=""/><TRANSFORMFIELD NAME="LocCurrAmount" DESCRIPTION="" DATATYPE="string" PORTTYPE="INPUT/OUTPUT" PRECISION="17" SCALE="0" PICTURETEXT="" DEFAULTVALUE=""/><TRANSFORMFIELD NAME="LocCurAmountSign" DESCRIPTION="" DATATYPE="string" PORTTYPE="INPUT/OUTPUT" PRECISION="1" SCALE="0" PICTURETEXT="" DEFAULTVALUE=""/><TRANSFORMFIELD NAME="Amount" DESCRIPTION="" DATATYPE="string" PORTTYPE="INPUT/OUTPUT" PRECISION="17" SCALE="0" PICTURETEXT="" DEFAULTVALUE=""/><TRANSFORMFIELD NAME="Ammount_Sign" DESCRIPTION="" DATATYPE="string" PORTTYPE="INPUT/OUTPUT" PRECISION="2" SCALE="0" PICTURETEXT="" DEFAULTVALUE=""/><TRANSFORMFIELD NAME="RefBP" DESCRIPTION="" DATATYPE="string" PORTTYPE="INPUT/OUTPUT" PRECISION="11" SCALE="0" PICTURETEXT="" DEFAULTVALUE=""/><TRANSFORMFIELD NAME="PostDate" DESCRIPTION="" DATATYPE="string" PORTTYPE="INPUT/OUTPUT" PRECISION="11" SCALE="0" PICTURETEXT="" DEFAULTVALUE=""/><TRANSFORMFIELD NAME="CoCd" DESCRIPTION="" DATATYPE="string" PORTTYPE="INPUT/OUTPUT" PRECISION="5" SCALE="0" PICTURETEXT="" DEFAULTVALUE=""/><TRANSFORMFIELD NAME="Deferral" DESCRIPTION="" DATATYPE="string" PORTTYPE="INPUT/OUTPUT" PRECISION="11" SCALE="0" PICTURETEXT="" DEFAULTVALUE=""/><TRANSFORMFIELD NAME="KEY_DATE" DESCRIPTION="" DATATYPE="string" PORTTYPE="INPUT/OUTPUT" PRECISION="10" SCALE="0" PICTURETEXT="" DEFAULTVALUE=""/><TRANSFORMFIELD NAME="S" DESCRIPTION="" DATATYPE="string" PORTTYPE="INPUT/OUTPUT" PRECISION="2" SCALE="0" PICTURETEXT="" DEFAULTVALUE=""/><TRANSFORMFIELD NAME="GL_ACCOUNT" DESCRIPTION="" DATATYPE="string" PORTTYPE="INPUT/OUTPUT" PRECISION="11" SCALE="0" PICTURETEXT="" DEFAULTVALUE=""/><TRANSFORMFIELD NAME="AdditionalReference" DESCRIPTION="" DATATYPE="string" PORTTYPE="INPUT/OUTPUT" PRECISION="21" SCALE="0" PICTURETEXT="" DEFAULTVALUE=""/><TRANSFORMFIELD NAME="UnderWriter" DESCRIPTION="" DATATYPE="string" PORTTYPE="INPUT/OUTPUT" PRECISION="9" SCALE="0" PICTURETEXT="" DEFAULTVALUE=""/><TABLEATTRIBUTE NAME="Filter Condition" VALUE="LTRIM(RTRIM(CoCd))='Z01' AND RTRIM(LTRIM(S)) != 'H' AND LTRIM(RTRIM(GL_ACCOUNT)) = '140136'"/><TABLEATTRIBUTE NAME="Tracing Level" VALUE="Normal"/></TRANSFORMATION><INSTANCE NAME="TGT_FIL_COCD_S_GL" TYPE="SOURCE" REUSABLE="NO" TRANSFORMATION_TYPE="Source Definition" TRANSFORMATION_NAME="TGT_FIL_COCD_S_GL" DBDNAME="DB2"/><INSTANCE NAME="TGT_FIL_DEFAULT1" TYPE="TARGET" REUSABLE="NO" TRANSFORMATION_TYPE="Target Definition" TRANSFORMATION_NAME="TGT_FIL_DEFAULT1"/><INSTANCE NAME="FIL_COCD_S_GL" TYPE="TRANSFORMATION" REUSABLE="NO" TRANSFORMATION_TYPE="Filter" TRANSFORMATION_NAME="FIL_COCD_S_GL"/><INSTANCE NAME="SQ_FIL_COCD_S_GL" TYPE="TRANSFORMATION" REUSABLE="NO" TRANSFORMATION_TYPE="Source Qualifier" TRANSFORMATION_NAME="SQ_FIL_COCD_S_GL"><ASSOCIATED_SOURCE_INSTANCE NAME="FIL_COCD_S_GL"/></INSTANCE><CONNECTOR FROMINSTANCE="TGT_FIL_COCD_S_GL" FROMINSTANCETYPE="Source Definition" FROMFIELD="BPartner" TOINSTANCE="SQ_FIL_COCD_S_GL" TOINSTANCETYPE="Source Qualifier" TOFIELD="BPartner"/><CONNECTOR FROMINSTANCE="SQ_FIL_COCD_S_GL" FROMINSTANCETYPE="Source Qualifier" FROMFIELD="BPartner" TOINSTANCE="FIL_COCD_S_GL" TOINSTANCETYPE="Filter" TOFIELD="BPartner"/><CONNECTOR FROMINSTANCE="FIL_COCD_S_GL" FROMINSTANCETYPE="Filter" FROMFIELD="BPartner" TOINSTANCE="TGT_FIL_DEFAULT1" TOINSTANCETYPE="Target Definition" TOFIELD="BPartner2"/><CONNECTOR FROMINSTANCE="TGT_FIL_COCD_S_GL" FROMINSTANCETYPE="Source Definition" FROMFIELD="Contract" TOINSTANCE="SQ_FIL_COCD_S_GL" TOINSTANCETYPE="Source Qualifier" TOFIELD="Contract"/><CONNECTOR FROMINSTANCE="SQ_FIL_COCD_S_GL" FROMINSTANCETYPE="Source Qualifier" FROMFIELD="Contract" TOINSTANCE="FIL_COCD_S_GL" TOINSTANCETYPE="Filter" TOFIELD="Contract"/><CONNECTOR FROMINSTANCE="FIL_COCD_S_GL" FROMINSTANCETYPE="Filter" FROMFIELD="Contract" TOINSTANCE="TGT_FIL_DEFAULT1" TOINSTANCETYPE="Target Definition" TOFIELD="Contract2"/><CONNECTOR FROMINSTANCE="TGT_FIL_COCD_S_GL" FROMINSTANCETYPE="Source Definition" FROMFIELD="Contract_bPartner" TOINSTANCE="SQ_FIL_COCD_S_GL" TOINSTANCETYPE="Source Qualifier" TOFIELD="Contract_bPartner"/><CONNECTOR FROMINSTANCE="SQ_FIL_COCD_S_GL" FROMINSTANCETYPE="Source Qualifier" FROMFIELD="Contract_bPartner" TOINSTANCE="FIL_COCD_S_GL" TOINSTANCETYPE="Filter" TOFIELD="Contract_bPartner"/><CONNECTOR FROMINSTANCE="FIL_COCD_S_GL" FROMINSTANCETYPE="Filter" FROMFIELD="Contract_bPartner" TOINSTANCE="TGT_FIL_DEFAULT1" TOINSTANCETYPE="Target Definition" TOFIELD="Contract_bPartner2"/><CONNECTOR FROMINSTANCE="TGT_FIL_COCD_S_GL" FROMINSTANCETYPE="Source Definition" FROMFIELD="DocDate" TOINSTANCE="SQ_FIL_COCD_S_GL" TOINSTANCETYPE="Source Qualifier" TOFIELD="DocDate"/><CONNECTOR FROMINSTANCE="SQ_FIL_COCD_S_GL" FROMINSTANCETYPE="Source Qualifier" FROMFIELD="DocDate" TOINSTANCE="FIL_COCD_S_GL" TOINSTANCETYPE="Filter" TOFIELD="DocDate"/><CONNECTOR FROMINSTANCE="FIL_COCD_S_GL" FROMINSTANCETYPE="Filter" FROMFIELD="DocDate" TOINSTANCE="TGT_FIL_DEFAULT1" TOINSTANCETYPE="Target Definition" TOFIELD="DocDate2"/><CONNECTOR FROMINSTANCE="TGT_FIL_COCD_S_GL" FROMINSTANCETYPE="Source Definition" FROMFIELD="Due" TOINSTANCE="SQ_FIL_COCD_S_GL" TOINSTANCETYPE="Source Qualifier" TOFIELD="Due"/><CONNECTOR FROMINSTANCE="SQ_FIL_COCD_S_GL" FROMINSTANCETYPE="Source Qualifier" FROMFIELD="Due" TOINSTANCE="FIL_COCD_S_GL" TOINSTANCETYPE="Filter" TOFIELD="Due"/><CONNECTOR FROMINSTANCE="FIL_COCD_S_GL" FROMINSTANCETYPE="Filter" FROMFIELD="Due" TOINSTANCE="TGT_FIL_DEFAULT1" TOINSTANCETYPE="Target Definition" TOFIELD="Due2"/><CONNECTOR FROMINSTANCE="TGT_FIL_COCD_S_GL" FROMINSTANCETYPE="Source Definition" FROMFIELD="MTra" TOINSTANCE="SQ_FIL_COCD_S_GL" TOINSTANCETYPE="Source Qualifier" TOFIELD="MTra"/><CONNECTOR FROMINSTANCE="SQ_FIL_COCD_S_GL" FROMINSTANCETYPE="Source Qualifier" FROMFIELD="MTra" TOINSTANCE="FIL_COCD_S_GL" TOINSTANCETYPE="Filter" TOFIELD="MTra"/><CONNECTOR FROMINSTANCE="FIL_COCD_S_GL" FROMINSTANCETYPE="Filter" FROMFIELD="MTra" TOINSTANCE="TGT_FIL_DEFAULT1" TOINSTANCETYPE="Target Definition" TOFIELD="MTra2"/><CONNECTOR FROMINSTANCE="TGT_FIL_COCD_S_GL" FROMINSTANCETYPE="Source Definition" FROMFIELD="STra" TOINSTANCE="SQ_FIL_COCD_S_GL" TOINSTANCETYPE="Source Qualifier" TOFIELD="STra"/><CONNECTOR FROMINSTANCE="SQ_FIL_COCD_S_GL" FROMINSTANCETYPE="Source Qualifier" FROMFIELD="STra" TOINSTANCE="FIL_COCD_S_GL" TOINSTANCETYPE="Filter" TOFIELD="STra"/><CONNECTOR FROMINSTANCE="FIL_COCD_S_GL" FROMINSTANCETYPE="Filter" FROMFIELD="STra" TOINSTANCE="TGT_FIL_DEFAULT1" TOINSTANCETYPE="Target Definition" TOFIELD="STra2"/><CONNECTOR FROMINSTANCE="TGT_FIL_COCD_S_GL" FROMINSTANCETYPE="Source Definition" FROMFIELD="DocNo" TOINSTANCE="SQ_FIL_COCD_S_GL" TOINSTANCETYPE="Source Qualifier" TOFIELD="DocNo"/><CONNECTOR FROMINSTANCE="SQ_FIL_COCD_S_GL" FROMINSTANCETYPE="Source Qualifier" FROMFIELD="DocNo" TOINSTANCE="FIL_COCD_S_GL" TOINSTANCETYPE="Filter" TOFIELD="DocNo"/><CONNECTOR FROMINSTANCE="FIL_COCD_S_GL" FROMINSTANCETYPE="Filter" FROMFIELD="DocNo" TOINSTANCE="TGT_FIL_DEFAULT1" TOINSTANCETYPE="Target Definition" TOFIELD="DocNo2"/><CONNECTOR FROMINSTANCE="TGT_FIL_COCD_S_GL" FROMINSTANCETYPE="Source Definition" FROMFIELD="AssignedRep" TOINSTANCE="SQ_FIL_COCD_S_GL" TOINSTANCETYPE="Source Qualifier" TOFIELD="AssignedRep"/><CONNECTOR FROMINSTANCE="SQ_FIL_COCD_S_GL" FROMINSTANCETYPE="Source Qualifier" FROMFIELD="AssignedRep" TOINSTANCE="FIL_COCD_S_GL" TOINSTANCETYPE="Filter" TOFIELD="AssignedRep"/><CONNECTOR FROMINSTANCE="FIL_COCD_S_GL" FROMINSTANCETYPE="Filter" FROMFIELD="AssignedRep" TOINSTANCE="TGT_FIL_DEFAULT1" TOINSTANCETYPE="Target Definition" TOFIELD="AssignedRep2"/><CONNECTOR FROMINSTANCE="TGT_FIL_COCD_S_GL" FROMINSTANCETYPE="Source Definition" FROMFIELD="CrCz" TOINSTANCE="SQ_FIL_COCD_S_GL" TOINSTANCETYPE="Source Qualifier" TOFIELD="CrCz"/><CONNECTOR FROMINSTANCE="SQ_FIL_COCD_S_GL" FROMINSTANCETYPE="Source Qualifier" FROMFIELD="CrCz" TOINSTANCE="FIL_COCD_S_GL" TOINSTANCETYPE="Filter" TOFIELD="CrCz"/><CONNECTOR FROMINSTANCE="FIL_COCD_S_GL" FROMINSTANCETYPE="Filter" FROMFIELD="CrCz" TOINSTANCE="TGT_FIL_DEFAULT1" TOINSTANCETYPE="Target Definition" TOFIELD="CrCz2"/><CONNECTOR FROMINSTANCE="TGT_FIL_COCD_S_GL" FROMINSTANCETYPE="Source Definition" FROMFIELD="LocCurrAmount" TOINSTANCE="SQ_FIL_COCD_S_GL" TOINSTANCETYPE="Source Qualifier" TOFIELD="LocCurrAmount"/><CONNECTOR FROMINSTANCE="SQ_FIL_COCD_S_GL" FROMINSTANCETYPE="Source Qualifier" FROMFIELD="LocCurrAmount" TOINSTANCE="FIL_COCD_S_GL" TOINSTANCETYPE="Filter" TOFIELD="LocCurrAmount"/><CONNECTOR FROMINSTANCE="FIL_COCD_S_GL" FROMINSTANCETYPE="Filter" FROMFIELD="LocCurrAmount" TOINSTANCE="TGT_FIL_DEFAULT1" TOINSTANCETYPE="Target Definition" TOFIELD="LocCurrAmount2"/><CONNECTOR FROMINSTANCE="TGT_FIL_COCD_S_GL" FROMINSTANCETYPE="Source Definition" FROMFIELD="LocCurAmountSign" TOINSTANCE="SQ_FIL_COCD_S_GL" TOINSTANCETYPE="Source Qualifier" TOFIELD="LocCurAmountSign"/><CONNECTOR FROMINSTANCE="SQ_FIL_COCD_S_GL" FROMINSTANCETYPE="Source Qualifier" FROMFIELD="LocCurAmountSign" TOINSTANCE="FIL_COCD_S_GL" TOINSTANCETYPE="Filter" TOFIELD="LocCurAmountSign"/><CONNECTOR FROMINSTANCE="FIL_COCD_S_GL" FROMINSTANCETYPE="Filter" FROMFIELD="LocCurAmountSign" TOINSTANCE="TGT_FIL_DEFAULT1" TOINSTANCETYPE="Target Definition" TOFIELD="LocCurAmountSign2"/><CONNECTOR FROMINSTANCE="TGT_FIL_COCD_S_GL" FROMINSTANCETYPE="Source Definition" FROMFIELD="Amount" TOINSTANCE="SQ_FIL_COCD_S_GL" TOINSTANCETYPE="Source Qualifier" TOFIELD="Amount"/><CONNECTOR FROMINSTANCE="SQ_FIL_COCD_S_GL" FROMINSTANCETYPE="Source Qualifier" FROMFIELD="Amount" TOINSTANCE="FIL_COCD_S_GL" TOINSTANCETYPE="Filter" TOFIELD="Amount"/><CONNECTOR FROMINSTANCE="FIL_COCD_S_GL" FROMINSTANCETYPE="Filter" FROMFIELD="Amount" TOINSTANCE="TGT_FIL_DEFAULT1" TOINSTANCETYPE="Target Definition" TOFIELD="Amount2"/><CONNECTOR FROMINSTANCE="TGT_FIL_COCD_S_GL" FROMINSTANCETYPE="Source Definition" FROMFIELD="Ammount_Sign" TOINSTANCE="SQ_FIL_COCD_S_GL" TOINSTANCETYPE="Source Qualifier" TOFIELD="Ammount_Sign"/><CONNECTOR FROMINSTANCE="SQ_FIL_COCD_S_GL" FROMINSTANCETYPE="Source Qualifier" FROMFIELD="Ammount_Sign" TOINSTANCE="FIL_COCD_S_GL" TOINSTANCETYPE="Filter" TOFIELD="Ammount_Sign"/><CONNECTOR FROMINSTANCE="FIL_COCD_S_GL" FROMINSTANCETYPE="Filter" FROMFIELD="Ammount_Sign" TOINSTANCE="TGT_FIL_DEFAULT1" TOINSTANCETYPE="Target Definition" TOFIELD="Ammount_Sign2"/><CONNECTOR FROMINSTANCE="TGT_FIL_COCD_S_GL" FROMINSTANCETYPE="Source Definition" FROMFIELD="RefBP" TOINSTANCE="SQ_FIL_COCD_S_GL" TOINSTANCETYPE="Source Qualifier" TOFIELD="RefBP"/><CONNECTOR FROMINSTANCE="SQ_FIL_COCD_S_GL" FROMINSTANCETYPE="Source Qualifier" FROMFIELD="RefBP" TOINSTANCE="FIL_COCD_S_GL" TOINSTANCETYPE="Filter" TOFIELD="RefBP"/><CONNECTOR FROMINSTANCE="FIL_COCD_S_GL" FROMINSTANCETYPE="Filter" FROMFIELD="RefBP" TOINSTANCE="TGT_FIL_DEFAULT1" TOINSTANCETYPE="Target Definition" TOFIELD="RefBP2"/><CONNECTOR FROMINSTANCE="TGT_FIL_COCD_S_GL" FROMINSTANCETYPE="Source Definition" FROMFIELD="PostDate" TOINSTANCE="SQ_FIL_COCD_S_GL" TOINSTANCETYPE="Source Qualifier" TOFIELD="PostDate"/><CONNECTOR FROMINSTANCE="SQ_FIL_COCD_S_GL" FROMINSTANCETYPE="Source Qualifier" FROMFIELD="PostDate" TOINSTANCE="FIL_COCD_S_GL" TOINSTANCETYPE="Filter" TOFIELD="PostDate"/><CONNECTOR FROMINSTANCE="FIL_COCD_S_GL" FROMINSTANCETYPE="Filter" FROMFIELD="PostDate" TOINSTANCE="TGT_FIL_DEFAULT1" TOINSTANCETYPE="Target Definition" TOFIELD="PostDate2"/><CONNECTOR FROMINSTANCE="TGT_FIL_COCD_S_GL" FROMINSTANCETYPE="Source Definition" FROMFIELD="CoCd" TOINSTANCE="SQ_FIL_COCD_S_GL" TOINSTANCETYPE="Source Qualifier" TOFIELD="CoCd"/><CONNECTOR FROMINSTANCE="SQ_FIL_COCD_S_GL" FROMINSTANCETYPE="Source Qualifier" FROMFIELD="CoCd" TOINSTANCE="FIL_COCD_S_GL" TOINSTANCETYPE="Filter" TOFIELD="CoCd"/><CONNECTOR FROMINSTANCE="FIL_COCD_S_GL" FROMINSTANCETYPE="Filter" FROMFIELD="CoCd" TOINSTANCE="TGT_FIL_DEFAULT1" TOINSTANCETYPE="Target Definition" TOFIELD="CoCd2"/><CONNECTOR FROMINSTANCE="TGT_FIL_COCD_S_GL" FROMINSTANCETYPE="Source Definition" FROMFIELD="Deferral" TOINSTANCE="SQ_FIL_COCD_S_GL" TOINSTANCETYPE="Source Qualifier" TOFIELD="Deferral"/><CONNECTOR FROMINSTANCE="SQ_FIL_COCD_S_GL" FROMINSTANCETYPE="Source Qualifier" FROMFIELD="Deferral" TOINSTANCE="FIL_COCD_S_GL" TOINSTANCETYPE="Filter" TOFIELD="Deferral"/><CONNECTOR FROMINSTANCE="FIL_COCD_S_GL" FROMINSTANCETYPE="Filter" FROMFIELD="Deferral" TOINSTANCE="TGT_FIL_DEFAULT1" TOINSTANCETYPE="Target Definition" TOFIELD="Deferral2"/><CONNECTOR FROMINSTANCE="TGT_FIL_COCD_S_GL" FROMINSTANCETYPE="Source Definition" FROMFIELD="KEY_DATE" TOINSTANCE="SQ_FIL_COCD_S_GL" TOINSTANCETYPE="Source Qualifier" TOFIELD="KEY_DATE"/><CONNECTOR FROMINSTANCE="SQ_FIL_COCD_S_GL" FROMINSTANCETYPE="Source Qualifier" FROMFIELD="KEY_DATE" TOINSTANCE="FIL_COCD_S_GL" TOINSTANCETYPE="Filter" TOFIELD="KEY_DATE"/><CONNECTOR FROMINSTANCE="FIL_COCD_S_GL" FROMINSTANCETYPE="Filter" FROMFIELD="KEY_DATE" TOINSTANCE="TGT_FIL_DEFAULT1" TOINSTANCETYPE="Target Definition" TOFIELD="KEY_DATE2"/><CONNECTOR FROMINSTANCE="TGT_FIL_COCD_S_GL" FROMINSTANCETYPE="Source Definition" FROMFIELD="S" TOINSTANCE="SQ_FIL_COCD_S_GL" TOINSTANCETYPE="Source Qualifier" TOFIELD="S"/><CONNECTOR FROMINSTANCE="SQ_FIL_COCD_S_GL" FROMINSTANCETYPE="Source Qualifier" FROMFIELD="S" TOINSTANCE="FIL_COCD_S_GL" TOINSTANCETYPE="Filter" TOFIELD="S"/><CONNECTOR FROMINSTANCE="FIL_COCD_S_GL" FROMINSTANCETYPE="Filter" FROMFIELD="S" TOINSTANCE="TGT_FIL_DEFAULT1" TOINSTANCETYPE="Target Definition" TOFIELD="S2"/><CONNECTOR FROMINSTANCE="TGT_FIL_COCD_S_GL" FROMINSTANCETYPE="Source Definition" FROMFIELD="GL_ACCOUNT" TOINSTANCE="SQ_FIL_COCD_S_GL" TOINSTANCETYPE="Source Qualifier" TOFIELD="GL_ACCOUNT"/><CONNECTOR FROMINSTANCE="SQ_FIL_COCD_S_GL" FROMINSTANCETYPE="Source Qualifier" FROMFIELD="GL_ACCOUNT" TOINSTANCE="FIL_COCD_S_GL" TOINSTANCETYPE="Filter" TOFIELD="GL_ACCOUNT"/><CONNECTOR FROMINSTANCE="TGT_FIL_COCD_S_GL" FROMINSTANCETYPE="Source Definition" FROMFIELD="AdditionalReference" TOINSTANCE="SQ_FIL_COCD_S_GL" TOINSTANCETYPE="Source Qualifier" TOFIELD="AdditionalReference"/><CONNECTOR FROMINSTANCE="SQ_FIL_COCD_S_GL" FROMINSTANCETYPE="Source Qualifier" FROMFIELD="AdditionalReference" TOINSTANCE="FIL_COCD_S_GL" TOINSTANCETYPE="Filter" TOFIELD="AdditionalReference"/><CONNECTOR FROMINSTANCE="FIL_COCD_S_GL" FROMINSTANCETYPE="Filter" FROMFIELD="AdditionalReference" TOINSTANCE="TGT_FIL_DEFAULT1" TOINSTANCETYPE="Target Definition" TOFIELD="AdditionalReference2"/><CONNECTOR FROMINSTANCE="TGT_FIL_COCD_S_GL" FROMINSTANCETYPE="Source Definition" FROMFIELD="UnderWriter" TOINSTANCE="SQ_FIL_COCD_S_GL" TOINSTANCETYPE="Source Qualifier" TOFIELD="UnderWriter"/><CONNECTOR FROMINSTANCE="SQ_FIL_COCD_S_GL" FROMINSTANCETYPE="Source Qualifier" FROMFIELD="UnderWriter" TOINSTANCE="FIL_COCD_S_GL" TOINSTANCETYPE="Filter" TOFIELD="UnderWriter"/><CONNECTOR FROMINSTANCE="FIL_COCD_S_GL" FROMINSTANCETYPE="Filter" FROMFIELD="UnderWriter" TOINSTANCE="TGT_FIL_DEFAULT1" TOINSTANCETYPE="Target Definition" TOFIELD="UnderWriter2"/><TARGETLOADORDER TARGETINSTANCE="TGT_FIL_DEFAULT1" ORDER="1"/></MAPPING></FOLDER></REPOSITORY></POWERMART>