<?xml version="1.0" encoding="ISO-8859-1" standalone="yes"?><!DOCTYPE POWERMART SYSTEM "powrmart.dtd">
<POWERMART CREATION_DATE="30-11-2016" REPOSITORY_VERSION="1"><REPOSITORY NAME="NEWREP" DATABASETYPE="DB2" CODEPAGE="Latin1" VERSION="1"><FOLDER NAME="FIL_POLICY_NULL_folder" DESCRIPTION="" SHARED="NOTSHARED" OWNER="EVERIS" GROUP="" PERMISSIONS="rwx---r--" UUID=""><SOURCE NAME="TGT_FIL_POLICY_NULL" DBDNAME="DB2" BUSINESSNAME="" DESCRIPTION="" OBJECTVERSION="1" OWNERNAME="OWNERNAME" DATABASETYPE="DB2" VERSIONNUMBER="1"><SOURCEFIELD NAME="BPartner1" BUSINESSNAME="" DESCRIPTION="" DATATYPE="varchar" KEYTYPE="NOT A KEY" PRECISION="11" SCALE="0" NULLABLE="NULL" USAGE_FLAGS="" LEVEL="0" FIELDTYPE="ELEMITEM" PICTURETEXT="" OCCURS="0" LENGTH="11" PHYSICALOFFSET="0" PHYSICALLENGTH="11" FIELDNUMBER="1" FIELDPROPERTY="0" HIDDEN="NO"/><SOURCEFIELD NAME="Contract1" BUSINESSNAME="" DESCRIPTION="" DATATYPE="varchar" KEYTYPE="NOT A KEY" PRECISION="21" SCALE="0" NULLABLE="NULL" USAGE_FLAGS="" LEVEL="0" FIELDTYPE="ELEMITEM" PICTURETEXT="" OCCURS="0" LENGTH="21" PHYSICALOFFSET="11" PHYSICALLENGTH="21" FIELDNUMBER="2" FIELDPROPERTY="0" HIDDEN="NO"/><SOURCEFIELD NAME="Contract_bPartner1" BUSINESSNAME="" DESCRIPTION="" DATATYPE="varchar" KEYTYPE="NOT A KEY" PRECISION="21" SCALE="0" NULLABLE="NULL" USAGE_FLAGS="" LEVEL="0" FIELDTYPE="ELEMITEM" PICTURETEXT="" OCCURS="0" LENGTH="21" PHYSICALOFFSET="32" PHYSICALLENGTH="21" FIELDNUMBER="3" FIELDPROPERTY="0" HIDDEN="NO"/><SOURCEFIELD NAME="DocDate1" BUSINESSNAME="" DESCRIPTION="" DATATYPE="varchar" KEYTYPE="NOT A KEY" PRECISION="11" SCALE="0" NULLABLE="NULL" USAGE_FLAGS="" LEVEL="0" FIELDTYPE="ELEMITEM" PICTURETEXT="" OCCURS="0" LENGTH="11" PHYSICALOFFSET="53" PHYSICALLENGTH="11" FIELDNUMBER="4" FIELDPROPERTY="0" HIDDEN="NO"/><SOURCEFIELD NAME="Due1" BUSINESSNAME="" DESCRIPTION="" DATATYPE="varchar" KEYTYPE="NOT A KEY" PRECISION="11" SCALE="0" NULLABLE="NULL" USAGE_FLAGS="" LEVEL="0" FIELDTYPE="ELEMITEM" PICTURETEXT="" OCCURS="0" LENGTH="11" PHYSICALOFFSET="64" PHYSICALLENGTH="11" FIELDNUMBER="5" FIELDPROPERTY="0" HIDDEN="NO"/><SOURCEFIELD NAME="MTra1" BUSINESSNAME="" DESCRIPTION="" DATATYPE="varchar" KEYTYPE="NOT A KEY" PRECISION="5" SCALE="0" NULLABLE="NULL" USAGE_FLAGS="" LEVEL="0" FIELDTYPE="ELEMITEM" PICTURETEXT="" OCCURS="0" LENGTH="5" PHYSICALOFFSET="75" PHYSICALLENGTH="5" FIELDNUMBER="6" FIELDPROPERTY="0" HIDDEN="NO"/><SOURCEFIELD NAME="STra1" BUSINESSNAME="" DESCRIPTION="" DATATYPE="varchar" KEYTYPE="NOT A KEY" PRECISION="5" SCALE="0" NULLABLE="NULL" USAGE_FLAGS="" LEVEL="0" FIELDTYPE="ELEMITEM" PICTURETEXT="" OCCURS="0" LENGTH="5" PHYSICALOFFSET="80" PHYSICALLENGTH="5" FIELDNUMBER="7" FIELDPROPERTY="0" HIDDEN="NO"/><SOURCEFIELD NAME="DocNo1" BUSINESSNAME="" DESCRIPTION="" DATATYPE="varchar" KEYTYPE="NOT A KEY" PRECISION="13" SCALE="0" NULLABLE="NULL" USAGE_FLAGS="" LEVEL="0" FIELDTYPE="ELEMITEM" PICTURETEXT="" OCCURS="0" LENGTH="13" PHYSICALOFFSET="85" PHYSICALLENGTH="13" FIELDNUMBER="8" FIELDPROPERTY="0" HIDDEN="NO"/><SOURCEFIELD NAME="AssignedRep1" BUSINESSNAME="" DESCRIPTION="" DATATYPE="varchar" KEYTYPE="NOT A KEY" PRECISION="13" SCALE="0" NULLABLE="NULL" USAGE_FLAGS="" LEVEL="0" FIELDTYPE="ELEMITEM" PICTURETEXT="" OCCURS="0" LENGTH="13" PHYSICALOFFSET="98" PHYSICALLENGTH="13" FIELDNUMBER="9" FIELDPROPERTY="0" HIDDEN="NO"/><SOURCEFIELD NAME="CrCz1" BUSINESSNAME="" DESCRIPTION="" DATATYPE="varchar" KEYTYPE="NOT A KEY" PRECISION="6" SCALE="0" NULLABLE="NULL" USAGE_FLAGS="" LEVEL="0" FIELDTYPE="ELEMITEM" PICTURETEXT="" OCCURS="0" LENGTH="6" PHYSICALOFFSET="111" PHYSICALLENGTH="6" FIELDNUMBER="10" FIELDPROPERTY="0" HIDDEN="NO"/><SOURCEFIELD NAME="LocCurrAmount1" BUSINESSNAME="" DESCRIPTION="" DATATYPE="varchar" KEYTYPE="NOT A KEY" PRECISION="17" SCALE="0" NULLABLE="NULL" USAGE_FLAGS="" LEVEL="0" FIELDTYPE="ELEMITEM" PICTURETEXT="" OCCURS="0" LENGTH="17" PHYSICALOFFSET="117" PHYSICALLENGTH="17" FIELDNUMBER="11" FIELDPROPERTY="0" HIDDEN="NO"/><SOURCEFIELD NAME="LocCurAmountSign1" BUSINESSNAME="" DESCRIPTION="" DATATYPE="varchar" KEYTYPE="NOT A KEY" PRECISION="1" SCALE="0" NULLABLE="NULL" USAGE_FLAGS="" LEVEL="0" FIELDTYPE="ELEMITEM" PICTURETEXT="" OCCURS="0" LENGTH="1" PHYSICALOFFSET="134" PHYSICALLENGTH="1" FIELDNUMBER="12" FIELDPROPERTY="0" HIDDEN="NO"/><SOURCEFIELD NAME="Amount1" BUSINESSNAME="" DESCRIPTION="" DATATYPE="varchar" KEYTYPE="NOT A KEY" PRECISION="17" SCALE="0" NULLABLE="NULL" USAGE_FLAGS="" LEVEL="0" FIELDTYPE="ELEMITEM" PICTURETEXT="" OCCURS="0" LENGTH="17" PHYSICALOFFSET="135" PHYSICALLENGTH="17" FIELDNUMBER="13" FIELDPROPERTY="0" HIDDEN="NO"/><SOURCEFIELD NAME="Ammount_Sign1" BUSINESSNAME="" DESCRIPTION="" DATATYPE="varchar" KEYTYPE="NOT A KEY" PRECISION="2" SCALE="0" NULLABLE="NULL" USAGE_FLAGS="" LEVEL="0" FIELDTYPE="ELEMITEM" PICTURETEXT="" OCCURS="0" LENGTH="2" PHYSICALOFFSET="152" PHYSICALLENGTH="2" FIELDNUMBER="14" FIELDPROPERTY="0" HIDDEN="NO"/><SOURCEFIELD NAME="RefBP1" BUSINESSNAME="" DESCRIPTION="" DATATYPE="varchar" KEYTYPE="NOT A KEY" PRECISION="11" SCALE="0" NULLABLE="NULL" USAGE_FLAGS="" LEVEL="0" FIELDTYPE="ELEMITEM" PICTURETEXT="" OCCURS="0" LENGTH="11" PHYSICALOFFSET="154" PHYSICALLENGTH="11" FIELDNUMBER="15" FIELDPROPERTY="0" HIDDEN="NO"/><SOURCEFIELD NAME="PostDate1" BUSINESSNAME="" DESCRIPTION="" DATATYPE="varchar" KEYTYPE="NOT A KEY" PRECISION="11" SCALE="0" NULLABLE="NULL" USAGE_FLAGS="" LEVEL="0" FIELDTYPE="ELEMITEM" PICTURETEXT="" OCCURS="0" LENGTH="11" PHYSICALOFFSET="165" PHYSICALLENGTH="11" FIELDNUMBER="16" FIELDPROPERTY="0" HIDDEN="NO"/><SOURCEFIELD NAME="CoCd1" BUSINESSNAME="" DESCRIPTION="" DATATYPE="varchar" KEYTYPE="NOT A KEY" PRECISION="5" SCALE="0" NULLABLE="NULL" USAGE_FLAGS="" LEVEL="0" FIELDTYPE="ELEMITEM" PICTURETEXT="" OCCURS="0" LENGTH="5" PHYSICALOFFSET="176" PHYSICALLENGTH="5" FIELDNUMBER="17" FIELDPROPERTY="0" HIDDEN="NO"/><SOURCEFIELD NAME="Deferral1" BUSINESSNAME="" DESCRIPTION="" DATATYPE="varchar" KEYTYPE="NOT A KEY" PRECISION="11" SCALE="0" NULLABLE="NULL" USAGE_FLAGS="" LEVEL="0" FIELDTYPE="ELEMITEM" PICTURETEXT="" OCCURS="0" LENGTH="11" PHYSICALOFFSET="181" PHYSICALLENGTH="11" FIELDNUMBER="18" FIELDPROPERTY="0" HIDDEN="NO"/><SOURCEFIELD NAME="KEY_DATE1" BUSINESSNAME="" DESCRIPTION="" DATATYPE="varchar" KEYTYPE="NOT A KEY" PRECISION="10" SCALE="0" NULLABLE="NULL" USAGE_FLAGS="" LEVEL="0" FIELDTYPE="ELEMITEM" PICTURETEXT="" OCCURS="0" LENGTH="10" PHYSICALOFFSET="192" PHYSICALLENGTH="10" FIELDNUMBER="19" FIELDPROPERTY="0" HIDDEN="NO"/><SOURCEFIELD NAME="S1" BUSINESSNAME="" DESCRIPTION="" DATATYPE="varchar" KEYTYPE="NOT A KEY" PRECISION="2" SCALE="0" NULLABLE="NULL" USAGE_FLAGS="" LEVEL="0" FIELDTYPE="ELEMITEM" PICTURETEXT="" OCCURS="0" LENGTH="2" PHYSICALOFFSET="202" PHYSICALLENGTH="2" FIELDNUMBER="20" FIELDPROPERTY="0" HIDDEN="NO"/><SOURCEFIELD NAME="AdditionalReference1" BUSINESSNAME="" DESCRIPTION="" DATATYPE="varchar" KEYTYPE="NOT A KEY" PRECISION="21" SCALE="0" NULLABLE="NULL" USAGE_FLAGS="" LEVEL="0" FIELDTYPE="ELEMITEM" PICTURETEXT="" OCCURS="0" LENGTH="21" PHYSICALOFFSET="204" PHYSICALLENGTH="21" FIELDNUMBER="21" FIELDPROPERTY="0" HIDDEN="NO"/><SOURCEFIELD NAME="UnderWriter1" BUSINESSNAME="" DESCRIPTION="" DATATYPE="varchar" KEYTYPE="NOT A KEY" PRECISION="9" SCALE="0" NULLABLE="NULL" USAGE_FLAGS="" LEVEL="0" FIELDTYPE="ELEMITEM" PICTURETEXT="" OCCURS="0" LENGTH="9" PHYSICALOFFSET="225" PHYSICALLENGTH="9" FIELDNUMBER="22" FIELDPROPERTY="0" HIDDEN="NO"/></SOURCE><TARGET NAME="TGT_EXP_OPEN_ITEM_TRANS" OBJECTVERSION="1" DATABASETYPE="DB2" VERSIONNUMBER="1"><TARGETFIELD NAME="BPartner_IN" DATATYPE="varchar" KEYTYPE="NOT A KEY" PRECISION="11" SCALE="0" FIELDNUMBER="1" NULLABLE="NULL"/><TARGETFIELD NAME="Contract_IN" DATATYPE="varchar" KEYTYPE="NOT A KEY" PRECISION="21" SCALE="0" FIELDNUMBER="2" NULLABLE="NULL"/><TARGETFIELD NAME="Contract_bPartner_in" DATATYPE="varchar" KEYTYPE="NOT A KEY" PRECISION="21" SCALE="0" FIELDNUMBER="3" NULLABLE="NULL"/><TARGETFIELD NAME="DocDate_IN" DATATYPE="varchar" KEYTYPE="NOT A KEY" PRECISION="11" SCALE="0" FIELDNUMBER="4" NULLABLE="NULL"/><TARGETFIELD NAME="Due_IN" DATATYPE="varchar" KEYTYPE="NOT A KEY" PRECISION="11" SCALE="0" FIELDNUMBER="5" NULLABLE="NULL"/><TARGETFIELD NAME="MTra_IN" DATATYPE="varchar" KEYTYPE="NOT A KEY" PRECISION="5" SCALE="0" FIELDNUMBER="6" NULLABLE="NULL"/><TARGETFIELD NAME="STra_IN" DATATYPE="varchar" KEYTYPE="NOT A KEY" PRECISION="5" SCALE="0" FIELDNUMBER="7" NULLABLE="NULL"/><TARGETFIELD NAME="DocNo_IN" DATATYPE="varchar" KEYTYPE="NOT A KEY" PRECISION="13" SCALE="0" FIELDNUMBER="8" NULLABLE="NULL"/><TARGETFIELD NAME="AssignedRep_IN" DATATYPE="varchar" KEYTYPE="NOT A KEY" PRECISION="13" SCALE="0" FIELDNUMBER="9" NULLABLE="NULL"/><TARGETFIELD NAME="CrCz_IN" DATATYPE="varchar" KEYTYPE="NOT A KEY" PRECISION="6" SCALE="0" FIELDNUMBER="10" NULLABLE="NULL"/><TARGETFIELD NAME="LocCurrAmount_IN" DATATYPE="varchar" KEYTYPE="NOT A KEY" PRECISION="17" SCALE="0" FIELDNUMBER="11" NULLABLE="NULL"/><TARGETFIELD NAME="LocCurAmountSign_IN" DATATYPE="varchar" KEYTYPE="NOT A KEY" PRECISION="1" SCALE="0" FIELDNUMBER="12" NULLABLE="NULL"/><TARGETFIELD NAME="Amount2" DATATYPE="varchar" KEYTYPE="NOT A KEY" PRECISION="17" SCALE="0" FIELDNUMBER="13" NULLABLE="NULL"/><TARGETFIELD NAME="Ammount_Sign2" DATATYPE="varchar" KEYTYPE="NOT A KEY" PRECISION="2" SCALE="0" FIELDNUMBER="14" NULLABLE="NULL"/><TARGETFIELD NAME="RefBP_IN" DATATYPE="varchar" KEYTYPE="NOT A KEY" PRECISION="11" SCALE="0" FIELDNUMBER="15" NULLABLE="NULL"/><TARGETFIELD NAME="PostDate_IN" DATATYPE="varchar" KEYTYPE="NOT A KEY" PRECISION="11" SCALE="0" FIELDNUMBER="16" NULLABLE="NULL"/><TARGETFIELD NAME="CoCd_IN" DATATYPE="varchar" KEYTYPE="NOT A KEY" PRECISION="5" SCALE="0" FIELDNUMBER="17" NULLABLE="NULL"/><TARGETFIELD NAME="Deferral_IN" DATATYPE="varchar" KEYTYPE="NOT A KEY" PRECISION="11" SCALE="0" FIELDNUMBER="18" NULLABLE="NULL"/><TARGETFIELD NAME="KEY_DATE_IN" DATATYPE="varchar" KEYTYPE="NOT A KEY" PRECISION="10" SCALE="0" FIELDNUMBER="19" NULLABLE="NULL"/><TARGETFIELD NAME="S_IN" DATATYPE="varchar" KEYTYPE="NOT A KEY" PRECISION="2" SCALE="0" FIELDNUMBER="20" NULLABLE="NULL"/><TARGETFIELD NAME="UnderWriter2" DATATYPE="varchar" KEYTYPE="NOT A KEY" PRECISION="9" SCALE="0" FIELDNUMBER="21" NULLABLE="NULL"/></TARGET><MAPPING NAME="m_FIL_POLICY_NULL" DESCRIPTION="" OBJECTVERSION="1" ISVALID="YES" VERSIONNUMBER="1"><TRANSFORMATION NAME="SQ_FIL_POLICY_NULL" TYPE="Source Qualifier" OBJECTVERSION="1" REUSABLE="NO" VERSIONNUMBER="1"><TRANSFORMFIELD NAME="BPartner1" DESCRIPTION="" DATATYPE="string" PORTTYPE="INPUT/OUTPUT" PRECISION="11" SCALE="0" PICTURETEXT="" DEFAULTVALUE="" REF_FIELD="BPartner" GROUP="POLICY_NULL"/><TRANSFORMFIELD NAME="Contract1" DESCRIPTION="" DATATYPE="string" PORTTYPE="INPUT/OUTPUT" PRECISION="21" SCALE="0" PICTURETEXT="" DEFAULTVALUE="" REF_FIELD="Contract" GROUP="POLICY_NULL"/><TRANSFORMFIELD NAME="Contract_bPartner1" DESCRIPTION="" DATATYPE="string" PORTTYPE="INPUT/OUTPUT" PRECISION="21" SCALE="0" PICTURETEXT="" DEFAULTVALUE="" REF_FIELD="Contract_bPartner" GROUP="POLICY_NULL"/><TRANSFORMFIELD NAME="DocDate1" DESCRIPTION="" DATATYPE="string" PORTTYPE="INPUT/OUTPUT" PRECISION="11" SCALE="0" PICTURETEXT="" DEFAULTVALUE="" REF_FIELD="DocDate" GROUP="POLICY_NULL"/><TRANSFORMFIELD NAME="Due1" DESCRIPTION="" DATATYPE="string" PORTTYPE="INPUT/OUTPUT" PRECISION="11" SCALE="0" PICTURETEXT="" DEFAULTVALUE="" REF_FIELD="Due" GROUP="POLICY_NULL"/><TRANSFORMFIELD NAME="MTra1" DESCRIPTION="" DATATYPE="string" PORTTYPE="INPUT/OUTPUT" PRECISION="5" SCALE="0" PICTURETEXT="" DEFAULTVALUE="" REF_FIELD="MTra" GROUP="POLICY_NULL"/><TRANSFORMFIELD NAME="STra1" DESCRIPTION="" DATATYPE="string" PORTTYPE="INPUT/OUTPUT" PRECISION="5" SCALE="0" PICTURETEXT="" DEFAULTVALUE="" REF_FIELD="STra" GROUP="POLICY_NULL"/><TRANSFORMFIELD NAME="DocNo1" DESCRIPTION="" DATATYPE="string" PORTTYPE="INPUT/OUTPUT" PRECISION="13" SCALE="0" PICTURETEXT="" DEFAULTVALUE="" REF_FIELD="DocNo" GROUP="POLICY_NULL"/><TRANSFORMFIELD NAME="AssignedRep1" DESCRIPTION="" DATATYPE="string" PORTTYPE="INPUT/OUTPUT" PRECISION="13" SCALE="0" PICTURETEXT="" DEFAULTVALUE="" REF_FIELD="AssignedRep" GROUP="POLICY_NULL"/><TRANSFORMFIELD NAME="CrCz1" DESCRIPTION="" DATATYPE="string" PORTTYPE="INPUT/OUTPUT" PRECISION="6" SCALE="0" PICTURETEXT="" DEFAULTVALUE="" REF_FIELD="CrCz" GROUP="POLICY_NULL"/><TRANSFORMFIELD NAME="LocCurrAmount1" DESCRIPTION="" DATATYPE="string" PORTTYPE="INPUT/OUTPUT" PRECISION="17" SCALE="0" PICTURETEXT="" DEFAULTVALUE="" REF_FIELD="LocCurrAmount" GROUP="POLICY_NULL"/><TRANSFORMFIELD NAME="LocCurAmountSign1" DESCRIPTION="" DATATYPE="string" PORTTYPE="INPUT/OUTPUT" PRECISION="1" SCALE="0" PICTURETEXT="" DEFAULTVALUE="" REF_FIELD="LocCurAmountSign" GROUP="POLICY_NULL"/><TRANSFORMFIELD NAME="Amount1" DESCRIPTION="" DATATYPE="string" PORTTYPE="INPUT/OUTPUT" PRECISION="17" SCALE="0" PICTURETEXT="" DEFAULTVALUE="" REF_FIELD="Amount" GROUP="POLICY_NULL"/><TRANSFORMFIELD NAME="Ammount_Sign1" DESCRIPTION="" DATATYPE="string" PORTTYPE="INPUT/OUTPUT" PRECISION="2" SCALE="0" PICTURETEXT="" DEFAULTVALUE="" REF_FIELD="Ammount_Sign" GROUP="POLICY_NULL"/><TRANSFORMFIELD NAME="RefBP1" DESCRIPTION="" DATATYPE="string" PORTTYPE="INPUT/OUTPUT" PRECISION="11" SCALE="0" PICTURETEXT="" DEFAULTVALUE="" REF_FIELD="RefBP" GROUP="POLICY_NULL"/><TRANSFORMFIELD NAME="PostDate1" DESCRIPTION="" DATATYPE="string" PORTTYPE="INPUT/OUTPUT" PRECISION="11" SCALE="0" PICTURETEXT="" DEFAULTVALUE="" REF_FIELD="PostDate" GROUP="POLICY_NULL"/><TRANSFORMFIELD NAME="CoCd1" DESCRIPTION="" DATATYPE="string" PORTTYPE="INPUT/OUTPUT" PRECISION="5" SCALE="0" PICTURETEXT="" DEFAULTVALUE="" REF_FIELD="CoCd" GROUP="POLICY_NULL"/><TRANSFORMFIELD NAME="Deferral1" DESCRIPTION="" DATATYPE="string" PORTTYPE="INPUT/OUTPUT" PRECISION="11" SCALE="0" PICTURETEXT="" DEFAULTVALUE="" REF_FIELD="Deferral" GROUP="POLICY_NULL"/><TRANSFORMFIELD NAME="KEY_DATE1" DESCRIPTION="" DATATYPE="string" PORTTYPE="INPUT/OUTPUT" PRECISION="10" SCALE="0" PICTURETEXT="" DEFAULTVALUE="" REF_FIELD="KEY_DATE" GROUP="POLICY_NULL"/><TRANSFORMFIELD NAME="S1" DESCRIPTION="" DATATYPE="string" PORTTYPE="INPUT/OUTPUT" PRECISION="2" SCALE="0" PICTURETEXT="" DEFAULTVALUE="" REF_FIELD="S" GROUP="POLICY_NULL"/><TRANSFORMFIELD NAME="AdditionalReference1" DESCRIPTION="" DATATYPE="string" PORTTYPE="INPUT/OUTPUT" PRECISION="21" SCALE="0" PICTURETEXT="" DEFAULTVALUE="" REF_FIELD="AdditionalReference" GROUP="POLICY_NULL"/><TRANSFORMFIELD NAME="UnderWriter1" DESCRIPTION="" DATATYPE="string" PORTTYPE="INPUT/OUTPUT" PRECISION="9" SCALE="0" PICTURETEXT="" DEFAULTVALUE="" REF_FIELD="UnderWriter" GROUP="POLICY_NULL"/><TABLEATTRIBUTE NAME="SQL Query" VALUE=""/><TABLEATTRIBUTE NAME="User Defined Join" VALUE=""/><TABLEATTRIBUTE NAME="Source Filter" VALUE=""/><TABLEATTRIBUTE NAME="Number Of Sorted Ports" VALUE="0"/><TABLEATTRIBUTE NAME="Tracing Level" VALUE="Normal"/><TABLEATTRIBUTE NAME="Select Distinct" VALUE="NO"/><TABLEATTRIBUTE NAME="Is Partitionable" VALUE="NO"/><TABLEATTRIBUTE NAME="Pre SQL" VALUE=""/><TABLEATTRIBUTE NAME="Post SQL" VALUE=""/><TABLEATTRIBUTE NAME="Output is deterministic" VALUE="NO"/><TABLEATTRIBUTE NAME="Output is repeatable" VALUE="NEVER"/></TRANSFORMATION><TRANSFORMATION NAME="FIL_POLICY_NULL" TYPE="Filter" OBJECTVERSION="1" REUSABLE="NO" VERSIONNUMBER="1"><TRANSFORMFIELD NAME="BPartner1" DESCRIPTION="" DATATYPE="string" PORTTYPE="INPUT/OUTPUT" PRECISION="11" SCALE="0" PICTURETEXT="" DEFAULTVALUE="" REF_FIELD="BPartner" GROUP="POLICY_NULL"/><TRANSFORMFIELD NAME="Contract1" DESCRIPTION="" DATATYPE="string" PORTTYPE="INPUT/OUTPUT" PRECISION="21" SCALE="0" PICTURETEXT="" DEFAULTVALUE="" REF_FIELD="Contract" GROUP="POLICY_NULL"/><TRANSFORMFIELD NAME="Contract_bPartner1" DESCRIPTION="" DATATYPE="string" PORTTYPE="INPUT/OUTPUT" PRECISION="21" SCALE="0" PICTURETEXT="" DEFAULTVALUE="" REF_FIELD="Contract_bPartner" GROUP="POLICY_NULL"/><TRANSFORMFIELD NAME="DocDate1" DESCRIPTION="" DATATYPE="string" PORTTYPE="INPUT/OUTPUT" PRECISION="11" SCALE="0" PICTURETEXT="" DEFAULTVALUE="" REF_FIELD="DocDate" GROUP="POLICY_NULL"/><TRANSFORMFIELD NAME="Due1" DESCRIPTION="" DATATYPE="string" PORTTYPE="INPUT/OUTPUT" PRECISION="11" SCALE="0" PICTURETEXT="" DEFAULTVALUE="" REF_FIELD="Due" GROUP="POLICY_NULL"/><TRANSFORMFIELD NAME="MTra1" DESCRIPTION="" DATATYPE="string" PORTTYPE="INPUT/OUTPUT" PRECISION="5" SCALE="0" PICTURETEXT="" DEFAULTVALUE="" REF_FIELD="MTra" GROUP="POLICY_NULL"/><TRANSFORMFIELD NAME="STra1" DESCRIPTION="" DATATYPE="string" PORTTYPE="INPUT/OUTPUT" PRECISION="5" SCALE="0" PICTURETEXT="" DEFAULTVALUE="" REF_FIELD="STra" GROUP="POLICY_NULL"/><TRANSFORMFIELD NAME="DocNo1" DESCRIPTION="" DATATYPE="string" PORTTYPE="INPUT/OUTPUT" PRECISION="13" SCALE="0" PICTURETEXT="" DEFAULTVALUE="" REF_FIELD="DocNo" GROUP="POLICY_NULL"/><TRANSFORMFIELD NAME="AssignedRep1" DESCRIPTION="" DATATYPE="string" PORTTYPE="INPUT/OUTPUT" PRECISION="13" SCALE="0" PICTURETEXT="" DEFAULTVALUE="" REF_FIELD="AssignedRep" GROUP="POLICY_NULL"/><TRANSFORMFIELD NAME="CrCz1" DESCRIPTION="" DATATYPE="string" PORTTYPE="INPUT/OUTPUT" PRECISION="6" SCALE="0" PICTURETEXT="" DEFAULTVALUE="" REF_FIELD="CrCz" GROUP="POLICY_NULL"/><TRANSFORMFIELD NAME="LocCurrAmount1" DESCRIPTION="" DATATYPE="string" PORTTYPE="INPUT/OUTPUT" PRECISION="17" SCALE="0" PICTURETEXT="" DEFAULTVALUE="" REF_FIELD="LocCurrAmount" GROUP="POLICY_NULL"/><TRANSFORMFIELD NAME="LocCurAmountSign1" DESCRIPTION="" DATATYPE="string" PORTTYPE="INPUT/OUTPUT" PRECISION="1" SCALE="0" PICTURETEXT="" DEFAULTVALUE="" REF_FIELD="LocCurAmountSign" GROUP="POLICY_NULL"/><TRANSFORMFIELD NAME="Amount1" DESCRIPTION="" DATATYPE="string" PORTTYPE="INPUT/OUTPUT" PRECISION="17" SCALE="0" PICTURETEXT="" DEFAULTVALUE="" REF_FIELD="Amount" GROUP="POLICY_NULL"/><TRANSFORMFIELD NAME="Ammount_Sign1" DESCRIPTION="" DATATYPE="string" PORTTYPE="INPUT/OUTPUT" PRECISION="2" SCALE="0" PICTURETEXT="" DEFAULTVALUE="" REF_FIELD="Ammount_Sign" GROUP="POLICY_NULL"/><TRANSFORMFIELD NAME="RefBP1" DESCRIPTION="" DATATYPE="string" PORTTYPE="INPUT/OUTPUT" PRECISION="11" SCALE="0" PICTURETEXT="" DEFAULTVALUE="" REF_FIELD="RefBP" GROUP="POLICY_NULL"/><TRANSFORMFIELD NAME="PostDate1" DESCRIPTION="" DATATYPE="string" PORTTYPE="INPUT/OUTPUT" PRECISION="11" SCALE="0" PICTURETEXT="" DEFAULTVALUE="" REF_FIELD="PostDate" GROUP="POLICY_NULL"/><TRANSFORMFIELD NAME="CoCd1" DESCRIPTION="" DATATYPE="string" PORTTYPE="INPUT/OUTPUT" PRECISION="5" SCALE="0" PICTURETEXT="" DEFAULTVALUE="" REF_FIELD="CoCd" GROUP="POLICY_NULL"/><TRANSFORMFIELD NAME="Deferral1" DESCRIPTION="" DATATYPE="string" PORTTYPE="INPUT/OUTPUT" PRECISION="11" SCALE="0" PICTURETEXT="" DEFAULTVALUE="" REF_FIELD="Deferral" GROUP="POLICY_NULL"/><TRANSFORMFIELD NAME="KEY_DATE1" DESCRIPTION="" DATATYPE="string" PORTTYPE="INPUT/OUTPUT" PRECISION="10" SCALE="0" PICTURETEXT="" DEFAULTVALUE="" REF_FIELD="KEY_DATE" GROUP="POLICY_NULL"/><TRANSFORMFIELD NAME="S1" DESCRIPTION="" DATATYPE="string" PORTTYPE="INPUT/OUTPUT" PRECISION="2" SCALE="0" PICTURETEXT="" DEFAULTVALUE="" REF_FIELD="S" GROUP="POLICY_NULL"/><TRANSFORMFIELD NAME="AdditionalReference1" DESCRIPTION="" DATATYPE="string" PORTTYPE="INPUT/OUTPUT" PRECISION="21" SCALE="0" PICTURETEXT="" DEFAULTVALUE="" REF_FIELD="AdditionalReference" GROUP="POLICY_NULL"/><TRANSFORMFIELD NAME="UnderWriter1" DESCRIPTION="" DATATYPE="string" PORTTYPE="INPUT/OUTPUT" PRECISION="9" SCALE="0" PICTURETEXT="" DEFAULTVALUE="" REF_FIELD="UnderWriter" GROUP="POLICY_NULL"/><TABLEATTRIBUTE NAME="Tracing Level" VALUE="Normal"/><TABLEATTRIBUTE NAME="Filter Condition" VALUE="substr(ltrim(:UDF.TRIM(BPartner,' '),'0'),1,1)='B' AND   (ISNULL(ltrim(:UDF.TRIM(Contract_bPartner,' '),'0'))   OR ltrim(:UDF.TRIM(Contract_bPartner,' '),'0')='')"/></TRANSFORMATION><INSTANCE NAME="TGT_FIL_POLICY_NULL" TYPE="SOURCE" REUSABLE="NO" TRANSFORMATION_TYPE="Source Definition" TRANSFORMATION_NAME="TGT_FIL_POLICY_NULL" DBDNAME="DB2"/><INSTANCE NAME="TGT_EXP_OPEN_ITEM_TRANS" TYPE="TARGET" REUSABLE="NO" TRANSFORMATION_TYPE="Target Definition" TRANSFORMATION_NAME="TGT_EXP_OPEN_ITEM_TRANS"/><INSTANCE NAME="FIL_POLICY_NULL" TYPE="TRANSFORMATION" REUSABLE="NO" TRANSFORMATION_TYPE="Filter" TRANSFORMATION_NAME="FIL_POLICY_NULL"/><INSTANCE NAME="SQ_FIL_POLICY_NULL" TYPE="TRANSFORMATION" REUSABLE="NO" TRANSFORMATION_TYPE="Source Qualifier" TRANSFORMATION_NAME="SQ_FIL_POLICY_NULL"><ASSOCIATED_SOURCE_INSTANCE NAME="FIL_POLICY_NULL"/></INSTANCE><CONNECTOR FROMINSTANCE="TGT_FIL_POLICY_NULL" FROMINSTANCETYPE="Source Definition" FROMFIELD="BPartner1" TOINSTANCE="SQ_FIL_POLICY_NULL" TOINSTANCETYPE="Source Qualifier" TOFIELD="BPartner1"/><CONNECTOR FROMINSTANCE="SQ_FIL_POLICY_NULL" FROMINSTANCETYPE="Source Qualifier" FROMFIELD="BPartner1" TOINSTANCE="FIL_POLICY_NULL" TOINSTANCETYPE="Filter" TOFIELD="BPartner1"/><CONNECTOR FROMINSTANCE="TGT_FIL_POLICY_NULL" FROMINSTANCETYPE="Source Definition" FROMFIELD="Contract1" TOINSTANCE="SQ_FIL_POLICY_NULL" TOINSTANCETYPE="Source Qualifier" TOFIELD="Contract1"/><CONNECTOR FROMINSTANCE="SQ_FIL_POLICY_NULL" FROMINSTANCETYPE="Source Qualifier" FROMFIELD="Contract1" TOINSTANCE="FIL_POLICY_NULL" TOINSTANCETYPE="Filter" TOFIELD="Contract1"/><CONNECTOR FROMINSTANCE="TGT_FIL_POLICY_NULL" FROMINSTANCETYPE="Source Definition" FROMFIELD="Contract_bPartner1" TOINSTANCE="SQ_FIL_POLICY_NULL" TOINSTANCETYPE="Source Qualifier" TOFIELD="Contract_bPartner1"/><CONNECTOR FROMINSTANCE="SQ_FIL_POLICY_NULL" FROMINSTANCETYPE="Source Qualifier" FROMFIELD="Contract_bPartner1" TOINSTANCE="FIL_POLICY_NULL" TOINSTANCETYPE="Filter" TOFIELD="Contract_bPartner1"/><CONNECTOR FROMINSTANCE="TGT_FIL_POLICY_NULL" FROMINSTANCETYPE="Source Definition" FROMFIELD="DocDate1" TOINSTANCE="SQ_FIL_POLICY_NULL" TOINSTANCETYPE="Source Qualifier" TOFIELD="DocDate1"/><CONNECTOR FROMINSTANCE="SQ_FIL_POLICY_NULL" FROMINSTANCETYPE="Source Qualifier" FROMFIELD="DocDate1" TOINSTANCE="FIL_POLICY_NULL" TOINSTANCETYPE="Filter" TOFIELD="DocDate1"/><CONNECTOR FROMINSTANCE="TGT_FIL_POLICY_NULL" FROMINSTANCETYPE="Source Definition" FROMFIELD="Due1" TOINSTANCE="SQ_FIL_POLICY_NULL" TOINSTANCETYPE="Source Qualifier" TOFIELD="Due1"/><CONNECTOR FROMINSTANCE="SQ_FIL_POLICY_NULL" FROMINSTANCETYPE="Source Qualifier" FROMFIELD="Due1" TOINSTANCE="FIL_POLICY_NULL" TOINSTANCETYPE="Filter" TOFIELD="Due1"/><CONNECTOR FROMINSTANCE="TGT_FIL_POLICY_NULL" FROMINSTANCETYPE="Source Definition" FROMFIELD="MTra1" TOINSTANCE="SQ_FIL_POLICY_NULL" TOINSTANCETYPE="Source Qualifier" TOFIELD="MTra1"/><CONNECTOR FROMINSTANCE="SQ_FIL_POLICY_NULL" FROMINSTANCETYPE="Source Qualifier" FROMFIELD="MTra1" TOINSTANCE="FIL_POLICY_NULL" TOINSTANCETYPE="Filter" TOFIELD="MTra1"/><CONNECTOR FROMINSTANCE="TGT_FIL_POLICY_NULL" FROMINSTANCETYPE="Source Definition" FROMFIELD="STra1" TOINSTANCE="SQ_FIL_POLICY_NULL" TOINSTANCETYPE="Source Qualifier" TOFIELD="STra1"/><CONNECTOR FROMINSTANCE="SQ_FIL_POLICY_NULL" FROMINSTANCETYPE="Source Qualifier" FROMFIELD="STra1" TOINSTANCE="FIL_POLICY_NULL" TOINSTANCETYPE="Filter" TOFIELD="STra1"/><CONNECTOR FROMINSTANCE="TGT_FIL_POLICY_NULL" FROMINSTANCETYPE="Source Definition" FROMFIELD="DocNo1" TOINSTANCE="SQ_FIL_POLICY_NULL" TOINSTANCETYPE="Source Qualifier" TOFIELD="DocNo1"/><CONNECTOR FROMINSTANCE="SQ_FIL_POLICY_NULL" FROMINSTANCETYPE="Source Qualifier" FROMFIELD="DocNo1" TOINSTANCE="FIL_POLICY_NULL" TOINSTANCETYPE="Filter" TOFIELD="DocNo1"/><CONNECTOR FROMINSTANCE="TGT_FIL_POLICY_NULL" FROMINSTANCETYPE="Source Definition" FROMFIELD="AssignedRep1" TOINSTANCE="SQ_FIL_POLICY_NULL" TOINSTANCETYPE="Source Qualifier" TOFIELD="AssignedRep1"/><CONNECTOR FROMINSTANCE="SQ_FIL_POLICY_NULL" FROMINSTANCETYPE="Source Qualifier" FROMFIELD="AssignedRep1" TOINSTANCE="FIL_POLICY_NULL" TOINSTANCETYPE="Filter" TOFIELD="AssignedRep1"/><CONNECTOR FROMINSTANCE="TGT_FIL_POLICY_NULL" FROMINSTANCETYPE="Source Definition" FROMFIELD="CrCz1" TOINSTANCE="SQ_FIL_POLICY_NULL" TOINSTANCETYPE="Source Qualifier" TOFIELD="CrCz1"/><CONNECTOR FROMINSTANCE="SQ_FIL_POLICY_NULL" FROMINSTANCETYPE="Source Qualifier" FROMFIELD="CrCz1" TOINSTANCE="FIL_POLICY_NULL" TOINSTANCETYPE="Filter" TOFIELD="CrCz1"/><CONNECTOR FROMINSTANCE="TGT_FIL_POLICY_NULL" FROMINSTANCETYPE="Source Definition" FROMFIELD="LocCurrAmount1" TOINSTANCE="SQ_FIL_POLICY_NULL" TOINSTANCETYPE="Source Qualifier" TOFIELD="LocCurrAmount1"/><CONNECTOR FROMINSTANCE="SQ_FIL_POLICY_NULL" FROMINSTANCETYPE="Source Qualifier" FROMFIELD="LocCurrAmount1" TOINSTANCE="FIL_POLICY_NULL" TOINSTANCETYPE="Filter" TOFIELD="LocCurrAmount1"/><CONNECTOR FROMINSTANCE="TGT_FIL_POLICY_NULL" FROMINSTANCETYPE="Source Definition" FROMFIELD="LocCurAmountSign1" TOINSTANCE="SQ_FIL_POLICY_NULL" TOINSTANCETYPE="Source Qualifier" TOFIELD="LocCurAmountSign1"/><CONNECTOR FROMINSTANCE="SQ_FIL_POLICY_NULL" FROMINSTANCETYPE="Source Qualifier" FROMFIELD="LocCurAmountSign1" TOINSTANCE="FIL_POLICY_NULL" TOINSTANCETYPE="Filter" TOFIELD="LocCurAmountSign1"/><CONNECTOR FROMINSTANCE="TGT_FIL_POLICY_NULL" FROMINSTANCETYPE="Source Definition" FROMFIELD="Amount1" TOINSTANCE="SQ_FIL_POLICY_NULL" TOINSTANCETYPE="Source Qualifier" TOFIELD="Amount1"/><CONNECTOR FROMINSTANCE="SQ_FIL_POLICY_NULL" FROMINSTANCETYPE="Source Qualifier" FROMFIELD="Amount1" TOINSTANCE="FIL_POLICY_NULL" TOINSTANCETYPE="Filter" TOFIELD="Amount1"/><CONNECTOR FROMINSTANCE="TGT_FIL_POLICY_NULL" FROMINSTANCETYPE="Source Definition" FROMFIELD="Ammount_Sign1" TOINSTANCE="SQ_FIL_POLICY_NULL" TOINSTANCETYPE="Source Qualifier" TOFIELD="Ammount_Sign1"/><CONNECTOR FROMINSTANCE="SQ_FIL_POLICY_NULL" FROMINSTANCETYPE="Source Qualifier" FROMFIELD="Ammount_Sign1" TOINSTANCE="FIL_POLICY_NULL" TOINSTANCETYPE="Filter" TOFIELD="Ammount_Sign1"/><CONNECTOR FROMINSTANCE="TGT_FIL_POLICY_NULL" FROMINSTANCETYPE="Source Definition" FROMFIELD="RefBP1" TOINSTANCE="SQ_FIL_POLICY_NULL" TOINSTANCETYPE="Source Qualifier" TOFIELD="RefBP1"/><CONNECTOR FROMINSTANCE="SQ_FIL_POLICY_NULL" FROMINSTANCETYPE="Source Qualifier" FROMFIELD="RefBP1" TOINSTANCE="FIL_POLICY_NULL" TOINSTANCETYPE="Filter" TOFIELD="RefBP1"/><CONNECTOR FROMINSTANCE="TGT_FIL_POLICY_NULL" FROMINSTANCETYPE="Source Definition" FROMFIELD="PostDate1" TOINSTANCE="SQ_FIL_POLICY_NULL" TOINSTANCETYPE="Source Qualifier" TOFIELD="PostDate1"/><CONNECTOR FROMINSTANCE="SQ_FIL_POLICY_NULL" FROMINSTANCETYPE="Source Qualifier" FROMFIELD="PostDate1" TOINSTANCE="FIL_POLICY_NULL" TOINSTANCETYPE="Filter" TOFIELD="PostDate1"/><CONNECTOR FROMINSTANCE="TGT_FIL_POLICY_NULL" FROMINSTANCETYPE="Source Definition" FROMFIELD="CoCd1" TOINSTANCE="SQ_FIL_POLICY_NULL" TOINSTANCETYPE="Source Qualifier" TOFIELD="CoCd1"/><CONNECTOR FROMINSTANCE="SQ_FIL_POLICY_NULL" FROMINSTANCETYPE="Source Qualifier" FROMFIELD="CoCd1" TOINSTANCE="FIL_POLICY_NULL" TOINSTANCETYPE="Filter" TOFIELD="CoCd1"/><CONNECTOR FROMINSTANCE="TGT_FIL_POLICY_NULL" FROMINSTANCETYPE="Source Definition" FROMFIELD="Deferral1" TOINSTANCE="SQ_FIL_POLICY_NULL" TOINSTANCETYPE="Source Qualifier" TOFIELD="Deferral1"/><CONNECTOR FROMINSTANCE="SQ_FIL_POLICY_NULL" FROMINSTANCETYPE="Source Qualifier" FROMFIELD="Deferral1" TOINSTANCE="FIL_POLICY_NULL" TOINSTANCETYPE="Filter" TOFIELD="Deferral1"/><CONNECTOR FROMINSTANCE="TGT_FIL_POLICY_NULL" FROMINSTANCETYPE="Source Definition" FROMFIELD="KEY_DATE1" TOINSTANCE="SQ_FIL_POLICY_NULL" TOINSTANCETYPE="Source Qualifier" TOFIELD="KEY_DATE1"/><CONNECTOR FROMINSTANCE="SQ_FIL_POLICY_NULL" FROMINSTANCETYPE="Source Qualifier" FROMFIELD="KEY_DATE1" TOINSTANCE="FIL_POLICY_NULL" TOINSTANCETYPE="Filter" TOFIELD="KEY_DATE1"/><CONNECTOR FROMINSTANCE="TGT_FIL_POLICY_NULL" FROMINSTANCETYPE="Source Definition" FROMFIELD="S1" TOINSTANCE="SQ_FIL_POLICY_NULL" TOINSTANCETYPE="Source Qualifier" TOFIELD="S1"/><CONNECTOR FROMINSTANCE="SQ_FIL_POLICY_NULL" FROMINSTANCETYPE="Source Qualifier" FROMFIELD="S1" TOINSTANCE="FIL_POLICY_NULL" TOINSTANCETYPE="Filter" TOFIELD="S1"/><CONNECTOR FROMINSTANCE="TGT_FIL_POLICY_NULL" FROMINSTANCETYPE="Source Definition" FROMFIELD="AdditionalReference1" TOINSTANCE="SQ_FIL_POLICY_NULL" TOINSTANCETYPE="Source Qualifier" TOFIELD="AdditionalReference1"/><CONNECTOR FROMINSTANCE="SQ_FIL_POLICY_NULL" FROMINSTANCETYPE="Source Qualifier" FROMFIELD="AdditionalReference1" TOINSTANCE="FIL_POLICY_NULL" TOINSTANCETYPE="Filter" TOFIELD="AdditionalReference1"/><CONNECTOR FROMINSTANCE="TGT_FIL_POLICY_NULL" FROMINSTANCETYPE="Source Definition" FROMFIELD="UnderWriter1" TOINSTANCE="SQ_FIL_POLICY_NULL" TOINSTANCETYPE="Source Qualifier" TOFIELD="UnderWriter1"/><CONNECTOR FROMINSTANCE="SQ_FIL_POLICY_NULL" FROMINSTANCETYPE="Source Qualifier" FROMFIELD="UnderWriter1" TOINSTANCE="FIL_POLICY_NULL" TOINSTANCETYPE="Filter" TOFIELD="UnderWriter1"/><TARGETLOADORDER TARGETINSTANCE="TGT_EXP_OPEN_ITEM_TRANS" ORDER="1"/></MAPPING></FOLDER></REPOSITORY></POWERMART>