<?xml version="1.0" encoding="ISO-8859-1" standalone="yes"?><!DOCTYPE POWERMART SYSTEM "powrmart.dtd">
<POWERMART CREATION_DATE="30-11-2016" REPOSITORY_VERSION="1"><REPOSITORY NAME="NEWREP" DATABASETYPE="DB2" CODEPAGE="Latin1" VERSION="1"><FOLDER NAME="LKP_HEIRARCHY_folder" DESCRIPTION="" SHARED="NOTSHARED" OWNER="EVERIS" GROUP="" PERMISSIONS="rwx---r--" UUID=""><SOURCE NAME="TGT_LKP_HEIRARCHY" DBDNAME="DB2" BUSINESSNAME="" DESCRIPTION="" OBJECTVERSION="1" OWNERNAME="OWNERNAME" DATABASETYPE="DB2" VERSIONNUMBER="1"><SOURCEFIELD NAME="Profit_Ctr" BUSINESSNAME="" DESCRIPTION="" DATATYPE="varchar" KEYTYPE="NOT A KEY" PRECISION="20" SCALE="0" NULLABLE="NULL" USAGE_FLAGS="" LEVEL="0" FIELDTYPE="ELEMITEM" PICTURETEXT="" OCCURS="0" LENGTH="20" PHYSICALOFFSET="0" PHYSICALLENGTH="20" FIELDNUMBER="1" FIELDPROPERTY="0" HIDDEN="NO"/></SOURCE><TARGET NAME="TGT_EXP_UNNASIGNED" OBJECTVERSION="1" DATABASETYPE="DB2" VERSIONNUMBER="1"><TARGETFIELD NAME="REP_BROKER_IN" DATATYPE="varchar" KEYTYPE="NOT A KEY" PRECISION="11" SCALE="0" FIELDNUMBER="1" NULLABLE="NULL"/><TARGETFIELD NAME="LOB_IN" DATATYPE="varchar" KEYTYPE="NOT A KEY" PRECISION="3" SCALE="0" FIELDNUMBER="2" NULLABLE="NULL"/><TARGETFIELD NAME="Country_BU_Code_IN" DATATYPE="varchar" KEYTYPE="NOT A KEY" PRECISION="3" SCALE="0" FIELDNUMBER="3" NULLABLE="NULL"/><TARGETFIELD NAME="SMU_Code_IN" DATATYPE="varchar" KEYTYPE="NOT A KEY" PRECISION="10" SCALE="0" FIELDNUMBER="4" NULLABLE="NULL"/><TARGETFIELD NAME="CoCd_IN" DATATYPE="varchar" KEYTYPE="NOT A KEY" PRECISION="5" SCALE="0" FIELDNUMBER="5" NULLABLE="NULL"/></TARGET><MAPPING NAME="m_LKP_HEIRARCHY" DESCRIPTION="" OBJECTVERSION="1" ISVALID="YES" VERSIONNUMBER="1"><TRANSFORMATION NAME="SQ_LKP_HEIRARCHY" TYPE="Source Qualifier" OBJECTVERSION="1" REUSABLE="NO" VERSIONNUMBER="1"><TRANSFORMFIELD NAME="Profit_Ctr" DESCRIPTION="" DATATYPE="string" PORTTYPE="INPUT/OUTPUT" PRECISION="20" SCALE="0" PICTURETEXT="" DEFAULTVALUE=""/><TABLEATTRIBUTE NAME="SQL Query" VALUE=""/><TABLEATTRIBUTE NAME="User Defined Join" VALUE=""/><TABLEATTRIBUTE NAME="Source Filter" VALUE=""/><TABLEATTRIBUTE NAME="Number Of Sorted Ports" VALUE="0"/><TABLEATTRIBUTE NAME="Tracing Level" VALUE="Normal"/><TABLEATTRIBUTE NAME="Select Distinct" VALUE="NO"/><TABLEATTRIBUTE NAME="Is Partitionable" VALUE="NO"/><TABLEATTRIBUTE NAME="Pre SQL" VALUE=""/><TABLEATTRIBUTE NAME="Post SQL" VALUE=""/><TABLEATTRIBUTE NAME="Output is deterministic" VALUE="NO"/><TABLEATTRIBUTE NAME="Output is repeatable" VALUE="NEVER"/></TRANSFORMATION><TRANSFORMATION NAME="LKP_HEIRARCHY" DESCRIPTION="" TYPE="Lookup Procedure" OBJECTVERSION="1" REUSABLE="NO" VERSIONNUMBER="1"><TRANSFORMFIELD NAME="Region" DESCRIPTION="" DATATYPE="string" PORTTYPE="LOOKUP" PRECISION="3" SCALE="0" PICTURETEXT="" DEFAULTVALUE=""/><TRANSFORMFIELD NAME="Country_BU_Code" DESCRIPTION="" DATATYPE="string" PORTTYPE="LOOKUP/OUTPUT" PRECISION="3" SCALE="0" PICTURETEXT="" DEFAULTVALUE=""/><TRANSFORMFIELD NAME="Country_BU_Name" DESCRIPTION="" DATATYPE="string" PORTTYPE="LOOKUP" PRECISION="13" SCALE="0" PICTURETEXT="" DEFAULTVALUE=""/><TRANSFORMFIELD NAME="Segment_Code" DESCRIPTION="" DATATYPE="string" PORTTYPE="LOOKUP" PRECISION="2" SCALE="0" PICTURETEXT="" DEFAULTVALUE=""/><TRANSFORMFIELD NAME="Segment_Name" DESCRIPTION="" DATATYPE="string" PORTTYPE="LOOKUP" PRECISION="17" SCALE="0" PICTURETEXT="" DEFAULTVALUE=""/><TRANSFORMFIELD NAME="Sub_Segment_Code" DESCRIPTION="" DATATYPE="string" PORTTYPE="LOOKUP" PRECISION="3" SCALE="0" PICTURETEXT="" DEFAULTVALUE=""/><TRANSFORMFIELD NAME="Sub_Segment_Name" DESCRIPTION="" DATATYPE="string" PORTTYPE="LOOKUP" PRECISION="24" SCALE="0" PICTURETEXT="" DEFAULTVALUE=""/><TRANSFORMFIELD NAME="MU_Code" DESCRIPTION="" DATATYPE="string" PORTTYPE="LOOKUP" PRECISION="3" SCALE="0" PICTURETEXT="" DEFAULTVALUE=""/><TRANSFORMFIELD NAME="MU_Name" DESCRIPTION="" DATATYPE="string" PORTTYPE="LOOKUP" PRECISION="25" SCALE="0" PICTURETEXT="" DEFAULTVALUE=""/><TRANSFORMFIELD NAME="MU_Reporting_Name" DESCRIPTION="" DATATYPE="string" PORTTYPE="LOOKUP" PRECISION="18" SCALE="0" PICTURETEXT="" DEFAULTVALUE=""/><TRANSFORMFIELD NAME="SMU_Code" DESCRIPTION="" DATATYPE="string" PORTTYPE="LOOKUP/OUTPUT" PRECISION="10" SCALE="0" PICTURETEXT="" DEFAULTVALUE=""/><TRANSFORMFIELD NAME="SMU_Name" DESCRIPTION="" DATATYPE="string" PORTTYPE="LOOKUP" PRECISION="40" SCALE="0" PICTURETEXT="" DEFAULTVALUE=""/><TRANSFORMFIELD NAME="SMU_Reporting_Name" DESCRIPTION="" DATATYPE="string" PORTTYPE="LOOKUP" PRECISION="33" SCALE="0" PICTURETEXT="" DEFAULTVALUE=""/><TRANSFORMFIELD NAME="Profit_Center_Code" DESCRIPTION="" DATATYPE="string" PORTTYPE="LOOKUP" PRECISION="10" SCALE="0" PICTURETEXT="" DEFAULTVALUE=""/><TRANSFORMFIELD NAME="Profit_Center_Name" DESCRIPTION="" DATATYPE="string" PORTTYPE="LOOKUP" PRECISION="40" SCALE="0" PICTURETEXT="" DEFAULTVALUE=""/><TRANSFORMFIELD NAME="FIELD16" DESCRIPTION="" DATATYPE="string" PORTTYPE="LOOKUP" PRECISION="1" SCALE="0" PICTURETEXT="" DEFAULTVALUE=""/><TRANSFORMFIELD NAME="FIELD17" DESCRIPTION="" DATATYPE="string" PORTTYPE="LOOKUP" PRECISION="1" SCALE="0" PICTURETEXT="" DEFAULTVALUE=""/><TRANSFORMFIELD NAME="Profit_Ctr" DESCRIPTION="" DATATYPE="string" PORTTYPE="INPUT" PRECISION="20" SCALE="0" PICTURETEXT="" DEFAULTVALUE=""/><TABLEATTRIBUTE NAME="Lookup Sql Override" VALUE=""/><TABLEATTRIBUTE NAME="Lookup table name" VALUE=""/><TABLEATTRIBUTE NAME="Lookup Source Filter" VALUE=""/><TABLEATTRIBUTE NAME="Lookup caching enabled" VALUE="YES"/><TABLEATTRIBUTE NAME="Lookup policy on multiple match" VALUE="Use Any Value"/><TABLEATTRIBUTE NAME="Lookup condition" VALUE="Profit_Center_Code = Profit_Ctr"/><TABLEATTRIBUTE NAME="Connection Information" VALUE=""/><TABLEATTRIBUTE NAME="Source Type" VALUE="Flat File"/><TABLEATTRIBUTE NAME="Recache if Stale" VALUE="NO"/><TABLEATTRIBUTE NAME="Tracing Level" VALUE="Normal"/><TABLEATTRIBUTE NAME="Lookup cache directory name" VALUE="$PMCacheDir"/><TABLEATTRIBUTE NAME="Lookup cache initialize" VALUE="NO"/><TABLEATTRIBUTE NAME="Lookup cache persistent" VALUE="NO"/><TABLEATTRIBUTE NAME="Lookup Data Cache Size" VALUE="Auto"/><TABLEATTRIBUTE NAME="Lookup Index Cache Size" VALUE="Auto"/><TABLEATTRIBUTE NAME="Dynamic Lookup Cache" VALUE="NO"/><TABLEATTRIBUTE NAME="Synchronize Dynamic Cache" VALUE="NO"/><TABLEATTRIBUTE NAME="Output Old Value On Update" VALUE="NO"/><TABLEATTRIBUTE NAME="Update Dynamic Cache Condition" VALUE="TRUE"/><TABLEATTRIBUTE NAME="Cache File Name Prefix" VALUE=""/><TABLEATTRIBUTE NAME="Re-cache from lookup source" VALUE="NO"/><TABLEATTRIBUTE NAME="Insert Else Update" VALUE="NO"/><TABLEATTRIBUTE NAME="Update Else Insert" VALUE="NO"/><TABLEATTRIBUTE NAME="Datetime Format" VALUE="A  19 mm/dd/yyyy hh24:mi:ss"/><TABLEATTRIBUTE NAME="Thousand Separator" VALUE="None"/><TABLEATTRIBUTE NAME="Decimal Separator" VALUE="."/><TABLEATTRIBUTE NAME="Case Sensitive String Comparison" VALUE="YES"/><TABLEATTRIBUTE NAME="Null ordering" VALUE="Null Is Highest Value"/><TABLEATTRIBUTE NAME="Sorted Input" VALUE="NO"/><TABLEATTRIBUTE NAME="Lookup source is static" VALUE="YES"/><TABLEATTRIBUTE NAME="Pre-build lookup cache" VALUE="Auto"/><TABLEATTRIBUTE NAME="Subsecond Precision" VALUE="0"/><FLATFILE DELIMITED="YES" DELIMITERS="|" ROWDELIMITER="0" QUOTE_CHARACTER="DOUBLE" NULL_CHARACTER="*" NULLCHARTYPE="ASCII" REPEATABLE="NO" CONSECDELIMITERSASONE="NO" MULTIDELIMITERSASAND="NO" STRIPTRAILINGBLANKS="NO" PADBYTES="1" LINESEQUENTIAL="NO" KEEPESCAPECHAR="NO" SHIFTSENSITIVEDATA="NO" ESCAPE_CHARACTER="" SKIPROWS="1" CODEPAGE="MS1252"/></TRANSFORMATION><INSTANCE NAME="TGT_LKP_HEIRARCHY" TYPE="SOURCE" REUSABLE="NO" TRANSFORMATION_TYPE="Source Definition" TRANSFORMATION_NAME="TGT_LKP_HEIRARCHY" DBDNAME="DB2"/><INSTANCE NAME="TGT_EXP_UNNASIGNED" TYPE="TARGET" REUSABLE="NO" TRANSFORMATION_TYPE="Target Definition" TRANSFORMATION_NAME="TGT_EXP_UNNASIGNED"/><INSTANCE NAME="LKP_HEIRARCHY" TYPE="TRANSFORMATION" REUSABLE="NO" TRANSFORMATION_TYPE="Lookup Procedure" TRANSFORMATION_NAME="LKP_HEIRARCHY"/><INSTANCE NAME="SQ_LKP_HEIRARCHY" TYPE="TRANSFORMATION" REUSABLE="NO" TRANSFORMATION_TYPE="Source Qualifier" TRANSFORMATION_NAME="SQ_LKP_HEIRARCHY"><ASSOCIATED_SOURCE_INSTANCE NAME="LKP_HEIRARCHY"/></INSTANCE><CONNECTOR FROMINSTANCE="TGT_LKP_HEIRARCHY" FROMINSTANCETYPE="Source Definition" FROMFIELD="Profit_Ctr" TOINSTANCE="SQ_LKP_HEIRARCHY" TOINSTANCETYPE="Source Qualifier" TOFIELD="Profit_Ctr"/><CONNECTOR FROMINSTANCE="SQ_LKP_HEIRARCHY" FROMINSTANCETYPE="Source Qualifier" FROMFIELD="Profit_Ctr" TOINSTANCE="LKP_HEIRARCHY" TOINSTANCETYPE="Lookup Procedure" TOFIELD="Profit_Ctr"/><TARGETLOADORDER TARGETINSTANCE="TGT_EXP_UNNASIGNED" ORDER="1"/></MAPPING></FOLDER></REPOSITORY></POWERMART>