<?xml version="1.0" encoding="ISO-8859-1" standalone="yes"?><!DOCTYPE POWERMART SYSTEM "powrmart.dtd">
<POWERMART CREATION_DATE="30-11-2016" REPOSITORY_VERSION="1"><REPOSITORY NAME="NEWREP" DATABASETYPE="DB2" CODEPAGE="Latin1" VERSION="1"><FOLDER NAME="LKP_SC_PARTNER_folder" DESCRIPTION="" SHARED="NOTSHARED" OWNER="EVERIS" GROUP="" PERMISSIONS="rwx---r--" UUID=""><SOURCE NAME="TGT_LKP_SC_PARTNER" DBDNAME="DB2" BUSINESSNAME="" DESCRIPTION="" OBJECTVERSION="1" OWNERNAME="OWNERNAME" DATABASETYPE="DB2" VERSIONNUMBER="1"><SOURCEFIELD NAME="BPARTNER" BUSINESSNAME="" DESCRIPTION="" DATATYPE="varchar" KEYTYPE="NOT A KEY" PRECISION="11" SCALE="0" NULLABLE="NULL" USAGE_FLAGS="" LEVEL="0" FIELDTYPE="ELEMITEM" PICTURETEXT="" OCCURS="0" LENGTH="11" PHYSICALOFFSET="0" PHYSICALLENGTH="11" FIELDNUMBER="1" FIELDPROPERTY="0" HIDDEN="NO"/><SOURCEFIELD NAME="SC_Partner" BUSINESSNAME="" DESCRIPTION="" DATATYPE="varchar" KEYTYPE="NOT A KEY" PRECISION="10" SCALE="0" NULLABLE="NULL" USAGE_FLAGS="" LEVEL="0" FIELDTYPE="ELEMITEM" PICTURETEXT="" OCCURS="0" LENGTH="10" PHYSICALOFFSET="11" PHYSICALLENGTH="10" FIELDNUMBER="2" FIELDPROPERTY="0" HIDDEN="NO"/></SOURCE><TARGET NAME="TGT_EXP_SC_IND" OBJECTVERSION="1" DATABASETYPE="DB2" VERSIONNUMBER="1"><TARGETFIELD NAME="RMW_Object_IO" DATATYPE="varchar" KEYTYPE="NOT A KEY" PRECISION="20" SCALE="0" FIELDNUMBER="1" NULLABLE="NULL"/><TARGETFIELD NAME="RMW_Object_bPartner" DATATYPE="varchar" KEYTYPE="NOT A KEY" PRECISION="20" SCALE="0" FIELDNUMBER="2" NULLABLE="NULL"/></TARGET><MAPPING NAME="m_LKP_SC_PARTNER" DESCRIPTION="" OBJECTVERSION="1" ISVALID="YES" VERSIONNUMBER="1"><TRANSFORMATION NAME="SQ_LKP_SC_PARTNER" TYPE="Source Qualifier" OBJECTVERSION="1" REUSABLE="NO" VERSIONNUMBER="1"><TRANSFORMFIELD NAME="BPARTNER" DESCRIPTION="" DATATYPE="string" PORTTYPE="INPUT/OUTPUT" PRECISION="11" SCALE="0" PICTURETEXT="" DEFAULTVALUE=""/><TRANSFORMFIELD NAME="SC_Partner" DESCRIPTION="" DATATYPE="string" PORTTYPE="INPUT/OUTPUT" PRECISION="10" SCALE="0" PICTURETEXT="" DEFAULTVALUE=""/><TABLEATTRIBUTE NAME="SQL Query" VALUE=""/><TABLEATTRIBUTE NAME="User Defined Join" VALUE=""/><TABLEATTRIBUTE NAME="Source Filter" VALUE=""/><TABLEATTRIBUTE NAME="Number Of Sorted Ports" VALUE="0"/><TABLEATTRIBUTE NAME="Tracing Level" VALUE="Normal"/><TABLEATTRIBUTE NAME="Select Distinct" VALUE="NO"/><TABLEATTRIBUTE NAME="Is Partitionable" VALUE="NO"/><TABLEATTRIBUTE NAME="Pre SQL" VALUE=""/><TABLEATTRIBUTE NAME="Post SQL" VALUE=""/><TABLEATTRIBUTE NAME="Output is deterministic" VALUE="NO"/><TABLEATTRIBUTE NAME="Output is repeatable" VALUE="NEVER"/></TRANSFORMATION><TRANSFORMATION NAME="LKP_SC_PARTNER" DESCRIPTION="" TYPE="Lookup Procedure" OBJECTVERSION="1" REUSABLE="NO" VERSIONNUMBER="1"><TRANSFORMFIELD NAME="Type" DESCRIPTION="" DATATYPE="string" PORTTYPE="LOOKUP" PRECISION="8" SCALE="0" PICTURETEXT="" DEFAULTVALUE=""/><TRANSFORMFIELD NAME="Process" DESCRIPTION="" DATATYPE="string" PORTTYPE="LOOKUP" PRECISION="10" SCALE="0" PICTURETEXT="" DEFAULTVALUE=""/><TRANSFORMFIELD NAME="Insured" DESCRIPTION="" DATATYPE="string" PORTTYPE="LOOKUP" PRECISION="15" SCALE="0" PICTURETEXT="" DEFAULTVALUE=""/><TRANSFORMFIELD NAME="Contract" DESCRIPTION="" DATATYPE="string" PORTTYPE="LOOKUP/OUTPUT" PRECISION="20" SCALE="0" PICTURETEXT="" DEFAULTVALUE=""/><TRANSFORMFIELD NAME="ContractAccount" DESCRIPTION="" DATATYPE="string" PORTTYPE="LOOKUP" PRECISION="16" SCALE="0" PICTURETEXT="" DEFAULTVALUE=""/><TRANSFORMFIELD NAME="DocumentNumber" DESCRIPTION="" DATATYPE="string" PORTTYPE="LOOKUP" PRECISION="100" SCALE="0" PICTURETEXT="" DEFAULTVALUE=""/><TRANSFORMFIELD NAME="Owner" DESCRIPTION="" DATATYPE="string" PORTTYPE="LOOKUP" PRECISION="100" SCALE="0" PICTURETEXT="" DEFAULTVALUE=""/><TRANSFORMFIELD NAME="CollAgency" DESCRIPTION="" DATATYPE="string" PORTTYPE="LOOKUP" PRECISION="10" SCALE="0" PICTURETEXT="" DEFAULTVALUE=""/><TRANSFORMFIELD NAME="CollAgencyName" DESCRIPTION="" DATATYPE="string" PORTTYPE="LOOKUP" PRECISION="10" SCALE="0" PICTURETEXT="" DEFAULTVALUE=""/><TRANSFORMFIELD NAME="CollAgencyDate" DESCRIPTION="" DATATYPE="string" PORTTYPE="LOOKUP" PRECISION="10" SCALE="0" PICTURETEXT="" DEFAULTVALUE=""/><TRANSFORMFIELD NAME="CrDate" DESCRIPTION="" DATATYPE="date/time" PORTTYPE="LOOKUP" PRECISION="29" SCALE="9" PICTURETEXT="" DEFAULTVALUE=""/><TRANSFORMFIELD NAME="PrBDReserve" DESCRIPTION="" DATATYPE="string" PORTTYPE="LOOKUP" PRECISION="10" SCALE="0" PICTURETEXT="" DEFAULTVALUE=""/><TRANSFORMFIELD NAME="NonPrBDReserve" DESCRIPTION="" DATATYPE="string" PORTTYPE="LOOKUP" PRECISION="10" SCALE="0" PICTURETEXT="" DEFAULTVALUE=""/><TRANSFORMFIELD NAME="BPARTNER" DESCRIPTION="" DATATYPE="string" PORTTYPE="INPUT" PRECISION="11" SCALE="0" PICTURETEXT="" DEFAULTVALUE=""/><TRANSFORMFIELD NAME="SC_Partner" DESCRIPTION="" DATATYPE="string" PORTTYPE="INPUT" PRECISION="10" SCALE="0" PICTURETEXT="" DEFAULTVALUE=""/><TABLEATTRIBUTE NAME="Lookup Sql Override" VALUE=""/><TABLEATTRIBUTE NAME="Lookup table name" VALUE=""/><TABLEATTRIBUTE NAME="Lookup Source Filter" VALUE=""/><TABLEATTRIBUTE NAME="Lookup caching enabled" VALUE="YES"/><TABLEATTRIBUTE NAME="Lookup policy on multiple match" VALUE="Use Any Value"/><TABLEATTRIBUTE NAME="Lookup condition" VALUE="Insured = BPARTNER AND Type = SC_Partner"/><TABLEATTRIBUTE NAME="Connection Information" VALUE=""/><TABLEATTRIBUTE NAME="Source Type" VALUE="Flat File"/><TABLEATTRIBUTE NAME="Recache if Stale" VALUE="NO"/><TABLEATTRIBUTE NAME="Tracing Level" VALUE="Normal"/><TABLEATTRIBUTE NAME="Lookup cache directory name" VALUE="$PMCacheDir"/><TABLEATTRIBUTE NAME="Lookup cache initialize" VALUE="NO"/><TABLEATTRIBUTE NAME="Lookup cache persistent" VALUE="NO"/><TABLEATTRIBUTE NAME="Lookup Data Cache Size" VALUE="Auto"/><TABLEATTRIBUTE NAME="Lookup Index Cache Size" VALUE="Auto"/><TABLEATTRIBUTE NAME="Dynamic Lookup Cache" VALUE="NO"/><TABLEATTRIBUTE NAME="Synchronize Dynamic Cache" VALUE="NO"/><TABLEATTRIBUTE NAME="Output Old Value On Update" VALUE="NO"/><TABLEATTRIBUTE NAME="Update Dynamic Cache Condition" VALUE="TRUE"/><TABLEATTRIBUTE NAME="Cache File Name Prefix" VALUE=""/><TABLEATTRIBUTE NAME="Re-cache from lookup source" VALUE="NO"/><TABLEATTRIBUTE NAME="Insert Else Update" VALUE="NO"/><TABLEATTRIBUTE NAME="Update Else Insert" VALUE="NO"/><TABLEATTRIBUTE NAME="Datetime Format" VALUE="A  19 mm/dd/yyyy hh24:mi:ss"/><TABLEATTRIBUTE NAME="Thousand Separator" VALUE="None"/><TABLEATTRIBUTE NAME="Decimal Separator" VALUE="."/><TABLEATTRIBUTE NAME="Case Sensitive String Comparison" VALUE="YES"/><TABLEATTRIBUTE NAME="Null ordering" VALUE="Null Is Highest Value"/><TABLEATTRIBUTE NAME="Sorted Input" VALUE="NO"/><TABLEATTRIBUTE NAME="Lookup source is static" VALUE="YES"/><TABLEATTRIBUTE NAME="Pre-build lookup cache" VALUE="Auto"/><TABLEATTRIBUTE NAME="Subsecond Precision" VALUE="0"/><FLATFILE DELIMITED="YES" DELIMITERS="|" ROWDELIMITER="0" QUOTE_CHARACTER="DOUBLE" NULL_CHARACTER="*" NULLCHARTYPE="ASCII" REPEATABLE="NO" CONSECDELIMITERSASONE="NO" MULTIDELIMITERSASAND="NO" STRIPTRAILINGBLANKS="NO" PADBYTES="1" LINESEQUENTIAL="NO" KEEPESCAPECHAR="NO" SHIFTSENSITIVEDATA="NO" ESCAPE_CHARACTER="" SKIPROWS="1" CODEPAGE="MS1252"/></TRANSFORMATION><INSTANCE NAME="TGT_LKP_SC_PARTNER" TYPE="SOURCE" REUSABLE="NO" TRANSFORMATION_TYPE="Source Definition" TRANSFORMATION_NAME="TGT_LKP_SC_PARTNER" DBDNAME="DB2"/><INSTANCE NAME="TGT_EXP_SC_IND" TYPE="TARGET" REUSABLE="NO" TRANSFORMATION_TYPE="Target Definition" TRANSFORMATION_NAME="TGT_EXP_SC_IND"/><INSTANCE NAME="LKP_SC_PARTNER" TYPE="TRANSFORMATION" REUSABLE="NO" TRANSFORMATION_TYPE="Lookup Procedure" TRANSFORMATION_NAME="LKP_SC_PARTNER"/><INSTANCE NAME="SQ_LKP_SC_PARTNER" TYPE="TRANSFORMATION" REUSABLE="NO" TRANSFORMATION_TYPE="Source Qualifier" TRANSFORMATION_NAME="SQ_LKP_SC_PARTNER"><ASSOCIATED_SOURCE_INSTANCE NAME="LKP_SC_PARTNER"/></INSTANCE><CONNECTOR FROMINSTANCE="TGT_LKP_SC_PARTNER" FROMINSTANCETYPE="Source Definition" FROMFIELD="BPARTNER" TOINSTANCE="SQ_LKP_SC_PARTNER" TOINSTANCETYPE="Source Qualifier" TOFIELD="BPARTNER"/><CONNECTOR FROMINSTANCE="SQ_LKP_SC_PARTNER" FROMINSTANCETYPE="Source Qualifier" FROMFIELD="BPARTNER" TOINSTANCE="LKP_SC_PARTNER" TOINSTANCETYPE="Lookup Procedure" TOFIELD="BPARTNER"/><CONNECTOR FROMINSTANCE="TGT_LKP_SC_PARTNER" FROMINSTANCETYPE="Source Definition" FROMFIELD="SC_Partner" TOINSTANCE="SQ_LKP_SC_PARTNER" TOINSTANCETYPE="Source Qualifier" TOFIELD="SC_Partner"/><CONNECTOR FROMINSTANCE="SQ_LKP_SC_PARTNER" FROMINSTANCETYPE="Source Qualifier" FROMFIELD="SC_Partner" TOINSTANCE="LKP_SC_PARTNER" TOINSTANCETYPE="Lookup Procedure" TOFIELD="SC_Partner"/><TARGETLOADORDER TARGETINSTANCE="TGT_EXP_SC_IND" ORDER="1"/></MAPPING></FOLDER></REPOSITORY></POWERMART>