<?xml version="1.0" encoding="ISO-8859-1" standalone="yes"?><!DOCTYPE POWERMART SYSTEM "powrmart.dtd">
<POWERMART CREATION_DATE="30-11-2016" REPOSITORY_VERSION="1"><REPOSITORY NAME="NEWREP" DATABASETYPE="DB2" CODEPAGE="Latin1" VERSION="1"><FOLDER NAME="LKP_COA_MAIN_SUB_folder" DESCRIPTION="" SHARED="NOTSHARED" OWNER="EVERIS" GROUP="" PERMISSIONS="rwx---r--" UUID=""><SOURCE NAME="TGT_LKP_COA_MAIN_SUB" DBDNAME="DB2" BUSINESSNAME="" DESCRIPTION="" OBJECTVERSION="1" OWNERNAME="OWNERNAME" DATABASETYPE="DB2" VERSIONNUMBER="1"><SOURCEFIELD NAME="MTra1" BUSINESSNAME="" DESCRIPTION="" DATATYPE="varchar" KEYTYPE="NOT A KEY" PRECISION="5" SCALE="0" NULLABLE="NULL" USAGE_FLAGS="" LEVEL="0" FIELDTYPE="ELEMITEM" PICTURETEXT="" OCCURS="0" LENGTH="5" PHYSICALOFFSET="0" PHYSICALLENGTH="5" FIELDNUMBER="1" FIELDPROPERTY="0" HIDDEN="NO"/><SOURCEFIELD NAME="STra1" BUSINESSNAME="" DESCRIPTION="" DATATYPE="varchar" KEYTYPE="NOT A KEY" PRECISION="5" SCALE="0" NULLABLE="NULL" USAGE_FLAGS="" LEVEL="0" FIELDTYPE="ELEMITEM" PICTURETEXT="" OCCURS="0" LENGTH="5" PHYSICALOFFSET="5" PHYSICALLENGTH="5" FIELDNUMBER="2" FIELDPROPERTY="0" HIDDEN="NO"/></SOURCE><TARGET NAME="TGT_EXP_COA_TRANS" OBJECTVERSION="1" DATABASETYPE="DB2" VERSIONNUMBER="1"><TARGETFIELD NAME="Mtra" DATATYPE="varchar" KEYTYPE="NOT A KEY" PRECISION="4" SCALE="0" FIELDNUMBER="1" NULLABLE="NULL"/><TARGETFIELD NAME="Stra" DATATYPE="varchar" KEYTYPE="NOT A KEY" PRECISION="4" SCALE="0" FIELDNUMBER="2" NULLABLE="NULL"/><TARGETFIELD NAME="MTra1" DATATYPE="varchar" KEYTYPE="NOT A KEY" PRECISION="5" SCALE="0" FIELDNUMBER="3" NULLABLE="NULL"/><TARGETFIELD NAME="STra1" DATATYPE="varchar" KEYTYPE="NOT A KEY" PRECISION="5" SCALE="0" FIELDNUMBER="4" NULLABLE="NULL"/></TARGET><MAPPING NAME="m_LKP_COA_MAIN_SUB" DESCRIPTION="" OBJECTVERSION="1" ISVALID="YES" VERSIONNUMBER="1"><TRANSFORMATION NAME="SQ_LKP_COA_MAIN_SUB" TYPE="Source Qualifier" OBJECTVERSION="1" REUSABLE="NO" VERSIONNUMBER="1"><TRANSFORMFIELD NAME="MTra1" DESCRIPTION="" DATATYPE="string" PORTTYPE="INPUT/OUTPUT" PRECISION="5" SCALE="0" PICTURETEXT="" DEFAULTVALUE=""/><TRANSFORMFIELD NAME="STra1" DESCRIPTION="" DATATYPE="string" PORTTYPE="INPUT/OUTPUT" PRECISION="5" SCALE="0" PICTURETEXT="" DEFAULTVALUE=""/><TABLEATTRIBUTE NAME="SQL Query" VALUE=""/><TABLEATTRIBUTE NAME="User Defined Join" VALUE=""/><TABLEATTRIBUTE NAME="Source Filter" VALUE=""/><TABLEATTRIBUTE NAME="Number Of Sorted Ports" VALUE="0"/><TABLEATTRIBUTE NAME="Tracing Level" VALUE="Normal"/><TABLEATTRIBUTE NAME="Select Distinct" VALUE="NO"/><TABLEATTRIBUTE NAME="Is Partitionable" VALUE="NO"/><TABLEATTRIBUTE NAME="Pre SQL" VALUE=""/><TABLEATTRIBUTE NAME="Post SQL" VALUE=""/><TABLEATTRIBUTE NAME="Output is deterministic" VALUE="NO"/><TABLEATTRIBUTE NAME="Output is repeatable" VALUE="NEVER"/></TRANSFORMATION><TRANSFORMATION NAME="LKP_COA_MAIN_SUB" DESCRIPTION="" TYPE="Lookup Procedure" OBJECTVERSION="1" REUSABLE="NO" VERSIONNUMBER="1"><TRANSFORMFIELD NAME="Mtra" DESCRIPTION="" DATATYPE="string" PORTTYPE="LOOKUP/OUTPUT" PRECISION="4" SCALE="0" PICTURETEXT="" DEFAULTVALUE=""/><TRANSFORMFIELD NAME="Stra" DESCRIPTION="" DATATYPE="string" PORTTYPE="LOOKUP/OUTPUT" PRECISION="4" SCALE="0" PICTURETEXT="" DEFAULTVALUE=""/><TRANSFORMFIELD NAME="MTra1" DESCRIPTION="" DATATYPE="string" PORTTYPE="INPUT/OUTPUT" PRECISION="5" SCALE="0" PICTURETEXT="" DEFAULTVALUE=""/><TRANSFORMFIELD NAME="STra1" DESCRIPTION="" DATATYPE="string" PORTTYPE="INPUT/OUTPUT" PRECISION="5" SCALE="0" PICTURETEXT="" DEFAULTVALUE=""/><TABLEATTRIBUTE NAME="Lookup Sql Override" VALUE=""/><TABLEATTRIBUTE NAME="Lookup table name" VALUE=""/><TABLEATTRIBUTE NAME="Lookup Source Filter" VALUE=""/><TABLEATTRIBUTE NAME="Lookup caching enabled" VALUE="YES"/><TABLEATTRIBUTE NAME="Lookup policy on multiple match" VALUE="Report Error"/><TABLEATTRIBUTE NAME="Lookup condition" VALUE="Mtra = MTra1 AND Stra = STra1"/><TABLEATTRIBUTE NAME="Connection Information" VALUE=""/><TABLEATTRIBUTE NAME="Source Type" VALUE="Flat File"/><TABLEATTRIBUTE NAME="Recache if Stale" VALUE="NO"/><TABLEATTRIBUTE NAME="Tracing Level" VALUE="Normal"/><TABLEATTRIBUTE NAME="Lookup cache directory name" VALUE="$PMCacheDir"/><TABLEATTRIBUTE NAME="Lookup cache initialize" VALUE="NO"/><TABLEATTRIBUTE NAME="Lookup cache persistent" VALUE="NO"/><TABLEATTRIBUTE NAME="Lookup Data Cache Size" VALUE="Auto"/><TABLEATTRIBUTE NAME="Lookup Index Cache Size" VALUE="Auto"/><TABLEATTRIBUTE NAME="Dynamic Lookup Cache" VALUE="NO"/><TABLEATTRIBUTE NAME="Synchronize Dynamic Cache" VALUE="NO"/><TABLEATTRIBUTE NAME="Output Old Value On Update" VALUE="NO"/><TABLEATTRIBUTE NAME="Update Dynamic Cache Condition" VALUE="TRUE"/><TABLEATTRIBUTE NAME="Cache File Name Prefix" VALUE=""/><TABLEATTRIBUTE NAME="Re-cache from lookup source" VALUE="NO"/><TABLEATTRIBUTE NAME="Insert Else Update" VALUE="NO"/><TABLEATTRIBUTE NAME="Update Else Insert" VALUE="NO"/><TABLEATTRIBUTE NAME="Datetime Format" VALUE="A  19 mm/dd/yyyy hh24:mi:ss"/><TABLEATTRIBUTE NAME="Thousand Separator" VALUE="None"/><TABLEATTRIBUTE NAME="Decimal Separator" VALUE="."/><TABLEATTRIBUTE NAME="Case Sensitive String Comparison" VALUE="YES"/><TABLEATTRIBUTE NAME="Null ordering" VALUE="Null Is Highest Value"/><TABLEATTRIBUTE NAME="Sorted Input" VALUE="NO"/><TABLEATTRIBUTE NAME="Lookup source is static" VALUE="YES"/><TABLEATTRIBUTE NAME="Pre-build lookup cache" VALUE="Auto"/><TABLEATTRIBUTE NAME="Subsecond Precision" VALUE="0"/><FLATFILE DELIMITED="YES" DELIMITERS="|" ROWDELIMITER="10" QUOTE_CHARACTER="DOUBLE" NULL_CHARACTER="*" NULLCHARTYPE="ASCII" REPEATABLE="NO" CONSECDELIMITERSASONE="NO" MULTIDELIMITERSASAND="NO" STRIPTRAILINGBLANKS="NO" PADBYTES="1" LINESEQUENTIAL="NO" KEEPESCAPECHAR="NO" SHIFTSENSITIVEDATA="NO" ESCAPE_CHARACTER="" SKIPROWS="1" CODEPAGE="MS1252"/></TRANSFORMATION><INSTANCE NAME="TGT_LKP_COA_MAIN_SUB" TYPE="SOURCE" REUSABLE="NO" TRANSFORMATION_TYPE="Source Definition" TRANSFORMATION_NAME="TGT_LKP_COA_MAIN_SUB" DBDNAME="DB2"/><INSTANCE NAME="TGT_EXP_COA_TRANS" TYPE="TARGET" REUSABLE="NO" TRANSFORMATION_TYPE="Target Definition" TRANSFORMATION_NAME="TGT_EXP_COA_TRANS"/><INSTANCE NAME="LKP_COA_MAIN_SUB" TYPE="TRANSFORMATION" REUSABLE="NO" TRANSFORMATION_TYPE="Lookup Procedure" TRANSFORMATION_NAME="LKP_COA_MAIN_SUB"/><INSTANCE NAME="SQ_LKP_COA_MAIN_SUB" TYPE="TRANSFORMATION" REUSABLE="NO" TRANSFORMATION_TYPE="Source Qualifier" TRANSFORMATION_NAME="SQ_LKP_COA_MAIN_SUB"><ASSOCIATED_SOURCE_INSTANCE NAME="LKP_COA_MAIN_SUB"/></INSTANCE><CONNECTOR FROMINSTANCE="TGT_LKP_COA_MAIN_SUB" FROMINSTANCETYPE="Source Definition" FROMFIELD="MTra1" TOINSTANCE="SQ_LKP_COA_MAIN_SUB" TOINSTANCETYPE="Source Qualifier" TOFIELD="MTra1"/><CONNECTOR FROMINSTANCE="SQ_LKP_COA_MAIN_SUB" FROMINSTANCETYPE="Source Qualifier" FROMFIELD="MTra1" TOINSTANCE="LKP_COA_MAIN_SUB" TOINSTANCETYPE="Lookup Procedure" TOFIELD="MTra1"/><CONNECTOR FROMINSTANCE="LKP_COA_MAIN_SUB" FROMINSTANCETYPE="Lookup Procedure" FROMFIELD="MTra1" TOINSTANCE="TGT_EXP_COA_TRANS" TOINSTANCETYPE="Target Definition" TOFIELD="MTra1"/><CONNECTOR FROMINSTANCE="TGT_LKP_COA_MAIN_SUB" FROMINSTANCETYPE="Source Definition" FROMFIELD="STra1" TOINSTANCE="SQ_LKP_COA_MAIN_SUB" TOINSTANCETYPE="Source Qualifier" TOFIELD="STra1"/><CONNECTOR FROMINSTANCE="SQ_LKP_COA_MAIN_SUB" FROMINSTANCETYPE="Source Qualifier" FROMFIELD="STra1" TOINSTANCE="LKP_COA_MAIN_SUB" TOINSTANCETYPE="Lookup Procedure" TOFIELD="STra1"/><CONNECTOR FROMINSTANCE="LKP_COA_MAIN_SUB" FROMINSTANCETYPE="Lookup Procedure" FROMFIELD="STra1" TOINSTANCE="TGT_EXP_COA_TRANS" TOINSTANCETYPE="Target Definition" TOFIELD="STra1"/><TARGETLOADORDER TARGETINSTANCE="TGT_EXP_COA_TRANS" ORDER="1"/></MAPPING></FOLDER></REPOSITORY></POWERMART>