<?xml version="1.0" encoding="ISO-8859-1" standalone="yes"?><!DOCTYPE POWERMART SYSTEM "powrmart.dtd">
<POWERMART CREATION_DATE="30-11-2016" REPOSITORY_VERSION="1"><REPOSITORY NAME="NEWREP" DATABASETYPE="DB2" CODEPAGE="Latin1" VERSION="1"><FOLDER NAME="LKP_BROKER1_folder" DESCRIPTION="" SHARED="NOTSHARED" OWNER="EVERIS" GROUP="" PERMISSIONS="rwx---r--" UUID=""><SOURCE NAME="TGT_LKP_BROKER1" DBDNAME="DB2" BUSINESSNAME="" DESCRIPTION="" OBJECTVERSION="1" OWNERNAME="OWNERNAME" DATABASETYPE="DB2" VERSIONNUMBER="1"><SOURCEFIELD NAME="POLICY_IN" BUSINESSNAME="" DESCRIPTION="" DATATYPE="varchar" KEYTYPE="NOT A KEY" PRECISION="21" SCALE="0" NULLABLE="NULL" USAGE_FLAGS="" LEVEL="0" FIELDTYPE="ELEMITEM" PICTURETEXT="" OCCURS="0" LENGTH="21" PHYSICALOFFSET="0" PHYSICALLENGTH="21" FIELDNUMBER="1" FIELDPROPERTY="0" HIDDEN="NO"/><SOURCEFIELD NAME="BPARTNER_IN" BUSINESSNAME="" DESCRIPTION="" DATATYPE="varchar" KEYTYPE="NOT A KEY" PRECISION="11" SCALE="0" NULLABLE="NULL" USAGE_FLAGS="" LEVEL="0" FIELDTYPE="ELEMITEM" PICTURETEXT="" OCCURS="0" LENGTH="11" PHYSICALOFFSET="21" PHYSICALLENGTH="11" FIELDNUMBER="2" FIELDPROPERTY="0" HIDDEN="NO"/><SOURCEFIELD NAME="PostDate" BUSINESSNAME="" DESCRIPTION="" DATATYPE="varchar" KEYTYPE="NOT A KEY" PRECISION="10" SCALE="0" NULLABLE="NULL" USAGE_FLAGS="" LEVEL="0" FIELDTYPE="ELEMITEM" PICTURETEXT="" OCCURS="0" LENGTH="10" PHYSICALOFFSET="32" PHYSICALLENGTH="10" FIELDNUMBER="3" FIELDPROPERTY="0" HIDDEN="NO"/></SOURCE><TARGET NAME="TGT_EXP_UNNASIGNED1" OBJECTVERSION="1" DATABASETYPE="DB2" VERSIONNUMBER="1"><TARGETFIELD NAME="REP_BROKER_IN" DATATYPE="varchar" KEYTYPE="NOT A KEY" PRECISION="11" SCALE="0" FIELDNUMBER="1" NULLABLE="NULL"/><TARGETFIELD NAME="LOB_IN" DATATYPE="varchar" KEYTYPE="NOT A KEY" PRECISION="3" SCALE="0" FIELDNUMBER="2" NULLABLE="NULL"/><TARGETFIELD NAME="Country_BU_Code_IN" DATATYPE="varchar" KEYTYPE="NOT A KEY" PRECISION="3" SCALE="0" FIELDNUMBER="3" NULLABLE="NULL"/><TARGETFIELD NAME="SMU_Code_IN" DATATYPE="varchar" KEYTYPE="NOT A KEY" PRECISION="10" SCALE="0" FIELDNUMBER="4" NULLABLE="NULL"/><TARGETFIELD NAME="CoCd_IN" DATATYPE="varchar" KEYTYPE="NOT A KEY" PRECISION="5" SCALE="0" FIELDNUMBER="5" NULLABLE="NULL"/></TARGET><MAPPING NAME="m_LKP_BROKER1" DESCRIPTION="" OBJECTVERSION="1" ISVALID="YES" VERSIONNUMBER="1"><TRANSFORMATION NAME="SQ_LKP_BROKER1" TYPE="Source Qualifier" OBJECTVERSION="1" REUSABLE="NO" VERSIONNUMBER="1"><TRANSFORMFIELD NAME="POLICY_IN" DESCRIPTION="" DATATYPE="string" PORTTYPE="INPUT/OUTPUT" PRECISION="21" SCALE="0" PICTURETEXT="" DEFAULTVALUE=""/><TRANSFORMFIELD NAME="BPARTNER_IN" DESCRIPTION="" DATATYPE="string" PORTTYPE="INPUT/OUTPUT" PRECISION="11" SCALE="0" PICTURETEXT="" DEFAULTVALUE=""/><TRANSFORMFIELD NAME="PostDate" DESCRIPTION="" DATATYPE="string" PORTTYPE="INPUT/OUTPUT" PRECISION="10" SCALE="0" PICTURETEXT="" DEFAULTVALUE=""/><TABLEATTRIBUTE NAME="SQL Query" VALUE=""/><TABLEATTRIBUTE NAME="User Defined Join" VALUE=""/><TABLEATTRIBUTE NAME="Source Filter" VALUE=""/><TABLEATTRIBUTE NAME="Number Of Sorted Ports" VALUE="0"/><TABLEATTRIBUTE NAME="Tracing Level" VALUE="Normal"/><TABLEATTRIBUTE NAME="Select Distinct" VALUE="NO"/><TABLEATTRIBUTE NAME="Is Partitionable" VALUE="NO"/><TABLEATTRIBUTE NAME="Pre SQL" VALUE=""/><TABLEATTRIBUTE NAME="Post SQL" VALUE=""/><TABLEATTRIBUTE NAME="Output is deterministic" VALUE="NO"/><TABLEATTRIBUTE NAME="Output is repeatable" VALUE="NEVER"/></TRANSFORMATION><TRANSFORMATION NAME="LKP_BROKER1" DESCRIPTION="" TYPE="Lookup Procedure" OBJECTVERSION="1" REUSABLE="NO" VERSIONNUMBER="1"><TRANSFORMFIELD NAME="FIELD1" DESCRIPTION="" DATATYPE="string" PORTTYPE="LOOKUP" PRECISION="1" SCALE="0" PICTURETEXT="" DEFAULTVALUE=""/><TRANSFORMFIELD NAME="INS_OBJECT" DESCRIPTION="" DATATYPE="string" PORTTYPE="LOOKUP" PRECISION="22" SCALE="0" PICTURETEXT="" DEFAULTVALUE=""/><TRANSFORMFIELD NAME="BUSINESS_PARTNER" DESCRIPTION="" DATATYPE="string" PORTTYPE="LOOKUP" PRECISION="16" SCALE="0" PICTURETEXT="" DEFAULTVALUE=""/><TRANSFORMFIELD NAME="REP_BROKER" DESCRIPTION="" DATATYPE="string" PORTTYPE="LOOKUP/OUTPUT" PRECISION="11" SCALE="0" PICTURETEXT="" DEFAULTVALUE=""/><TRANSFORMFIELD NAME="BROKER_CON" DESCRIPTION="" DATATYPE="string" PORTTYPE="LOOKUP" PRECISION="15" SCALE="0" PICTURETEXT="" DEFAULTVALUE=""/><TRANSFORMFIELD NAME="DATE_FROM" DESCRIPTION="" DATATYPE="string" PORTTYPE="LOOKUP" PRECISION="10" SCALE="0" PICTURETEXT="" DEFAULTVALUE=""/><TRANSFORMFIELD NAME="TO_DATE" DESCRIPTION="" DATATYPE="string" PORTTYPE="LOOKUP" PRECISION="10" SCALE="0" PICTURETEXT="" DEFAULTVALUE=""/><TRANSFORMFIELD NAME="POLICY_IN" DESCRIPTION="" DATATYPE="string" PORTTYPE="INPUT" PRECISION="21" SCALE="0" PICTURETEXT="" DEFAULTVALUE=""/><TRANSFORMFIELD NAME="BPARTNER_IN" DESCRIPTION="" DATATYPE="string" PORTTYPE="INPUT" PRECISION="11" SCALE="0" PICTURETEXT="" DEFAULTVALUE=""/><TRANSFORMFIELD NAME="PostDate" DESCRIPTION="" DATATYPE="string" PORTTYPE="INPUT" PRECISION="10" SCALE="0" PICTURETEXT="" DEFAULTVALUE=""/><TABLEATTRIBUTE NAME="Lookup Sql Override" VALUE=""/><TABLEATTRIBUTE NAME="Lookup table name" VALUE=""/><TABLEATTRIBUTE NAME="Lookup Source Filter" VALUE=""/><TABLEATTRIBUTE NAME="Lookup caching enabled" VALUE="YES"/><TABLEATTRIBUTE NAME="Lookup policy on multiple match" VALUE="Report Error"/><TABLEATTRIBUTE NAME="Lookup condition" VALUE="INS_OBJECT = POLICY_IN AND BUSINESS_PARTNER = BPARTNER_IN AND DATE_FROM &lt;= PostDate AND TO_DATE &gt;= PostDate"/><TABLEATTRIBUTE NAME="Connection Information" VALUE=""/><TABLEATTRIBUTE NAME="Source Type" VALUE="Flat File"/><TABLEATTRIBUTE NAME="Recache if Stale" VALUE="NO"/><TABLEATTRIBUTE NAME="Tracing Level" VALUE="Normal"/><TABLEATTRIBUTE NAME="Lookup cache directory name" VALUE="$PMCacheDir"/><TABLEATTRIBUTE NAME="Lookup cache initialize" VALUE="NO"/><TABLEATTRIBUTE NAME="Lookup cache persistent" VALUE="NO"/><TABLEATTRIBUTE NAME="Lookup Data Cache Size" VALUE="Auto"/><TABLEATTRIBUTE NAME="Lookup Index Cache Size" VALUE="Auto"/><TABLEATTRIBUTE NAME="Dynamic Lookup Cache" VALUE="NO"/><TABLEATTRIBUTE NAME="Synchronize Dynamic Cache" VALUE="NO"/><TABLEATTRIBUTE NAME="Output Old Value On Update" VALUE="NO"/><TABLEATTRIBUTE NAME="Update Dynamic Cache Condition" VALUE="TRUE"/><TABLEATTRIBUTE NAME="Cache File Name Prefix" VALUE=""/><TABLEATTRIBUTE NAME="Re-cache from lookup source" VALUE="NO"/><TABLEATTRIBUTE NAME="Insert Else Update" VALUE="NO"/><TABLEATTRIBUTE NAME="Update Else Insert" VALUE="NO"/><TABLEATTRIBUTE NAME="Datetime Format" VALUE="A  19 mm/dd/yyyy hh24:mi:ss"/><TABLEATTRIBUTE NAME="Thousand Separator" VALUE="None"/><TABLEATTRIBUTE NAME="Decimal Separator" VALUE="."/><TABLEATTRIBUTE NAME="Case Sensitive String Comparison" VALUE="YES"/><TABLEATTRIBUTE NAME="Null ordering" VALUE="Null Is Highest Value"/><TABLEATTRIBUTE NAME="Sorted Input" VALUE="NO"/><TABLEATTRIBUTE NAME="Lookup source is static" VALUE="YES"/><TABLEATTRIBUTE NAME="Pre-build lookup cache" VALUE="Auto"/><TABLEATTRIBUTE NAME="Subsecond Precision" VALUE="0"/><FLATFILE DELIMITED="YES" DELIMITERS="|" ROWDELIMITER="10" QUOTE_CHARACTER="DOUBLE" NULL_CHARACTER="*" NULLCHARTYPE="ASCII" REPEATABLE="NO" CONSECDELIMITERSASONE="NO" MULTIDELIMITERSASAND="NO" STRIPTRAILINGBLANKS="NO" PADBYTES="1" LINESEQUENTIAL="NO" KEEPESCAPECHAR="NO" SHIFTSENSITIVEDATA="NO" ESCAPE_CHARACTER="" SKIPROWS="0" CODEPAGE="MS1252"/></TRANSFORMATION><INSTANCE NAME="TGT_LKP_BROKER1" TYPE="SOURCE" REUSABLE="NO" TRANSFORMATION_TYPE="Source Definition" TRANSFORMATION_NAME="TGT_LKP_BROKER1" DBDNAME="DB2"/><INSTANCE NAME="TGT_EXP_UNNASIGNED1" TYPE="TARGET" REUSABLE="NO" TRANSFORMATION_TYPE="Target Definition" TRANSFORMATION_NAME="TGT_EXP_UNNASIGNED1"/><INSTANCE NAME="LKP_BROKER1" TYPE="TRANSFORMATION" REUSABLE="NO" TRANSFORMATION_TYPE="Lookup Procedure" TRANSFORMATION_NAME="LKP_BROKER1"/><INSTANCE NAME="SQ_LKP_BROKER1" TYPE="TRANSFORMATION" REUSABLE="NO" TRANSFORMATION_TYPE="Source Qualifier" TRANSFORMATION_NAME="SQ_LKP_BROKER1"><ASSOCIATED_SOURCE_INSTANCE NAME="LKP_BROKER1"/></INSTANCE><CONNECTOR FROMINSTANCE="TGT_LKP_BROKER1" FROMINSTANCETYPE="Source Definition" FROMFIELD="POLICY_IN" TOINSTANCE="SQ_LKP_BROKER1" TOINSTANCETYPE="Source Qualifier" TOFIELD="POLICY_IN"/><CONNECTOR FROMINSTANCE="SQ_LKP_BROKER1" FROMINSTANCETYPE="Source Qualifier" FROMFIELD="POLICY_IN" TOINSTANCE="LKP_BROKER1" TOINSTANCETYPE="Lookup Procedure" TOFIELD="POLICY_IN"/><CONNECTOR FROMINSTANCE="TGT_LKP_BROKER1" FROMINSTANCETYPE="Source Definition" FROMFIELD="BPARTNER_IN" TOINSTANCE="SQ_LKP_BROKER1" TOINSTANCETYPE="Source Qualifier" TOFIELD="BPARTNER_IN"/><CONNECTOR FROMINSTANCE="SQ_LKP_BROKER1" FROMINSTANCETYPE="Source Qualifier" FROMFIELD="BPARTNER_IN" TOINSTANCE="LKP_BROKER1" TOINSTANCETYPE="Lookup Procedure" TOFIELD="BPARTNER_IN"/><CONNECTOR FROMINSTANCE="TGT_LKP_BROKER1" FROMINSTANCETYPE="Source Definition" FROMFIELD="PostDate" TOINSTANCE="SQ_LKP_BROKER1" TOINSTANCETYPE="Source Qualifier" TOFIELD="PostDate"/><CONNECTOR FROMINSTANCE="SQ_LKP_BROKER1" FROMINSTANCETYPE="Source Qualifier" FROMFIELD="PostDate" TOINSTANCE="LKP_BROKER1" TOINSTANCETYPE="Lookup Procedure" TOFIELD="PostDate"/><TARGETLOADORDER TARGETINSTANCE="TGT_EXP_UNNASIGNED1" ORDER="1"/></MAPPING></FOLDER></REPOSITORY></POWERMART>