<?xml version="1.0" encoding="ISO-8859-1" standalone="yes"?><!DOCTYPE POWERMART SYSTEM "powrmart.dtd">
<POWERMART CREATION_DATE="30-11-2016" REPOSITORY_VERSION="1"><REPOSITORY NAME="NEWREP" DATABASETYPE="DB2" CODEPAGE="Latin1" VERSION="1"><FOLDER NAME="SQ_CSS55AR_PWC_OPEN_ITEM_folder" DESCRIPTION="" SHARED="NOTSHARED" OWNER="EVERIS" GROUP="" PERMISSIONS="rwx---r--" UUID=""><SOURCE NAME="SQ_CSS55AR_PWC_OPEN_ITEM" DBDNAME="DB2" BUSINESSNAME="" DESCRIPTION="" OBJECTVERSION="1" OWNERNAME="OWNERNAME" DATABASETYPE="DB2" VERSIONNUMBER="1"><SOURCEFIELD NAME="Discard1" BUSINESSNAME="" DESCRIPTION="" DATATYPE="varchar" KEYTYPE="NOT A KEY" PRECISION="2" SCALE="0" NULLABLE="NULL" USAGE_FLAGS="" LEVEL="0" FIELDTYPE="ELEMITEM" PICTURETEXT="" OCCURS="0" LENGTH="2" PHYSICALOFFSET="0" PHYSICALLENGTH="2" FIELDNUMBER="1" FIELDPROPERTY="0" HIDDEN="NO"/><SOURCEFIELD NAME="CoCd" BUSINESSNAME="" DESCRIPTION="" DATATYPE="varchar" KEYTYPE="NOT A KEY" PRECISION="5" SCALE="0" NULLABLE="NULL" USAGE_FLAGS="" LEVEL="0" FIELDTYPE="ELEMITEM" PICTURETEXT="" OCCURS="0" LENGTH="5" PHYSICALOFFSET="2" PHYSICALLENGTH="5" FIELDNUMBER="2" FIELDPROPERTY="0" HIDDEN="NO"/><SOURCEFIELD NAME="BPartner" BUSINESSNAME="" DESCRIPTION="" DATATYPE="varchar" KEYTYPE="NOT A KEY" PRECISION="11" SCALE="0" NULLABLE="NULL" USAGE_FLAGS="" LEVEL="0" FIELDTYPE="ELEMITEM" PICTURETEXT="" OCCURS="0" LENGTH="11" PHYSICALOFFSET="7" PHYSICALLENGTH="11" FIELDNUMBER="3" FIELDPROPERTY="0" HIDDEN="NO"/><SOURCEFIELD NAME="Contract" BUSINESSNAME="" DESCRIPTION="" DATATYPE="varchar" KEYTYPE="NOT A KEY" PRECISION="21" SCALE="0" NULLABLE="NULL" USAGE_FLAGS="" LEVEL="0" FIELDTYPE="ELEMITEM" PICTURETEXT="" OCCURS="0" LENGTH="21" PHYSICALOFFSET="18" PHYSICALLENGTH="21" FIELDNUMBER="4" FIELDPROPERTY="0" HIDDEN="NO"/><SOURCEFIELD NAME="PostDate" BUSINESSNAME="" DESCRIPTION="" DATATYPE="varchar" KEYTYPE="NOT A KEY" PRECISION="11" SCALE="0" NULLABLE="NULL" USAGE_FLAGS="" LEVEL="0" FIELDTYPE="ELEMITEM" PICTURETEXT="" OCCURS="0" LENGTH="11" PHYSICALOFFSET="39" PHYSICALLENGTH="11" FIELDNUMBER="5" FIELDPROPERTY="0" HIDDEN="NO"/><SOURCEFIELD NAME="DocDate" BUSINESSNAME="" DESCRIPTION="" DATATYPE="varchar" KEYTYPE="NOT A KEY" PRECISION="11" SCALE="0" NULLABLE="NULL" USAGE_FLAGS="" LEVEL="0" FIELDTYPE="ELEMITEM" PICTURETEXT="" OCCURS="0" LENGTH="11" PHYSICALOFFSET="50" PHYSICALLENGTH="11" FIELDNUMBER="6" FIELDPROPERTY="0" HIDDEN="NO"/><SOURCEFIELD NAME="Due" BUSINESSNAME="" DESCRIPTION="" DATATYPE="varchar" KEYTYPE="NOT A KEY" PRECISION="11" SCALE="0" NULLABLE="NULL" USAGE_FLAGS="" LEVEL="0" FIELDTYPE="ELEMITEM" PICTURETEXT="" OCCURS="0" LENGTH="11" PHYSICALOFFSET="61" PHYSICALLENGTH="11" FIELDNUMBER="7" FIELDPROPERTY="0" HIDDEN="NO"/><SOURCEFIELD NAME="Deferral" BUSINESSNAME="" DESCRIPTION="" DATATYPE="varchar" KEYTYPE="NOT A KEY" PRECISION="11" SCALE="0" NULLABLE="NULL" USAGE_FLAGS="" LEVEL="0" FIELDTYPE="ELEMITEM" PICTURETEXT="" OCCURS="0" LENGTH="11" PHYSICALOFFSET="72" PHYSICALLENGTH="11" FIELDNUMBER="8" FIELDPROPERTY="0" HIDDEN="NO"/><SOURCEFIELD NAME="GL_ACCOUNT" BUSINESSNAME="" DESCRIPTION="" DATATYPE="varchar" KEYTYPE="NOT A KEY" PRECISION="11" SCALE="0" NULLABLE="NULL" USAGE_FLAGS="" LEVEL="0" FIELDTYPE="ELEMITEM" PICTURETEXT="" OCCURS="0" LENGTH="11" PHYSICALOFFSET="83" PHYSICALLENGTH="11" FIELDNUMBER="9" FIELDPROPERTY="0" HIDDEN="NO"/><SOURCEFIELD NAME="MTra" BUSINESSNAME="" DESCRIPTION="" DATATYPE="varchar" KEYTYPE="NOT A KEY" PRECISION="5" SCALE="0" NULLABLE="NULL" USAGE_FLAGS="" LEVEL="0" FIELDTYPE="ELEMITEM" PICTURETEXT="" OCCURS="0" LENGTH="5" PHYSICALOFFSET="94" PHYSICALLENGTH="5" FIELDNUMBER="10" FIELDPROPERTY="0" HIDDEN="NO"/><SOURCEFIELD NAME="STra" BUSINESSNAME="" DESCRIPTION="" DATATYPE="varchar" KEYTYPE="NOT A KEY" PRECISION="5" SCALE="0" NULLABLE="NULL" USAGE_FLAGS="" LEVEL="0" FIELDTYPE="ELEMITEM" PICTURETEXT="" OCCURS="0" LENGTH="5" PHYSICALOFFSET="99" PHYSICALLENGTH="5" FIELDNUMBER="11" FIELDPROPERTY="0" HIDDEN="NO"/><SOURCEFIELD NAME="Amount" BUSINESSNAME="" DESCRIPTION="" DATATYPE="varchar" KEYTYPE="NOT A KEY" PRECISION="17" SCALE="0" NULLABLE="NULL" USAGE_FLAGS="" LEVEL="0" FIELDTYPE="ELEMITEM" PICTURETEXT="" OCCURS="0" LENGTH="17" PHYSICALOFFSET="104" PHYSICALLENGTH="17" FIELDNUMBER="12" FIELDPROPERTY="0" HIDDEN="NO"/><SOURCEFIELD NAME="Ammount_Sign" BUSINESSNAME="" DESCRIPTION="" DATATYPE="varchar" KEYTYPE="NOT A KEY" PRECISION="2" SCALE="0" NULLABLE="NULL" USAGE_FLAGS="" LEVEL="0" FIELDTYPE="ELEMITEM" PICTURETEXT="" OCCURS="0" LENGTH="2" PHYSICALOFFSET="121" PHYSICALLENGTH="2" FIELDNUMBER="13" FIELDPROPERTY="0" HIDDEN="NO"/><SOURCEFIELD NAME="RiskValid" BUSINESSNAME="" DESCRIPTION="" DATATYPE="varchar" KEYTYPE="NOT A KEY" PRECISION="11" SCALE="0" NULLABLE="NULL" USAGE_FLAGS="" LEVEL="0" FIELDTYPE="ELEMITEM" PICTURETEXT="" OCCURS="0" LENGTH="11" PHYSICALOFFSET="123" PHYSICALLENGTH="11" FIELDNUMBER="14" FIELDPROPERTY="0" HIDDEN="NO"/><SOURCEFIELD NAME="RiskValid2" BUSINESSNAME="" DESCRIPTION="" DATATYPE="varchar" KEYTYPE="NOT A KEY" PRECISION="11" SCALE="0" NULLABLE="NULL" USAGE_FLAGS="" LEVEL="0" FIELDTYPE="ELEMITEM" PICTURETEXT="" OCCURS="0" LENGTH="11" PHYSICALOFFSET="134" PHYSICALLENGTH="11" FIELDNUMBER="15" FIELDPROPERTY="0" HIDDEN="NO"/><SOURCEFIELD NAME="So" BUSINESSNAME="" DESCRIPTION="" DATATYPE="varchar" KEYTYPE="NOT A KEY" PRECISION="3" SCALE="0" NULLABLE="NULL" USAGE_FLAGS="" LEVEL="0" FIELDTYPE="ELEMITEM" PICTURETEXT="" OCCURS="0" LENGTH="3" PHYSICALOFFSET="145" PHYSICALLENGTH="3" FIELDNUMBER="16" FIELDPROPERTY="0" HIDDEN="NO"/><SOURCEFIELD NAME="PremiumComm" BUSINESSNAME="" DESCRIPTION="" DATATYPE="varchar" KEYTYPE="NOT A KEY" PRECISION="13" SCALE="0" NULLABLE="NULL" USAGE_FLAGS="" LEVEL="0" FIELDTYPE="ELEMITEM" PICTURETEXT="" OCCURS="0" LENGTH="13" PHYSICALOFFSET="148" PHYSICALLENGTH="13" FIELDNUMBER="17" FIELDPROPERTY="0" HIDDEN="NO"/><SOURCEFIELD NAME="PC" BUSINESSNAME="" DESCRIPTION="" DATATYPE="varchar" KEYTYPE="NOT A KEY" PRECISION="3" SCALE="0" NULLABLE="NULL" USAGE_FLAGS="" LEVEL="0" FIELDTYPE="ELEMITEM" PICTURETEXT="" OCCURS="0" LENGTH="3" PHYSICALOFFSET="161" PHYSICALLENGTH="3" FIELDNUMBER="18" FIELDPROPERTY="0" HIDDEN="NO"/><SOURCEFIELD NAME="AdditionalReference" BUSINESSNAME="" DESCRIPTION="" DATATYPE="varchar" KEYTYPE="NOT A KEY" PRECISION="21" SCALE="0" NULLABLE="NULL" USAGE_FLAGS="" LEVEL="0" FIELDTYPE="ELEMITEM" PICTURETEXT="" OCCURS="0" LENGTH="21" PHYSICALOFFSET="164" PHYSICALLENGTH="21" FIELDNUMBER="19" FIELDPROPERTY="0" HIDDEN="NO"/><SOURCEFIELD NAME="Contract2" BUSINESSNAME="" DESCRIPTION="" DATATYPE="varchar" KEYTYPE="NOT A KEY" PRECISION="21" SCALE="0" NULLABLE="NULL" USAGE_FLAGS="" LEVEL="0" FIELDTYPE="ELEMITEM" PICTURETEXT="" OCCURS="0" LENGTH="21" PHYSICALOFFSET="185" PHYSICALLENGTH="21" FIELDNUMBER="20" FIELDPROPERTY="0" HIDDEN="NO"/><SOURCEFIELD NAME="ExternalReference" BUSINESSNAME="" DESCRIPTION="" DATATYPE="varchar" KEYTYPE="NOT A KEY" PRECISION="21" SCALE="0" NULLABLE="NULL" USAGE_FLAGS="" LEVEL="0" FIELDTYPE="ELEMITEM" PICTURETEXT="" OCCURS="0" LENGTH="21" PHYSICALOFFSET="206" PHYSICALLENGTH="21" FIELDNUMBER="21" FIELDPROPERTY="0" HIDDEN="NO"/><SOURCEFIELD NAME="S" BUSINESSNAME="" DESCRIPTION="" DATATYPE="varchar" KEYTYPE="NOT A KEY" PRECISION="2" SCALE="0" NULLABLE="NULL" USAGE_FLAGS="" LEVEL="0" FIELDTYPE="ELEMITEM" PICTURETEXT="" OCCURS="0" LENGTH="2" PHYSICALOFFSET="227" PHYSICALLENGTH="2" FIELDNUMBER="22" FIELDPROPERTY="0" HIDDEN="NO"/><SOURCEFIELD NAME="DocNo" BUSINESSNAME="" DESCRIPTION="" DATATYPE="varchar" KEYTYPE="NOT A KEY" PRECISION="13" SCALE="0" NULLABLE="NULL" USAGE_FLAGS="" LEVEL="0" FIELDTYPE="ELEMITEM" PICTURETEXT="" OCCURS="0" LENGTH="13" PHYSICALOFFSET="229" PHYSICALLENGTH="13" FIELDNUMBER="23" FIELDPROPERTY="0" HIDDEN="NO"/><SOURCEFIELD NAME="RefBP" BUSINESSNAME="" DESCRIPTION="" DATATYPE="varchar" KEYTYPE="NOT A KEY" PRECISION="11" SCALE="0" NULLABLE="NULL" USAGE_FLAGS="" LEVEL="0" FIELDTYPE="ELEMITEM" PICTURETEXT="" OCCURS="0" LENGTH="11" PHYSICALOFFSET="242" PHYSICALLENGTH="11" FIELDNUMBER="24" FIELDPROPERTY="0" HIDDEN="NO"/><SOURCEFIELD NAME="CustomerID" BUSINESSNAME="" DESCRIPTION="" DATATYPE="varchar" KEYTYPE="NOT A KEY" PRECISION="16" SCALE="0" NULLABLE="NULL" USAGE_FLAGS="" LEVEL="0" FIELDTYPE="ELEMITEM" PICTURETEXT="" OCCURS="0" LENGTH="16" PHYSICALOFFSET="253" PHYSICALLENGTH="16" FIELDNUMBER="25" FIELDPROPERTY="0" HIDDEN="NO"/><SOURCEFIELD NAME="AssignedRep" BUSINESSNAME="" DESCRIPTION="" DATATYPE="varchar" KEYTYPE="NOT A KEY" PRECISION="13" SCALE="0" NULLABLE="NULL" USAGE_FLAGS="" LEVEL="0" FIELDTYPE="ELEMITEM" PICTURETEXT="" OCCURS="0" LENGTH="13" PHYSICALOFFSET="269" PHYSICALLENGTH="13" FIELDNUMBER="26" FIELDPROPERTY="0" HIDDEN="NO"/><SOURCEFIELD NAME="CurrResRep" BUSINESSNAME="" DESCRIPTION="" DATATYPE="varchar" KEYTYPE="NOT A KEY" PRECISION="13" SCALE="0" NULLABLE="NULL" USAGE_FLAGS="" LEVEL="0" FIELDTYPE="ELEMITEM" PICTURETEXT="" OCCURS="0" LENGTH="13" PHYSICALOFFSET="282" PHYSICALLENGTH="13" FIELDNUMBER="27" FIELDPROPERTY="0" HIDDEN="NO"/><SOURCEFIELD NAME="BT" BUSINESSNAME="" DESCRIPTION="" DATATYPE="varchar" KEYTYPE="NOT A KEY" PRECISION="3" SCALE="0" NULLABLE="NULL" USAGE_FLAGS="" LEVEL="0" FIELDTYPE="ELEMITEM" PICTURETEXT="" OCCURS="0" LENGTH="3" PHYSICALOFFSET="295" PHYSICALLENGTH="3" FIELDNUMBER="28" FIELDPROPERTY="0" HIDDEN="NO"/><SOURCEFIELD NAME="CrCz" BUSINESSNAME="" DESCRIPTION="" DATATYPE="varchar" KEYTYPE="NOT A KEY" PRECISION="6" SCALE="0" NULLABLE="NULL" USAGE_FLAGS="" LEVEL="0" FIELDTYPE="ELEMITEM" PICTURETEXT="" OCCURS="0" LENGTH="6" PHYSICALOFFSET="298" PHYSICALLENGTH="6" FIELDNUMBER="29" FIELDPROPERTY="0" HIDDEN="NO"/><SOURCEFIELD NAME="LocCurrAmount" BUSINESSNAME="" DESCRIPTION="" DATATYPE="varchar" KEYTYPE="NOT A KEY" PRECISION="17" SCALE="0" NULLABLE="NULL" USAGE_FLAGS="" LEVEL="0" FIELDTYPE="ELEMITEM" PICTURETEXT="" OCCURS="0" LENGTH="17" PHYSICALOFFSET="304" PHYSICALLENGTH="17" FIELDNUMBER="30" FIELDPROPERTY="0" HIDDEN="NO"/><SOURCEFIELD NAME="LocCurAmountSign" BUSINESSNAME="" DESCRIPTION="" DATATYPE="varchar" KEYTYPE="NOT A KEY" PRECISION="1" SCALE="0" NULLABLE="NULL" USAGE_FLAGS="" LEVEL="0" FIELDTYPE="ELEMITEM" PICTURETEXT="" OCCURS="0" LENGTH="1" PHYSICALOFFSET="321" PHYSICALLENGTH="1" FIELDNUMBER="31" FIELDPROPERTY="0" HIDDEN="NO"/><SOURCEFIELD NAME="UnderWriter" BUSINESSNAME="" DESCRIPTION="" DATATYPE="varchar" KEYTYPE="NOT A KEY" PRECISION="9" SCALE="0" NULLABLE="NULL" USAGE_FLAGS="" LEVEL="0" FIELDTYPE="ELEMITEM" PICTURETEXT="" OCCURS="0" LENGTH="9" PHYSICALOFFSET="322" PHYSICALLENGTH="9" FIELDNUMBER="32" FIELDPROPERTY="0" HIDDEN="NO"/><SOURCEFIELD NAME="discard2" BUSINESSNAME="" DESCRIPTION="" DATATYPE="varchar" KEYTYPE="NOT A KEY" PRECISION="1" SCALE="0" NULLABLE="NULL" USAGE_FLAGS="" LEVEL="0" FIELDTYPE="ELEMITEM" PICTURETEXT="" OCCURS="0" LENGTH="1" PHYSICALOFFSET="331" PHYSICALLENGTH="1" FIELDNUMBER="33" FIELDPROPERTY="0" HIDDEN="NO"/><SOURCEFIELD NAME="KEY_DATE" BUSINESSNAME="" DESCRIPTION="" DATATYPE="varchar" KEYTYPE="NOT A KEY" PRECISION="10" SCALE="0" NULLABLE="NULL" USAGE_FLAGS="" LEVEL="0" FIELDTYPE="ELEMITEM" PICTURETEXT="" OCCURS="0" LENGTH="10" PHYSICALOFFSET="332" PHYSICALLENGTH="10" FIELDNUMBER="34" FIELDPROPERTY="0" HIDDEN="NO"/></SOURCE><TARGET NAME="TGT_FIL_COCD_S_GL" OBJECTVERSION="1" DATABASETYPE="DB2" VERSIONNUMBER="1"><TARGETFIELD NAME="BPartner" DATATYPE="varchar" KEYTYPE="NOT A KEY" PRECISION="11" SCALE="0" FIELDNUMBER="1" NULLABLE="NULL"/><TARGETFIELD NAME="Contract" DATATYPE="varchar" KEYTYPE="NOT A KEY" PRECISION="21" SCALE="0" FIELDNUMBER="2" NULLABLE="NULL"/><TARGETFIELD NAME="Contract_bPartner" DATATYPE="varchar" KEYTYPE="NOT A KEY" PRECISION="21" SCALE="0" FIELDNUMBER="3" NULLABLE="NULL"/><TARGETFIELD NAME="DocDate" DATATYPE="varchar" KEYTYPE="NOT A KEY" PRECISION="11" SCALE="0" FIELDNUMBER="4" NULLABLE="NULL"/><TARGETFIELD NAME="Due" DATATYPE="varchar" KEYTYPE="NOT A KEY" PRECISION="11" SCALE="0" FIELDNUMBER="5" NULLABLE="NULL"/><TARGETFIELD NAME="MTra" DATATYPE="varchar" KEYTYPE="NOT A KEY" PRECISION="5" SCALE="0" FIELDNUMBER="6" NULLABLE="NULL"/><TARGETFIELD NAME="STra" DATATYPE="varchar" KEYTYPE="NOT A KEY" PRECISION="5" SCALE="0" FIELDNUMBER="7" NULLABLE="NULL"/><TARGETFIELD NAME="DocNo" DATATYPE="varchar" KEYTYPE="NOT A KEY" PRECISION="13" SCALE="0" FIELDNUMBER="8" NULLABLE="NULL"/><TARGETFIELD NAME="AssignedRep" DATATYPE="varchar" KEYTYPE="NOT A KEY" PRECISION="13" SCALE="0" FIELDNUMBER="9" NULLABLE="NULL"/><TARGETFIELD NAME="CrCz" DATATYPE="varchar" KEYTYPE="NOT A KEY" PRECISION="6" SCALE="0" FIELDNUMBER="10" NULLABLE="NULL"/><TARGETFIELD NAME="LocCurrAmount" DATATYPE="varchar" KEYTYPE="NOT A KEY" PRECISION="17" SCALE="0" FIELDNUMBER="11" NULLABLE="NULL"/><TARGETFIELD NAME="LocCurAmountSign" DATATYPE="varchar" KEYTYPE="NOT A KEY" PRECISION="1" SCALE="0" FIELDNUMBER="12" NULLABLE="NULL"/><TARGETFIELD NAME="Amount" DATATYPE="varchar" KEYTYPE="NOT A KEY" PRECISION="17" SCALE="0" FIELDNUMBER="13" NULLABLE="NULL"/><TARGETFIELD NAME="Ammount_Sign" DATATYPE="varchar" KEYTYPE="NOT A KEY" PRECISION="2" SCALE="0" FIELDNUMBER="14" NULLABLE="NULL"/><TARGETFIELD NAME="RefBP" DATATYPE="varchar" KEYTYPE="NOT A KEY" PRECISION="11" SCALE="0" FIELDNUMBER="15" NULLABLE="NULL"/><TARGETFIELD NAME="PostDate" DATATYPE="varchar" KEYTYPE="NOT A KEY" PRECISION="11" SCALE="0" FIELDNUMBER="16" NULLABLE="NULL"/><TARGETFIELD NAME="CoCd" DATATYPE="varchar" KEYTYPE="NOT A KEY" PRECISION="5" SCALE="0" FIELDNUMBER="17" NULLABLE="NULL"/><TARGETFIELD NAME="Deferral" DATATYPE="varchar" KEYTYPE="NOT A KEY" PRECISION="11" SCALE="0" FIELDNUMBER="18" NULLABLE="NULL"/><TARGETFIELD NAME="KEY_DATE" DATATYPE="varchar" KEYTYPE="NOT A KEY" PRECISION="10" SCALE="0" FIELDNUMBER="19" NULLABLE="NULL"/><TARGETFIELD NAME="S" DATATYPE="varchar" KEYTYPE="NOT A KEY" PRECISION="2" SCALE="0" FIELDNUMBER="20" NULLABLE="NULL"/><TARGETFIELD NAME="GL_ACCOUNT" DATATYPE="varchar" KEYTYPE="NOT A KEY" PRECISION="11" SCALE="0" FIELDNUMBER="21" NULLABLE="NULL"/><TARGETFIELD NAME="AdditionalReference" DATATYPE="varchar" KEYTYPE="NOT A KEY" PRECISION="21" SCALE="0" FIELDNUMBER="22" NULLABLE="NULL"/><TARGETFIELD NAME="UnderWriter" DATATYPE="varchar" KEYTYPE="NOT A KEY" PRECISION="9" SCALE="0" FIELDNUMBER="23" NULLABLE="NULL"/></TARGET><MAPPING NAME="m_SQ_CSS55AR_PWC_OPEN_ITEM" DESCRIPTION="" OBJECTVERSION="1" ISVALID="YES" VERSIONNUMBER="1"><TRANSFORMATION NAME="SQ_SQ_CSS55AR_PWC_OPEN_ITEM" TYPE="Source Qualifier" OBJECTVERSION="1" REUSABLE="NO" VERSIONNUMBER="1"><TRANSFORMFIELD NAME="Discard1" DESCRIPTION="" DATATYPE="string" PORTTYPE="INPUT/OUTPUT" PRECISION="2" SCALE="0" PICTURETEXT="" DEFAULTVALUE=""/><TRANSFORMFIELD NAME="CoCd" DESCRIPTION="" DATATYPE="string" PORTTYPE="INPUT/OUTPUT" PRECISION="5" SCALE="0" PICTURETEXT="" DEFAULTVALUE=""/><TRANSFORMFIELD NAME="BPartner" DESCRIPTION="" DATATYPE="string" PORTTYPE="INPUT/OUTPUT" PRECISION="11" SCALE="0" PICTURETEXT="" DEFAULTVALUE=""/><TRANSFORMFIELD NAME="Contract" DESCRIPTION="" DATATYPE="string" PORTTYPE="INPUT/OUTPUT" PRECISION="21" SCALE="0" PICTURETEXT="" DEFAULTVALUE=""/><TRANSFORMFIELD NAME="PostDate" DESCRIPTION="" DATATYPE="string" PORTTYPE="INPUT/OUTPUT" PRECISION="11" SCALE="0" PICTURETEXT="" DEFAULTVALUE=""/><TRANSFORMFIELD NAME="DocDate" DESCRIPTION="" DATATYPE="string" PORTTYPE="INPUT/OUTPUT" PRECISION="11" SCALE="0" PICTURETEXT="" DEFAULTVALUE=""/><TRANSFORMFIELD NAME="Due" DESCRIPTION="" DATATYPE="string" PORTTYPE="INPUT/OUTPUT" PRECISION="11" SCALE="0" PICTURETEXT="" DEFAULTVALUE=""/><TRANSFORMFIELD NAME="Deferral" DESCRIPTION="" DATATYPE="string" PORTTYPE="INPUT/OUTPUT" PRECISION="11" SCALE="0" PICTURETEXT="" DEFAULTVALUE=""/><TRANSFORMFIELD NAME="GL_ACCOUNT" DESCRIPTION="" DATATYPE="string" PORTTYPE="INPUT/OUTPUT" PRECISION="11" SCALE="0" PICTURETEXT="" DEFAULTVALUE=""/><TRANSFORMFIELD NAME="MTra" DESCRIPTION="" DATATYPE="string" PORTTYPE="INPUT/OUTPUT" PRECISION="5" SCALE="0" PICTURETEXT="" DEFAULTVALUE=""/><TRANSFORMFIELD NAME="STra" DESCRIPTION="" DATATYPE="string" PORTTYPE="INPUT/OUTPUT" PRECISION="5" SCALE="0" PICTURETEXT="" DEFAULTVALUE=""/><TRANSFORMFIELD NAME="Amount" DESCRIPTION="" DATATYPE="string" PORTTYPE="INPUT/OUTPUT" PRECISION="17" SCALE="0" PICTURETEXT="" DEFAULTVALUE=""/><TRANSFORMFIELD NAME="Ammount_Sign" DESCRIPTION="" DATATYPE="string" PORTTYPE="INPUT/OUTPUT" PRECISION="2" SCALE="0" PICTURETEXT="" DEFAULTVALUE=""/><TRANSFORMFIELD NAME="RiskValid" DESCRIPTION="" DATATYPE="string" PORTTYPE="INPUT/OUTPUT" PRECISION="11" SCALE="0" PICTURETEXT="" DEFAULTVALUE=""/><TRANSFORMFIELD NAME="RiskValid2" DESCRIPTION="" DATATYPE="string" PORTTYPE="INPUT/OUTPUT" PRECISION="11" SCALE="0" PICTURETEXT="" DEFAULTVALUE=""/><TRANSFORMFIELD NAME="So" DESCRIPTION="" DATATYPE="string" PORTTYPE="INPUT/OUTPUT" PRECISION="3" SCALE="0" PICTURETEXT="" DEFAULTVALUE=""/><TRANSFORMFIELD NAME="PremiumComm" DESCRIPTION="" DATATYPE="string" PORTTYPE="INPUT/OUTPUT" PRECISION="13" SCALE="0" PICTURETEXT="" DEFAULTVALUE=""/><TRANSFORMFIELD NAME="PC" DESCRIPTION="" DATATYPE="string" PORTTYPE="INPUT/OUTPUT" PRECISION="3" SCALE="0" PICTURETEXT="" DEFAULTVALUE=""/><TRANSFORMFIELD NAME="AdditionalReference" DESCRIPTION="" DATATYPE="string" PORTTYPE="INPUT/OUTPUT" PRECISION="21" SCALE="0" PICTURETEXT="" DEFAULTVALUE=""/><TRANSFORMFIELD NAME="Contract2" DESCRIPTION="" DATATYPE="string" PORTTYPE="INPUT/OUTPUT" PRECISION="21" SCALE="0" PICTURETEXT="" DEFAULTVALUE=""/><TRANSFORMFIELD NAME="ExternalReference" DESCRIPTION="" DATATYPE="string" PORTTYPE="INPUT/OUTPUT" PRECISION="21" SCALE="0" PICTURETEXT="" DEFAULTVALUE=""/><TRANSFORMFIELD NAME="S" DESCRIPTION="" DATATYPE="string" PORTTYPE="INPUT/OUTPUT" PRECISION="2" SCALE="0" PICTURETEXT="" DEFAULTVALUE=""/><TRANSFORMFIELD NAME="DocNo" DESCRIPTION="" DATATYPE="string" PORTTYPE="INPUT/OUTPUT" PRECISION="13" SCALE="0" PICTURETEXT="" DEFAULTVALUE=""/><TRANSFORMFIELD NAME="RefBP" DESCRIPTION="" DATATYPE="string" PORTTYPE="INPUT/OUTPUT" PRECISION="11" SCALE="0" PICTURETEXT="" DEFAULTVALUE=""/><TRANSFORMFIELD NAME="CustomerID" DESCRIPTION="" DATATYPE="string" PORTTYPE="INPUT/OUTPUT" PRECISION="16" SCALE="0" PICTURETEXT="" DEFAULTVALUE=""/><TRANSFORMFIELD NAME="AssignedRep" DESCRIPTION="" DATATYPE="string" PORTTYPE="INPUT/OUTPUT" PRECISION="13" SCALE="0" PICTURETEXT="" DEFAULTVALUE=""/><TRANSFORMFIELD NAME="CurrResRep" DESCRIPTION="" DATATYPE="string" PORTTYPE="INPUT/OUTPUT" PRECISION="13" SCALE="0" PICTURETEXT="" DEFAULTVALUE=""/><TRANSFORMFIELD NAME="BT" DESCRIPTION="" DATATYPE="string" PORTTYPE="INPUT/OUTPUT" PRECISION="3" SCALE="0" PICTURETEXT="" DEFAULTVALUE=""/><TRANSFORMFIELD NAME="CrCz" DESCRIPTION="" DATATYPE="string" PORTTYPE="INPUT/OUTPUT" PRECISION="6" SCALE="0" PICTURETEXT="" DEFAULTVALUE=""/><TRANSFORMFIELD NAME="LocCurrAmount" DESCRIPTION="" DATATYPE="string" PORTTYPE="INPUT/OUTPUT" PRECISION="17" SCALE="0" PICTURETEXT="" DEFAULTVALUE=""/><TRANSFORMFIELD NAME="LocCurAmountSign" DESCRIPTION="" DATATYPE="string" PORTTYPE="INPUT/OUTPUT" PRECISION="1" SCALE="0" PICTURETEXT="" DEFAULTVALUE=""/><TRANSFORMFIELD NAME="UnderWriter" DESCRIPTION="" DATATYPE="string" PORTTYPE="INPUT/OUTPUT" PRECISION="9" SCALE="0" PICTURETEXT="" DEFAULTVALUE=""/><TRANSFORMFIELD NAME="discard2" DESCRIPTION="" DATATYPE="string" PORTTYPE="INPUT/OUTPUT" PRECISION="1" SCALE="0" PICTURETEXT="" DEFAULTVALUE=""/><TRANSFORMFIELD NAME="KEY_DATE" DESCRIPTION="" DATATYPE="string" PORTTYPE="INPUT/OUTPUT" PRECISION="10" SCALE="0" PICTURETEXT="" DEFAULTVALUE=""/><TABLEATTRIBUTE NAME="SQL Query" VALUE=""/><TABLEATTRIBUTE NAME="User Defined Join" VALUE=""/><TABLEATTRIBUTE NAME="Source Filter" VALUE=""/><TABLEATTRIBUTE NAME="Number Of Sorted Ports" VALUE="0"/><TABLEATTRIBUTE NAME="Tracing Level" VALUE="Normal"/><TABLEATTRIBUTE NAME="Select Distinct" VALUE="NO"/><TABLEATTRIBUTE NAME="Is Partitionable" VALUE="NO"/><TABLEATTRIBUTE NAME="Pre SQL" VALUE=""/><TABLEATTRIBUTE NAME="Post SQL" VALUE=""/><TABLEATTRIBUTE NAME="Output is deterministic" VALUE="NO"/><TABLEATTRIBUTE NAME="Output is repeatable" VALUE="NEVER"/></TRANSFORMATION><TRANSFORMATION NAME="SQ_CSS55AR_PWC_OPEN_ITEM" DESCRIPTION="" TYPE="Source Qualifier" OBJECTVERSION="1" REUSABLE="NO" VERSIONNUMBER="1"><TRANSFORMFIELD NAME="Discard1" DESCRIPTION="" DATATYPE="string" PORTTYPE="INPUT/OUTPUT" PRECISION="2" SCALE="0" PICTURETEXT="" DEFAULTVALUE=""/><TRANSFORMFIELD NAME="CoCd" DESCRIPTION="" DATATYPE="string" PORTTYPE="INPUT/OUTPUT" PRECISION="5" SCALE="0" PICTURETEXT="" DEFAULTVALUE=""/><TRANSFORMFIELD NAME="BPartner" DESCRIPTION="" DATATYPE="string" PORTTYPE="INPUT/OUTPUT" PRECISION="11" SCALE="0" PICTURETEXT="" DEFAULTVALUE=""/><TRANSFORMFIELD NAME="Contract" DESCRIPTION="" DATATYPE="string" PORTTYPE="INPUT/OUTPUT" PRECISION="21" SCALE="0" PICTURETEXT="" DEFAULTVALUE=""/><TRANSFORMFIELD NAME="PostDate" DESCRIPTION="" DATATYPE="string" PORTTYPE="INPUT/OUTPUT" PRECISION="11" SCALE="0" PICTURETEXT="" DEFAULTVALUE=""/><TRANSFORMFIELD NAME="DocDate" DESCRIPTION="" DATATYPE="string" PORTTYPE="INPUT/OUTPUT" PRECISION="11" SCALE="0" PICTURETEXT="" DEFAULTVALUE=""/><TRANSFORMFIELD NAME="Due" DESCRIPTION="" DATATYPE="string" PORTTYPE="INPUT/OUTPUT" PRECISION="11" SCALE="0" PICTURETEXT="" DEFAULTVALUE=""/><TRANSFORMFIELD NAME="Deferral" DESCRIPTION="" DATATYPE="string" PORTTYPE="INPUT/OUTPUT" PRECISION="11" SCALE="0" PICTURETEXT="" DEFAULTVALUE=""/><TRANSFORMFIELD NAME="GL_ACCOUNT" DESCRIPTION="" DATATYPE="string" PORTTYPE="INPUT/OUTPUT" PRECISION="11" SCALE="0" PICTURETEXT="" DEFAULTVALUE=""/><TRANSFORMFIELD NAME="MTra" DESCRIPTION="" DATATYPE="string" PORTTYPE="INPUT/OUTPUT" PRECISION="5" SCALE="0" PICTURETEXT="" DEFAULTVALUE=""/><TRANSFORMFIELD NAME="STra" DESCRIPTION="" DATATYPE="string" PORTTYPE="INPUT/OUTPUT" PRECISION="5" SCALE="0" PICTURETEXT="" DEFAULTVALUE=""/><TRANSFORMFIELD NAME="Amount" DESCRIPTION="" DATATYPE="string" PORTTYPE="INPUT/OUTPUT" PRECISION="17" SCALE="0" PICTURETEXT="" DEFAULTVALUE=""/><TRANSFORMFIELD NAME="Ammount_Sign" DESCRIPTION="" DATATYPE="string" PORTTYPE="INPUT/OUTPUT" PRECISION="2" SCALE="0" PICTURETEXT="" DEFAULTVALUE=""/><TRANSFORMFIELD NAME="RiskValid" DESCRIPTION="" DATATYPE="string" PORTTYPE="INPUT/OUTPUT" PRECISION="11" SCALE="0" PICTURETEXT="" DEFAULTVALUE=""/><TRANSFORMFIELD NAME="RiskValid2" DESCRIPTION="" DATATYPE="string" PORTTYPE="INPUT/OUTPUT" PRECISION="11" SCALE="0" PICTURETEXT="" DEFAULTVALUE=""/><TRANSFORMFIELD NAME="So" DESCRIPTION="" DATATYPE="string" PORTTYPE="INPUT/OUTPUT" PRECISION="3" SCALE="0" PICTURETEXT="" DEFAULTVALUE=""/><TRANSFORMFIELD NAME="PremiumComm" DESCRIPTION="" DATATYPE="string" PORTTYPE="INPUT/OUTPUT" PRECISION="13" SCALE="0" PICTURETEXT="" DEFAULTVALUE=""/><TRANSFORMFIELD NAME="PC" DESCRIPTION="" DATATYPE="string" PORTTYPE="INPUT/OUTPUT" PRECISION="3" SCALE="0" PICTURETEXT="" DEFAULTVALUE=""/><TRANSFORMFIELD NAME="AdditionalReference" DESCRIPTION="" DATATYPE="string" PORTTYPE="INPUT/OUTPUT" PRECISION="21" SCALE="0" PICTURETEXT="" DEFAULTVALUE=""/><TRANSFORMFIELD NAME="Contract2" DESCRIPTION="" DATATYPE="string" PORTTYPE="INPUT/OUTPUT" PRECISION="21" SCALE="0" PICTURETEXT="" DEFAULTVALUE=""/><TRANSFORMFIELD NAME="ExternalReference" DESCRIPTION="" DATATYPE="string" PORTTYPE="INPUT/OUTPUT" PRECISION="21" SCALE="0" PICTURETEXT="" DEFAULTVALUE=""/><TRANSFORMFIELD NAME="S" DESCRIPTION="" DATATYPE="string" PORTTYPE="INPUT/OUTPUT" PRECISION="2" SCALE="0" PICTURETEXT="" DEFAULTVALUE=""/><TRANSFORMFIELD NAME="DocNo" DESCRIPTION="" DATATYPE="string" PORTTYPE="INPUT/OUTPUT" PRECISION="13" SCALE="0" PICTURETEXT="" DEFAULTVALUE=""/><TRANSFORMFIELD NAME="RefBP" DESCRIPTION="" DATATYPE="string" PORTTYPE="INPUT/OUTPUT" PRECISION="11" SCALE="0" PICTURETEXT="" DEFAULTVALUE=""/><TRANSFORMFIELD NAME="CustomerID" DESCRIPTION="" DATATYPE="string" PORTTYPE="INPUT/OUTPUT" PRECISION="16" SCALE="0" PICTURETEXT="" DEFAULTVALUE=""/><TRANSFORMFIELD NAME="AssignedRep" DESCRIPTION="" DATATYPE="string" PORTTYPE="INPUT/OUTPUT" PRECISION="13" SCALE="0" PICTURETEXT="" DEFAULTVALUE=""/><TRANSFORMFIELD NAME="CurrResRep" DESCRIPTION="" DATATYPE="string" PORTTYPE="INPUT/OUTPUT" PRECISION="13" SCALE="0" PICTURETEXT="" DEFAULTVALUE=""/><TRANSFORMFIELD NAME="BT" DESCRIPTION="" DATATYPE="string" PORTTYPE="INPUT/OUTPUT" PRECISION="3" SCALE="0" PICTURETEXT="" DEFAULTVALUE=""/><TRANSFORMFIELD NAME="CrCz" DESCRIPTION="" DATATYPE="string" PORTTYPE="INPUT/OUTPUT" PRECISION="6" SCALE="0" PICTURETEXT="" DEFAULTVALUE=""/><TRANSFORMFIELD NAME="LocCurrAmount" DESCRIPTION="" DATATYPE="string" PORTTYPE="INPUT/OUTPUT" PRECISION="17" SCALE="0" PICTURETEXT="" DEFAULTVALUE=""/><TRANSFORMFIELD NAME="LocCurAmountSign" DESCRIPTION="" DATATYPE="string" PORTTYPE="INPUT/OUTPUT" PRECISION="1" SCALE="0" PICTURETEXT="" DEFAULTVALUE=""/><TRANSFORMFIELD NAME="UnderWriter" DESCRIPTION="" DATATYPE="string" PORTTYPE="INPUT/OUTPUT" PRECISION="9" SCALE="0" PICTURETEXT="" DEFAULTVALUE=""/><TRANSFORMFIELD NAME="discard2" DESCRIPTION="" DATATYPE="string" PORTTYPE="INPUT/OUTPUT" PRECISION="1" SCALE="0" PICTURETEXT="" DEFAULTVALUE=""/><TRANSFORMFIELD NAME="KEY_DATE" DESCRIPTION="" DATATYPE="string" PORTTYPE="INPUT/OUTPUT" PRECISION="10" SCALE="0" PICTURETEXT="" DEFAULTVALUE=""/><TABLEATTRIBUTE NAME="Sql Query" VALUE=""/><TABLEATTRIBUTE NAME="User Defined Join" VALUE=""/><TABLEATTRIBUTE NAME="Source Filter" VALUE=""/><TABLEATTRIBUTE NAME="Number Of Sorted Ports" VALUE="0"/><TABLEATTRIBUTE NAME="Tracing Level" VALUE="Normal"/><TABLEATTRIBUTE NAME="Is Partitionable" VALUE="NO"/><TABLEATTRIBUTE NAME="Pre SQL" VALUE=""/><TABLEATTRIBUTE NAME="Post SQL" VALUE=""/><TABLEATTRIBUTE NAME="Output is deterministic" VALUE="NO"/><TABLEATTRIBUTE NAME="Output is repeatable" VALUE="Never"/></TRANSFORMATION><INSTANCE NAME="SQ_CSS55AR_PWC_OPEN_ITEM" TYPE="SOURCE" REUSABLE="NO" TRANSFORMATION_TYPE="Source Definition" TRANSFORMATION_NAME="SQ_CSS55AR_PWC_OPEN_ITEM" DBDNAME="DB2"/><INSTANCE NAME="TGT_FIL_COCD_S_GL" TYPE="TARGET" REUSABLE="NO" TRANSFORMATION_TYPE="Target Definition" TRANSFORMATION_NAME="TGT_FIL_COCD_S_GL"/><INSTANCE NAME="SQ_CSS55AR_PWC_OPEN_ITEM" TYPE="TRANSFORMATION" REUSABLE="NO" TRANSFORMATION_TYPE="Source Qualifier" TRANSFORMATION_NAME="SQ_CSS55AR_PWC_OPEN_ITEM"/><INSTANCE NAME="SQ_SQ_CSS55AR_PWC_OPEN_ITEM" TYPE="TRANSFORMATION" REUSABLE="NO" TRANSFORMATION_TYPE="Source Qualifier" TRANSFORMATION_NAME="SQ_SQ_CSS55AR_PWC_OPEN_ITEM"><ASSOCIATED_SOURCE_INSTANCE NAME="SQ_CSS55AR_PWC_OPEN_ITEM"/></INSTANCE><CONNECTOR FROMINSTANCE="SQ_CSS55AR_PWC_OPEN_ITEM" FROMINSTANCETYPE="Source Definition" FROMFIELD="Discard1" TOINSTANCE="SQ_SQ_CSS55AR_PWC_OPEN_ITEM" TOINSTANCETYPE="Source Qualifier" TOFIELD="Discard1"/><CONNECTOR FROMINSTANCE="SQ_SQ_CSS55AR_PWC_OPEN_ITEM" FROMINSTANCETYPE="Source Qualifier" FROMFIELD="Discard1" TOINSTANCE="SQ_CSS55AR_PWC_OPEN_ITEM" TOINSTANCETYPE="Source Qualifier" TOFIELD="Discard1"/><CONNECTOR FROMINSTANCE="SQ_CSS55AR_PWC_OPEN_ITEM" FROMINSTANCETYPE="Source Definition" FROMFIELD="CoCd" TOINSTANCE="SQ_SQ_CSS55AR_PWC_OPEN_ITEM" TOINSTANCETYPE="Source Qualifier" TOFIELD="CoCd"/><CONNECTOR FROMINSTANCE="SQ_SQ_CSS55AR_PWC_OPEN_ITEM" FROMINSTANCETYPE="Source Qualifier" FROMFIELD="CoCd" TOINSTANCE="SQ_CSS55AR_PWC_OPEN_ITEM" TOINSTANCETYPE="Source Qualifier" TOFIELD="CoCd"/><CONNECTOR FROMINSTANCE="SQ_CSS55AR_PWC_OPEN_ITEM" FROMINSTANCETYPE="Source Qualifier" FROMFIELD="CoCd" TOINSTANCE="TGT_FIL_COCD_S_GL" TOINSTANCETYPE="Target Definition" TOFIELD="CoCd"/><CONNECTOR FROMINSTANCE="SQ_CSS55AR_PWC_OPEN_ITEM" FROMINSTANCETYPE="Source Definition" FROMFIELD="BPartner" TOINSTANCE="SQ_SQ_CSS55AR_PWC_OPEN_ITEM" TOINSTANCETYPE="Source Qualifier" TOFIELD="BPartner"/><CONNECTOR FROMINSTANCE="SQ_SQ_CSS55AR_PWC_OPEN_ITEM" FROMINSTANCETYPE="Source Qualifier" FROMFIELD="BPartner" TOINSTANCE="SQ_CSS55AR_PWC_OPEN_ITEM" TOINSTANCETYPE="Source Qualifier" TOFIELD="BPartner"/><CONNECTOR FROMINSTANCE="SQ_CSS55AR_PWC_OPEN_ITEM" FROMINSTANCETYPE="Source Qualifier" FROMFIELD="BPartner" TOINSTANCE="TGT_FIL_COCD_S_GL" TOINSTANCETYPE="Target Definition" TOFIELD="BPartner"/><CONNECTOR FROMINSTANCE="SQ_CSS55AR_PWC_OPEN_ITEM" FROMINSTANCETYPE="Source Definition" FROMFIELD="Contract" TOINSTANCE="SQ_SQ_CSS55AR_PWC_OPEN_ITEM" TOINSTANCETYPE="Source Qualifier" TOFIELD="Contract"/><CONNECTOR FROMINSTANCE="SQ_SQ_CSS55AR_PWC_OPEN_ITEM" FROMINSTANCETYPE="Source Qualifier" FROMFIELD="Contract" TOINSTANCE="SQ_CSS55AR_PWC_OPEN_ITEM" TOINSTANCETYPE="Source Qualifier" TOFIELD="Contract"/><CONNECTOR FROMINSTANCE="SQ_CSS55AR_PWC_OPEN_ITEM" FROMINSTANCETYPE="Source Qualifier" FROMFIELD="Contract" TOINSTANCE="TGT_FIL_COCD_S_GL" TOINSTANCETYPE="Target Definition" TOFIELD="Contract"/><CONNECTOR FROMINSTANCE="SQ_CSS55AR_PWC_OPEN_ITEM" FROMINSTANCETYPE="Source Definition" FROMFIELD="PostDate" TOINSTANCE="SQ_SQ_CSS55AR_PWC_OPEN_ITEM" TOINSTANCETYPE="Source Qualifier" TOFIELD="PostDate"/><CONNECTOR FROMINSTANCE="SQ_SQ_CSS55AR_PWC_OPEN_ITEM" FROMINSTANCETYPE="Source Qualifier" FROMFIELD="PostDate" TOINSTANCE="SQ_CSS55AR_PWC_OPEN_ITEM" TOINSTANCETYPE="Source Qualifier" TOFIELD="PostDate"/><CONNECTOR FROMINSTANCE="SQ_CSS55AR_PWC_OPEN_ITEM" FROMINSTANCETYPE="Source Qualifier" FROMFIELD="PostDate" TOINSTANCE="TGT_FIL_COCD_S_GL" TOINSTANCETYPE="Target Definition" TOFIELD="PostDate"/><CONNECTOR FROMINSTANCE="SQ_CSS55AR_PWC_OPEN_ITEM" FROMINSTANCETYPE="Source Definition" FROMFIELD="DocDate" TOINSTANCE="SQ_SQ_CSS55AR_PWC_OPEN_ITEM" TOINSTANCETYPE="Source Qualifier" TOFIELD="DocDate"/><CONNECTOR FROMINSTANCE="SQ_SQ_CSS55AR_PWC_OPEN_ITEM" FROMINSTANCETYPE="Source Qualifier" FROMFIELD="DocDate" TOINSTANCE="SQ_CSS55AR_PWC_OPEN_ITEM" TOINSTANCETYPE="Source Qualifier" TOFIELD="DocDate"/><CONNECTOR FROMINSTANCE="SQ_CSS55AR_PWC_OPEN_ITEM" FROMINSTANCETYPE="Source Qualifier" FROMFIELD="DocDate" TOINSTANCE="TGT_FIL_COCD_S_GL" TOINSTANCETYPE="Target Definition" TOFIELD="DocDate"/><CONNECTOR FROMINSTANCE="SQ_CSS55AR_PWC_OPEN_ITEM" FROMINSTANCETYPE="Source Definition" FROMFIELD="Due" TOINSTANCE="SQ_SQ_CSS55AR_PWC_OPEN_ITEM" TOINSTANCETYPE="Source Qualifier" TOFIELD="Due"/><CONNECTOR FROMINSTANCE="SQ_SQ_CSS55AR_PWC_OPEN_ITEM" FROMINSTANCETYPE="Source Qualifier" FROMFIELD="Due" TOINSTANCE="SQ_CSS55AR_PWC_OPEN_ITEM" TOINSTANCETYPE="Source Qualifier" TOFIELD="Due"/><CONNECTOR FROMINSTANCE="SQ_CSS55AR_PWC_OPEN_ITEM" FROMINSTANCETYPE="Source Qualifier" FROMFIELD="Due" TOINSTANCE="TGT_FIL_COCD_S_GL" TOINSTANCETYPE="Target Definition" TOFIELD="Due"/><CONNECTOR FROMINSTANCE="SQ_CSS55AR_PWC_OPEN_ITEM" FROMINSTANCETYPE="Source Definition" FROMFIELD="Deferral" TOINSTANCE="SQ_SQ_CSS55AR_PWC_OPEN_ITEM" TOINSTANCETYPE="Source Qualifier" TOFIELD="Deferral"/><CONNECTOR FROMINSTANCE="SQ_SQ_CSS55AR_PWC_OPEN_ITEM" FROMINSTANCETYPE="Source Qualifier" FROMFIELD="Deferral" TOINSTANCE="SQ_CSS55AR_PWC_OPEN_ITEM" TOINSTANCETYPE="Source Qualifier" TOFIELD="Deferral"/><CONNECTOR FROMINSTANCE="SQ_CSS55AR_PWC_OPEN_ITEM" FROMINSTANCETYPE="Source Qualifier" FROMFIELD="Deferral" TOINSTANCE="TGT_FIL_COCD_S_GL" TOINSTANCETYPE="Target Definition" TOFIELD="Deferral"/><CONNECTOR FROMINSTANCE="SQ_CSS55AR_PWC_OPEN_ITEM" FROMINSTANCETYPE="Source Definition" FROMFIELD="GL_ACCOUNT" TOINSTANCE="SQ_SQ_CSS55AR_PWC_OPEN_ITEM" TOINSTANCETYPE="Source Qualifier" TOFIELD="GL_ACCOUNT"/><CONNECTOR FROMINSTANCE="SQ_SQ_CSS55AR_PWC_OPEN_ITEM" FROMINSTANCETYPE="Source Qualifier" FROMFIELD="GL_ACCOUNT" TOINSTANCE="SQ_CSS55AR_PWC_OPEN_ITEM" TOINSTANCETYPE="Source Qualifier" TOFIELD="GL_ACCOUNT"/><CONNECTOR FROMINSTANCE="SQ_CSS55AR_PWC_OPEN_ITEM" FROMINSTANCETYPE="Source Qualifier" FROMFIELD="GL_ACCOUNT" TOINSTANCE="TGT_FIL_COCD_S_GL" TOINSTANCETYPE="Target Definition" TOFIELD="GL_ACCOUNT"/><CONNECTOR FROMINSTANCE="SQ_CSS55AR_PWC_OPEN_ITEM" FROMINSTANCETYPE="Source Definition" FROMFIELD="MTra" TOINSTANCE="SQ_SQ_CSS55AR_PWC_OPEN_ITEM" TOINSTANCETYPE="Source Qualifier" TOFIELD="MTra"/><CONNECTOR FROMINSTANCE="SQ_SQ_CSS55AR_PWC_OPEN_ITEM" FROMINSTANCETYPE="Source Qualifier" FROMFIELD="MTra" TOINSTANCE="SQ_CSS55AR_PWC_OPEN_ITEM" TOINSTANCETYPE="Source Qualifier" TOFIELD="MTra"/><CONNECTOR FROMINSTANCE="SQ_CSS55AR_PWC_OPEN_ITEM" FROMINSTANCETYPE="Source Qualifier" FROMFIELD="MTra" TOINSTANCE="TGT_FIL_COCD_S_GL" TOINSTANCETYPE="Target Definition" TOFIELD="MTra"/><CONNECTOR FROMINSTANCE="SQ_CSS55AR_PWC_OPEN_ITEM" FROMINSTANCETYPE="Source Definition" FROMFIELD="STra" TOINSTANCE="SQ_SQ_CSS55AR_PWC_OPEN_ITEM" TOINSTANCETYPE="Source Qualifier" TOFIELD="STra"/><CONNECTOR FROMINSTANCE="SQ_SQ_CSS55AR_PWC_OPEN_ITEM" FROMINSTANCETYPE="Source Qualifier" FROMFIELD="STra" TOINSTANCE="SQ_CSS55AR_PWC_OPEN_ITEM" TOINSTANCETYPE="Source Qualifier" TOFIELD="STra"/><CONNECTOR FROMINSTANCE="SQ_CSS55AR_PWC_OPEN_ITEM" FROMINSTANCETYPE="Source Qualifier" FROMFIELD="STra" TOINSTANCE="TGT_FIL_COCD_S_GL" TOINSTANCETYPE="Target Definition" TOFIELD="STra"/><CONNECTOR FROMINSTANCE="SQ_CSS55AR_PWC_OPEN_ITEM" FROMINSTANCETYPE="Source Definition" FROMFIELD="Amount" TOINSTANCE="SQ_SQ_CSS55AR_PWC_OPEN_ITEM" TOINSTANCETYPE="Source Qualifier" TOFIELD="Amount"/><CONNECTOR FROMINSTANCE="SQ_SQ_CSS55AR_PWC_OPEN_ITEM" FROMINSTANCETYPE="Source Qualifier" FROMFIELD="Amount" TOINSTANCE="SQ_CSS55AR_PWC_OPEN_ITEM" TOINSTANCETYPE="Source Qualifier" TOFIELD="Amount"/><CONNECTOR FROMINSTANCE="SQ_CSS55AR_PWC_OPEN_ITEM" FROMINSTANCETYPE="Source Qualifier" FROMFIELD="Amount" TOINSTANCE="TGT_FIL_COCD_S_GL" TOINSTANCETYPE="Target Definition" TOFIELD="Amount"/><CONNECTOR FROMINSTANCE="SQ_CSS55AR_PWC_OPEN_ITEM" FROMINSTANCETYPE="Source Definition" FROMFIELD="Ammount_Sign" TOINSTANCE="SQ_SQ_CSS55AR_PWC_OPEN_ITEM" TOINSTANCETYPE="Source Qualifier" TOFIELD="Ammount_Sign"/><CONNECTOR FROMINSTANCE="SQ_SQ_CSS55AR_PWC_OPEN_ITEM" FROMINSTANCETYPE="Source Qualifier" FROMFIELD="Ammount_Sign" TOINSTANCE="SQ_CSS55AR_PWC_OPEN_ITEM" TOINSTANCETYPE="Source Qualifier" TOFIELD="Ammount_Sign"/><CONNECTOR FROMINSTANCE="SQ_CSS55AR_PWC_OPEN_ITEM" FROMINSTANCETYPE="Source Qualifier" FROMFIELD="Ammount_Sign" TOINSTANCE="TGT_FIL_COCD_S_GL" TOINSTANCETYPE="Target Definition" TOFIELD="Ammount_Sign"/><CONNECTOR FROMINSTANCE="SQ_CSS55AR_PWC_OPEN_ITEM" FROMINSTANCETYPE="Source Definition" FROMFIELD="RiskValid" TOINSTANCE="SQ_SQ_CSS55AR_PWC_OPEN_ITEM" TOINSTANCETYPE="Source Qualifier" TOFIELD="RiskValid"/><CONNECTOR FROMINSTANCE="SQ_SQ_CSS55AR_PWC_OPEN_ITEM" FROMINSTANCETYPE="Source Qualifier" FROMFIELD="RiskValid" TOINSTANCE="SQ_CSS55AR_PWC_OPEN_ITEM" TOINSTANCETYPE="Source Qualifier" TOFIELD="RiskValid"/><CONNECTOR FROMINSTANCE="SQ_CSS55AR_PWC_OPEN_ITEM" FROMINSTANCETYPE="Source Definition" FROMFIELD="RiskValid2" TOINSTANCE="SQ_SQ_CSS55AR_PWC_OPEN_ITEM" TOINSTANCETYPE="Source Qualifier" TOFIELD="RiskValid2"/><CONNECTOR FROMINSTANCE="SQ_SQ_CSS55AR_PWC_OPEN_ITEM" FROMINSTANCETYPE="Source Qualifier" FROMFIELD="RiskValid2" TOINSTANCE="SQ_CSS55AR_PWC_OPEN_ITEM" TOINSTANCETYPE="Source Qualifier" TOFIELD="RiskValid2"/><CONNECTOR FROMINSTANCE="SQ_CSS55AR_PWC_OPEN_ITEM" FROMINSTANCETYPE="Source Definition" FROMFIELD="So" TOINSTANCE="SQ_SQ_CSS55AR_PWC_OPEN_ITEM" TOINSTANCETYPE="Source Qualifier" TOFIELD="So"/><CONNECTOR FROMINSTANCE="SQ_SQ_CSS55AR_PWC_OPEN_ITEM" FROMINSTANCETYPE="Source Qualifier" FROMFIELD="So" TOINSTANCE="SQ_CSS55AR_PWC_OPEN_ITEM" TOINSTANCETYPE="Source Qualifier" TOFIELD="So"/><CONNECTOR FROMINSTANCE="SQ_CSS55AR_PWC_OPEN_ITEM" FROMINSTANCETYPE="Source Definition" FROMFIELD="PremiumComm" TOINSTANCE="SQ_SQ_CSS55AR_PWC_OPEN_ITEM" TOINSTANCETYPE="Source Qualifier" TOFIELD="PremiumComm"/><CONNECTOR FROMINSTANCE="SQ_SQ_CSS55AR_PWC_OPEN_ITEM" FROMINSTANCETYPE="Source Qualifier" FROMFIELD="PremiumComm" TOINSTANCE="SQ_CSS55AR_PWC_OPEN_ITEM" TOINSTANCETYPE="Source Qualifier" TOFIELD="PremiumComm"/><CONNECTOR FROMINSTANCE="SQ_CSS55AR_PWC_OPEN_ITEM" FROMINSTANCETYPE="Source Definition" FROMFIELD="PC" TOINSTANCE="SQ_SQ_CSS55AR_PWC_OPEN_ITEM" TOINSTANCETYPE="Source Qualifier" TOFIELD="PC"/><CONNECTOR FROMINSTANCE="SQ_SQ_CSS55AR_PWC_OPEN_ITEM" FROMINSTANCETYPE="Source Qualifier" FROMFIELD="PC" TOINSTANCE="SQ_CSS55AR_PWC_OPEN_ITEM" TOINSTANCETYPE="Source Qualifier" TOFIELD="PC"/><CONNECTOR FROMINSTANCE="SQ_CSS55AR_PWC_OPEN_ITEM" FROMINSTANCETYPE="Source Definition" FROMFIELD="AdditionalReference" TOINSTANCE="SQ_SQ_CSS55AR_PWC_OPEN_ITEM" TOINSTANCETYPE="Source Qualifier" TOFIELD="AdditionalReference"/><CONNECTOR FROMINSTANCE="SQ_SQ_CSS55AR_PWC_OPEN_ITEM" FROMINSTANCETYPE="Source Qualifier" FROMFIELD="AdditionalReference" TOINSTANCE="SQ_CSS55AR_PWC_OPEN_ITEM" TOINSTANCETYPE="Source Qualifier" TOFIELD="AdditionalReference"/><CONNECTOR FROMINSTANCE="SQ_CSS55AR_PWC_OPEN_ITEM" FROMINSTANCETYPE="Source Qualifier" FROMFIELD="AdditionalReference" TOINSTANCE="TGT_FIL_COCD_S_GL" TOINSTANCETYPE="Target Definition" TOFIELD="AdditionalReference"/><CONNECTOR FROMINSTANCE="SQ_CSS55AR_PWC_OPEN_ITEM" FROMINSTANCETYPE="Source Definition" FROMFIELD="Contract2" TOINSTANCE="SQ_SQ_CSS55AR_PWC_OPEN_ITEM" TOINSTANCETYPE="Source Qualifier" TOFIELD="Contract2"/><CONNECTOR FROMINSTANCE="SQ_SQ_CSS55AR_PWC_OPEN_ITEM" FROMINSTANCETYPE="Source Qualifier" FROMFIELD="Contract2" TOINSTANCE="SQ_CSS55AR_PWC_OPEN_ITEM" TOINSTANCETYPE="Source Qualifier" TOFIELD="Contract2"/><CONNECTOR FROMINSTANCE="SQ_CSS55AR_PWC_OPEN_ITEM" FROMINSTANCETYPE="Source Qualifier" FROMFIELD="Contract2" TOINSTANCE="TGT_FIL_COCD_S_GL" TOINSTANCETYPE="Target Definition" TOFIELD="Contract_bPartner"/><CONNECTOR FROMINSTANCE="SQ_CSS55AR_PWC_OPEN_ITEM" FROMINSTANCETYPE="Source Definition" FROMFIELD="ExternalReference" TOINSTANCE="SQ_SQ_CSS55AR_PWC_OPEN_ITEM" TOINSTANCETYPE="Source Qualifier" TOFIELD="ExternalReference"/><CONNECTOR FROMINSTANCE="SQ_SQ_CSS55AR_PWC_OPEN_ITEM" FROMINSTANCETYPE="Source Qualifier" FROMFIELD="ExternalReference" TOINSTANCE="SQ_CSS55AR_PWC_OPEN_ITEM" TOINSTANCETYPE="Source Qualifier" TOFIELD="ExternalReference"/><CONNECTOR FROMINSTANCE="SQ_CSS55AR_PWC_OPEN_ITEM" FROMINSTANCETYPE="Source Definition" FROMFIELD="S" TOINSTANCE="SQ_SQ_CSS55AR_PWC_OPEN_ITEM" TOINSTANCETYPE="Source Qualifier" TOFIELD="S"/><CONNECTOR FROMINSTANCE="SQ_SQ_CSS55AR_PWC_OPEN_ITEM" FROMINSTANCETYPE="Source Qualifier" FROMFIELD="S" TOINSTANCE="SQ_CSS55AR_PWC_OPEN_ITEM" TOINSTANCETYPE="Source Qualifier" TOFIELD="S"/><CONNECTOR FROMINSTANCE="SQ_CSS55AR_PWC_OPEN_ITEM" FROMINSTANCETYPE="Source Qualifier" FROMFIELD="S" TOINSTANCE="TGT_FIL_COCD_S_GL" TOINSTANCETYPE="Target Definition" TOFIELD="S"/><CONNECTOR FROMINSTANCE="SQ_CSS55AR_PWC_OPEN_ITEM" FROMINSTANCETYPE="Source Definition" FROMFIELD="DocNo" TOINSTANCE="SQ_SQ_CSS55AR_PWC_OPEN_ITEM" TOINSTANCETYPE="Source Qualifier" TOFIELD="DocNo"/><CONNECTOR FROMINSTANCE="SQ_SQ_CSS55AR_PWC_OPEN_ITEM" FROMINSTANCETYPE="Source Qualifier" FROMFIELD="DocNo" TOINSTANCE="SQ_CSS55AR_PWC_OPEN_ITEM" TOINSTANCETYPE="Source Qualifier" TOFIELD="DocNo"/><CONNECTOR FROMINSTANCE="SQ_CSS55AR_PWC_OPEN_ITEM" FROMINSTANCETYPE="Source Qualifier" FROMFIELD="DocNo" TOINSTANCE="TGT_FIL_COCD_S_GL" TOINSTANCETYPE="Target Definition" TOFIELD="DocNo"/><CONNECTOR FROMINSTANCE="SQ_CSS55AR_PWC_OPEN_ITEM" FROMINSTANCETYPE="Source Definition" FROMFIELD="RefBP" TOINSTANCE="SQ_SQ_CSS55AR_PWC_OPEN_ITEM" TOINSTANCETYPE="Source Qualifier" TOFIELD="RefBP"/><CONNECTOR FROMINSTANCE="SQ_SQ_CSS55AR_PWC_OPEN_ITEM" FROMINSTANCETYPE="Source Qualifier" FROMFIELD="RefBP" TOINSTANCE="SQ_CSS55AR_PWC_OPEN_ITEM" TOINSTANCETYPE="Source Qualifier" TOFIELD="RefBP"/><CONNECTOR FROMINSTANCE="SQ_CSS55AR_PWC_OPEN_ITEM" FROMINSTANCETYPE="Source Qualifier" FROMFIELD="RefBP" TOINSTANCE="TGT_FIL_COCD_S_GL" TOINSTANCETYPE="Target Definition" TOFIELD="RefBP"/><CONNECTOR FROMINSTANCE="SQ_CSS55AR_PWC_OPEN_ITEM" FROMINSTANCETYPE="Source Definition" FROMFIELD="CustomerID" TOINSTANCE="SQ_SQ_CSS55AR_PWC_OPEN_ITEM" TOINSTANCETYPE="Source Qualifier" TOFIELD="CustomerID"/><CONNECTOR FROMINSTANCE="SQ_SQ_CSS55AR_PWC_OPEN_ITEM" FROMINSTANCETYPE="Source Qualifier" FROMFIELD="CustomerID" TOINSTANCE="SQ_CSS55AR_PWC_OPEN_ITEM" TOINSTANCETYPE="Source Qualifier" TOFIELD="CustomerID"/><CONNECTOR FROMINSTANCE="SQ_CSS55AR_PWC_OPEN_ITEM" FROMINSTANCETYPE="Source Definition" FROMFIELD="AssignedRep" TOINSTANCE="SQ_SQ_CSS55AR_PWC_OPEN_ITEM" TOINSTANCETYPE="Source Qualifier" TOFIELD="AssignedRep"/><CONNECTOR FROMINSTANCE="SQ_SQ_CSS55AR_PWC_OPEN_ITEM" FROMINSTANCETYPE="Source Qualifier" FROMFIELD="AssignedRep" TOINSTANCE="SQ_CSS55AR_PWC_OPEN_ITEM" TOINSTANCETYPE="Source Qualifier" TOFIELD="AssignedRep"/><CONNECTOR FROMINSTANCE="SQ_CSS55AR_PWC_OPEN_ITEM" FROMINSTANCETYPE="Source Qualifier" FROMFIELD="AssignedRep" TOINSTANCE="TGT_FIL_COCD_S_GL" TOINSTANCETYPE="Target Definition" TOFIELD="AssignedRep"/><CONNECTOR FROMINSTANCE="SQ_CSS55AR_PWC_OPEN_ITEM" FROMINSTANCETYPE="Source Definition" FROMFIELD="CurrResRep" TOINSTANCE="SQ_SQ_CSS55AR_PWC_OPEN_ITEM" TOINSTANCETYPE="Source Qualifier" TOFIELD="CurrResRep"/><CONNECTOR FROMINSTANCE="SQ_SQ_CSS55AR_PWC_OPEN_ITEM" FROMINSTANCETYPE="Source Qualifier" FROMFIELD="CurrResRep" TOINSTANCE="SQ_CSS55AR_PWC_OPEN_ITEM" TOINSTANCETYPE="Source Qualifier" TOFIELD="CurrResRep"/><CONNECTOR FROMINSTANCE="SQ_CSS55AR_PWC_OPEN_ITEM" FROMINSTANCETYPE="Source Definition" FROMFIELD="BT" TOINSTANCE="SQ_SQ_CSS55AR_PWC_OPEN_ITEM" TOINSTANCETYPE="Source Qualifier" TOFIELD="BT"/><CONNECTOR FROMINSTANCE="SQ_SQ_CSS55AR_PWC_OPEN_ITEM" FROMINSTANCETYPE="Source Qualifier" FROMFIELD="BT" TOINSTANCE="SQ_CSS55AR_PWC_OPEN_ITEM" TOINSTANCETYPE="Source Qualifier" TOFIELD="BT"/><CONNECTOR FROMINSTANCE="SQ_CSS55AR_PWC_OPEN_ITEM" FROMINSTANCETYPE="Source Definition" FROMFIELD="CrCz" TOINSTANCE="SQ_SQ_CSS55AR_PWC_OPEN_ITEM" TOINSTANCETYPE="Source Qualifier" TOFIELD="CrCz"/><CONNECTOR FROMINSTANCE="SQ_SQ_CSS55AR_PWC_OPEN_ITEM" FROMINSTANCETYPE="Source Qualifier" FROMFIELD="CrCz" TOINSTANCE="SQ_CSS55AR_PWC_OPEN_ITEM" TOINSTANCETYPE="Source Qualifier" TOFIELD="CrCz"/><CONNECTOR FROMINSTANCE="SQ_CSS55AR_PWC_OPEN_ITEM" FROMINSTANCETYPE="Source Qualifier" FROMFIELD="CrCz" TOINSTANCE="TGT_FIL_COCD_S_GL" TOINSTANCETYPE="Target Definition" TOFIELD="CrCz"/><CONNECTOR FROMINSTANCE="SQ_CSS55AR_PWC_OPEN_ITEM" FROMINSTANCETYPE="Source Definition" FROMFIELD="LocCurrAmount" TOINSTANCE="SQ_SQ_CSS55AR_PWC_OPEN_ITEM" TOINSTANCETYPE="Source Qualifier" TOFIELD="LocCurrAmount"/><CONNECTOR FROMINSTANCE="SQ_SQ_CSS55AR_PWC_OPEN_ITEM" FROMINSTANCETYPE="Source Qualifier" FROMFIELD="LocCurrAmount" TOINSTANCE="SQ_CSS55AR_PWC_OPEN_ITEM" TOINSTANCETYPE="Source Qualifier" TOFIELD="LocCurrAmount"/><CONNECTOR FROMINSTANCE="SQ_CSS55AR_PWC_OPEN_ITEM" FROMINSTANCETYPE="Source Qualifier" FROMFIELD="LocCurrAmount" TOINSTANCE="TGT_FIL_COCD_S_GL" TOINSTANCETYPE="Target Definition" TOFIELD="LocCurrAmount"/><CONNECTOR FROMINSTANCE="SQ_CSS55AR_PWC_OPEN_ITEM" FROMINSTANCETYPE="Source Definition" FROMFIELD="LocCurAmountSign" TOINSTANCE="SQ_SQ_CSS55AR_PWC_OPEN_ITEM" TOINSTANCETYPE="Source Qualifier" TOFIELD="LocCurAmountSign"/><CONNECTOR FROMINSTANCE="SQ_SQ_CSS55AR_PWC_OPEN_ITEM" FROMINSTANCETYPE="Source Qualifier" FROMFIELD="LocCurAmountSign" TOINSTANCE="SQ_CSS55AR_PWC_OPEN_ITEM" TOINSTANCETYPE="Source Qualifier" TOFIELD="LocCurAmountSign"/><CONNECTOR FROMINSTANCE="SQ_CSS55AR_PWC_OPEN_ITEM" FROMINSTANCETYPE="Source Qualifier" FROMFIELD="LocCurAmountSign" TOINSTANCE="TGT_FIL_COCD_S_GL" TOINSTANCETYPE="Target Definition" TOFIELD="LocCurAmountSign"/><CONNECTOR FROMINSTANCE="SQ_CSS55AR_PWC_OPEN_ITEM" FROMINSTANCETYPE="Source Definition" FROMFIELD="UnderWriter" TOINSTANCE="SQ_SQ_CSS55AR_PWC_OPEN_ITEM" TOINSTANCETYPE="Source Qualifier" TOFIELD="UnderWriter"/><CONNECTOR FROMINSTANCE="SQ_SQ_CSS55AR_PWC_OPEN_ITEM" FROMINSTANCETYPE="Source Qualifier" FROMFIELD="UnderWriter" TOINSTANCE="SQ_CSS55AR_PWC_OPEN_ITEM" TOINSTANCETYPE="Source Qualifier" TOFIELD="UnderWriter"/><CONNECTOR FROMINSTANCE="SQ_CSS55AR_PWC_OPEN_ITEM" FROMINSTANCETYPE="Source Qualifier" FROMFIELD="UnderWriter" TOINSTANCE="TGT_FIL_COCD_S_GL" TOINSTANCETYPE="Target Definition" TOFIELD="UnderWriter"/><CONNECTOR FROMINSTANCE="SQ_CSS55AR_PWC_OPEN_ITEM" FROMINSTANCETYPE="Source Definition" FROMFIELD="discard2" TOINSTANCE="SQ_SQ_CSS55AR_PWC_OPEN_ITEM" TOINSTANCETYPE="Source Qualifier" TOFIELD="discard2"/><CONNECTOR FROMINSTANCE="SQ_SQ_CSS55AR_PWC_OPEN_ITEM" FROMINSTANCETYPE="Source Qualifier" FROMFIELD="discard2" TOINSTANCE="SQ_CSS55AR_PWC_OPEN_ITEM" TOINSTANCETYPE="Source Qualifier" TOFIELD="discard2"/><CONNECTOR FROMINSTANCE="SQ_CSS55AR_PWC_OPEN_ITEM" FROMINSTANCETYPE="Source Definition" FROMFIELD="KEY_DATE" TOINSTANCE="SQ_SQ_CSS55AR_PWC_OPEN_ITEM" TOINSTANCETYPE="Source Qualifier" TOFIELD="KEY_DATE"/><CONNECTOR FROMINSTANCE="SQ_SQ_CSS55AR_PWC_OPEN_ITEM" FROMINSTANCETYPE="Source Qualifier" FROMFIELD="KEY_DATE" TOINSTANCE="SQ_CSS55AR_PWC_OPEN_ITEM" TOINSTANCETYPE="Source Qualifier" TOFIELD="KEY_DATE"/><CONNECTOR FROMINSTANCE="SQ_CSS55AR_PWC_OPEN_ITEM" FROMINSTANCETYPE="Source Qualifier" FROMFIELD="KEY_DATE" TOINSTANCE="TGT_FIL_COCD_S_GL" TOINSTANCETYPE="Target Definition" TOFIELD="KEY_DATE"/><TARGETLOADORDER TARGETINSTANCE="TGT_FIL_COCD_S_GL" ORDER="1"/></MAPPING></FOLDER></REPOSITORY></POWERMART>