<?xml version="1.0" encoding="ISO-8859-1" standalone="yes"?>
<!DOCTYPE POWERMART SYSTEM "powrmart.dtd">
<POWERMART CREATION_DATE="30-11-2016" REPOSITORY_VERSION="1">
    <REPOSITORY NAME="NEWREP" DATABASETYPE="DB2" CODEPAGE="Latin1" VERSION="1">
        <FOLDER NAME="TGT_CSS55AR_PREPARED_3_folder" DESCRIPTION="" SHARED="NOTSHARED" OWNER="EVERIS" GROUP="" PERMISSIONS="rwx---r--" UUID="">
            <SOURCE NAME="TGT_CSS55AR_PREPARED_3" DBDNAME="DB2" BUSINESSNAME="" DESCRIPTION="" OBJECTVERSION="1" OWNERNAME="OWNERNAME" DATABASETYPE="DB2" VERSIONNUMBER="1">
                <SOURCEFIELD NAME="COUNTRY_ID3" DATATYPE="varchar" KEYTYPE="NOT A KEY" PRECISION="3" SCALE="0" NULLABLE="NULL" USAGE_FLAGS="" LEVEL="0" FIELDTYPE="ELEMITEM" PICTURETEXT="" OCCURS="0" LENGTH="3" PHYSICALOFFSET="0" PHYSICALLENGTH="3" FIELDNUMBER="1" FIELDPROPERTY="0" HIDDEN="NO"/>
                <SOURCEFIELD NAME="POLICY3" DATATYPE="varchar" KEYTYPE="NOT A KEY" PRECISION="21" SCALE="0" NULLABLE="NULL" USAGE_FLAGS="" LEVEL="0" FIELDTYPE="ELEMITEM" PICTURETEXT="" OCCURS="0" LENGTH="21" PHYSICALOFFSET="3" PHYSICALLENGTH="21" FIELDNUMBER="2" FIELDPROPERTY="0" HIDDEN="NO"/>
                <SOURCEFIELD NAME="DUE_DATE3" DATATYPE="varchar" KEYTYPE="NOT A KEY" PRECISION="10" SCALE="0" NULLABLE="NULL" USAGE_FLAGS="" LEVEL="0" FIELDTYPE="ELEMITEM" PICTURETEXT="" OCCURS="0" LENGTH="10" PHYSICALOFFSET="24" PHYSICALLENGTH="10" FIELDNUMBER="3" FIELDPROPERTY="0" HIDDEN="NO"/>
                <SOURCEFIELD NAME="BILLING_DATE3" DATATYPE="varchar" KEYTYPE="NOT A KEY" PRECISION="10" SCALE="0" NULLABLE="NULL" USAGE_FLAGS="" LEVEL="0" FIELDTYPE="ELEMITEM" PICTURETEXT="" OCCURS="0" LENGTH="10" PHYSICALOFFSET="34" PHYSICALLENGTH="10" FIELDNUMBER="4" FIELDPROPERTY="0" HIDDEN="NO"/>
                <SOURCEFIELD NAME="SPECIAL_PROGRAM3" DATATYPE="varchar" KEYTYPE="NOT A KEY" PRECISION="1" SCALE="0" NULLABLE="NULL" USAGE_FLAGS="" LEVEL="0" FIELDTYPE="ELEMITEM" PICTURETEXT="" OCCURS="0" LENGTH="1" PHYSICALOFFSET="44" PHYSICALLENGTH="1" FIELDNUMBER="5" FIELDPROPERTY="0" HIDDEN="NO"/>
                <SOURCEFIELD NAME="DOCUMENT_NUMBER3" DATATYPE="varchar" KEYTYPE="NOT A KEY" PRECISION="20" SCALE="0" NULLABLE="NULL" USAGE_FLAGS="" LEVEL="0" FIELDTYPE="ELEMITEM" PICTURETEXT="" OCCURS="0" LENGTH="20" PHYSICALOFFSET="45" PHYSICALLENGTH="20" FIELDNUMBER="6" FIELDPROPERTY="0" HIDDEN="NO"/>
                <SOURCEFIELD NAME="CUSTOMER3" DATATYPE="varchar" KEYTYPE="NOT A KEY" PRECISION="20" SCALE="0" NULLABLE="NULL" USAGE_FLAGS="" LEVEL="0" FIELDTYPE="ELEMITEM" PICTURETEXT="" OCCURS="0" LENGTH="20" PHYSICALOFFSET="65" PHYSICALLENGTH="20" FIELDNUMBER="7" FIELDPROPERTY="0" HIDDEN="NO"/>
                <SOURCEFIELD NAME="SUBMARKET_UNIT3" DATATYPE="varchar" KEYTYPE="NOT A KEY" PRECISION="10" SCALE="0" NULLABLE="NULL" USAGE_FLAGS="" LEVEL="0" FIELDTYPE="ELEMITEM" PICTURETEXT="" OCCURS="0" LENGTH="10" PHYSICALOFFSET="85" PHYSICALLENGTH="10" FIELDNUMBER="8" FIELDPROPERTY="0" HIDDEN="NO"/>
                <SOURCEFIELD NAME="CASH_ON_ACCOUNT3" DATATYPE="varchar" KEYTYPE="NOT A KEY" PRECISION="1" SCALE="0" NULLABLE="NULL" USAGE_FLAGS="" LEVEL="0" FIELDTYPE="ELEMITEM" PICTURETEXT="" OCCURS="0" LENGTH="1" PHYSICALOFFSET="95" PHYSICALLENGTH="1" FIELDNUMBER="9" FIELDPROPERTY="0" HIDDEN="NO"/>
                <SOURCEFIELD NAME="LINE_OF_BUSINESS3" DATATYPE="varchar" KEYTYPE="NOT A KEY" PRECISION="10" SCALE="0" NULLABLE="NULL" USAGE_FLAGS="" LEVEL="0" FIELDTYPE="ELEMITEM" PICTURETEXT="" OCCURS="0" LENGTH="10" PHYSICALOFFSET="96" PHYSICALLENGTH="10" FIELDNUMBER="10" FIELDPROPERTY="0" HIDDEN="NO"/>
                <SOURCEFIELD NAME="BROKER3" DATATYPE="varchar" KEYTYPE="NOT A KEY" PRECISION="11" SCALE="0" NULLABLE="NULL" USAGE_FLAGS="" LEVEL="0" FIELDTYPE="ELEMITEM" PICTURETEXT="" OCCURS="0" LENGTH="11" PHYSICALOFFSET="106" PHYSICALLENGTH="11" FIELDNUMBER="11" FIELDPROPERTY="0" HIDDEN="NO"/>
                <SOURCEFIELD NAME="AR_CURRENCY3" DATATYPE="varchar" KEYTYPE="NOT A KEY" PRECISION="10" SCALE="0" NULLABLE="NULL" USAGE_FLAGS="" LEVEL="0" FIELDTYPE="ELEMITEM" PICTURETEXT="" OCCURS="0" LENGTH="10" PHYSICALOFFSET="117" PHYSICALLENGTH="10" FIELDNUMBER="12" FIELDPROPERTY="0" HIDDEN="NO"/>
                <SOURCEFIELD NAME="AR_AMOUNT3" DATATYPE="varchar" KEYTYPE="NOT A KEY" PRECISION="18" SCALE="0" NULLABLE="NULL" USAGE_FLAGS="" LEVEL="0" FIELDTYPE="ELEMITEM" PICTURETEXT="" OCCURS="0" LENGTH="18" PHYSICALOFFSET="127" PHYSICALLENGTH="18" FIELDNUMBER="13" FIELDPROPERTY="0" HIDDEN="NO"/>
                <SOURCEFIELD NAME="SPECIAL_COLLECTION3" DATATYPE="varchar" KEYTYPE="NOT A KEY" PRECISION="1" SCALE="0" NULLABLE="NULL" USAGE_FLAGS="" LEVEL="0" FIELDTYPE="ELEMITEM" PICTURETEXT="" OCCURS="0" LENGTH="1" PHYSICALOFFSET="145" PHYSICALLENGTH="1" FIELDNUMBER="14" FIELDPROPERTY="0" HIDDEN="NO"/>
                <SOURCEFIELD NAME="PREMIUM3" DATATYPE="varchar" KEYTYPE="NOT A KEY" PRECISION="1" SCALE="0" NULLABLE="NULL" USAGE_FLAGS="" LEVEL="0" FIELDTYPE="ELEMITEM" PICTURETEXT="" OCCURS="0" LENGTH="1" PHYSICALOFFSET="146" PHYSICALLENGTH="1" FIELDNUMBER="15" FIELDPROPERTY="0" HIDDEN="NO"/>
                <SOURCEFIELD NAME="POSTING_DATE3" DATATYPE="varchar" KEYTYPE="NOT A KEY" PRECISION="10" SCALE="0" NULLABLE="NULL" USAGE_FLAGS="" LEVEL="0" FIELDTYPE="ELEMITEM" PICTURETEXT="" OCCURS="0" LENGTH="10" PHYSICALOFFSET="147" PHYSICALLENGTH="10" FIELDNUMBER="16" FIELDPROPERTY="0" HIDDEN="NO"/>
                <SOURCEFIELD NAME="DEFERRAL_DATE3" DATATYPE="varchar" KEYTYPE="NOT A KEY" PRECISION="10" SCALE="0" NULLABLE="NULL" USAGE_FLAGS="" LEVEL="0" FIELDTYPE="ELEMITEM" PICTURETEXT="" OCCURS="0" LENGTH="10" PHYSICALOFFSET="157" PHYSICALLENGTH="10" FIELDNUMBER="17" FIELDPROPERTY="0" HIDDEN="NO"/>
                <SOURCEFIELD NAME="AGE_BUCKET_ID3" DATATYPE="varchar" KEYTYPE="NOT A KEY" PRECISION="10" SCALE="0" NULLABLE="NULL" USAGE_FLAGS="" LEVEL="0" FIELDTYPE="ELEMITEM" PICTURETEXT="" OCCURS="0" LENGTH="10" PHYSICALOFFSET="167" PHYSICALLENGTH="10" FIELDNUMBER="18" FIELDPROPERTY="0" HIDDEN="NO"/>
                <SOURCEFIELD NAME="KEY_DATE3" DATATYPE="varchar" KEYTYPE="NOT A KEY" PRECISION="10" SCALE="0" NULLABLE="NULL" USAGE_FLAGS="" LEVEL="0" FIELDTYPE="ELEMITEM" PICTURETEXT="" OCCURS="0" LENGTH="10" PHYSICALOFFSET="177" PHYSICALLENGTH="10" FIELDNUMBER="19" FIELDPROPERTY="0" HIDDEN="NO"/>
                <SOURCEFIELD NAME="UNDERWRITER_ID3" DATATYPE="integer" KEYTYPE="NOT A KEY" PRECISION="10" SCALE="0" NULLABLE="NULL" USAGE_FLAGS="" LEVEL="0" FIELDTYPE="ELEMITEM" PICTURETEXT="" OCCURS="0" LENGTH="10" PHYSICALOFFSET="187" PHYSICALLENGTH="10" FIELDNUMBER="20" FIELDPROPERTY="0" HIDDEN="NO"/>
            </SOURCE>
            <TARGET NAME="CSS55AR_PREPARED" BUSINESSNAME="" DESCRIPTION="" OBJECTVERSION="1" CONSTRAINT="" TABLEOPTIONS="" DATABASETYPE="Flat File" VERSIONNUMBER="1">
                <FLATFILE DELIMITED="YES" DELIMITERS="|" ROWDELIMITER="0" QUOTE_CHARACTER="DOUBLE" NULL_CHARACTER="*" NULLCHARTYPE="ASCII" REPEATABLE="NO" CONSECDELIMITERSASONE="NO" MULTIDELIMITERSASAND="NO" STRIPTRAILINGBLANKS="NO" PADBYTES="1" LINESEQUENTIAL="NO" KEEPESCAPECHAR="NO" ESCAPE_CHARACTER="" SKIPROWS="0" CODEPAGE="MS1252"/>
                <TARGETFIELD NAME="COUNTRY_ID" BUSINESSNAME="" DESCRIPTION="" DATATYPE="varchar" KEYTYPE="NOT A KEY" PRECISION="3" SCALE="0" FIELDNUMBER="1" NULLABLE="NULL" PICTURETEXT=""/>
                <TARGETFIELD NAME="POLICY" BUSINESSNAME="" DESCRIPTION="" DATATYPE="varchar" KEYTYPE="NOT A KEY" PRECISION="20" SCALE="0" FIELDNUMBER="2" NULLABLE="NULL" PICTURETEXT=""/>
                <TARGETFIELD NAME="DUE_DATE" BUSINESSNAME="" DESCRIPTION="" DATATYPE="varchar" KEYTYPE="NOT A KEY" PRECISION="10" SCALE="0" FIELDNUMBER="3" NULLABLE="NULL" PICTURETEXT=""/>
                <TARGETFIELD NAME="BILLING_DATE" BUSINESSNAME="" DESCRIPTION="" DATATYPE="varchar" KEYTYPE="NOT A KEY" PRECISION="10" SCALE="0" FIELDNUMBER="4" NULLABLE="NULL" PICTURETEXT=""/>
                <TARGETFIELD NAME="SPECIAL_PROGRAM" BUSINESSNAME="" DESCRIPTION="" DATATYPE="varchar" KEYTYPE="NOT A KEY" PRECISION="1" SCALE="0" FIELDNUMBER="5" NULLABLE="NULL" PICTURETEXT=""/>
                <TARGETFIELD NAME="DOCUMENT_NUMBER" BUSINESSNAME="" DESCRIPTION="" DATATYPE="varchar" KEYTYPE="NOT A KEY" PRECISION="20" SCALE="0" FIELDNUMBER="6" NULLABLE="NULL" PICTURETEXT=""/>
                <TARGETFIELD NAME="CUSTOMER" BUSINESSNAME="" DESCRIPTION="" DATATYPE="varchar" KEYTYPE="NOT A KEY" PRECISION="20" SCALE="0" FIELDNUMBER="7" NULLABLE="NULL" PICTURETEXT=""/>
                <TARGETFIELD NAME="SUBMARKET_UNIT" BUSINESSNAME="" DESCRIPTION="" DATATYPE="varchar" KEYTYPE="NOT A KEY" PRECISION="10" SCALE="0" FIELDNUMBER="8" NULLABLE="NULL" PICTURETEXT=""/>
                <TARGETFIELD NAME="CASH_ON_ACCOUNT" BUSINESSNAME="" DESCRIPTION="" DATATYPE="varchar" KEYTYPE="NOT A KEY" PRECISION="1" SCALE="0" FIELDNUMBER="9" NULLABLE="NULL" PICTURETEXT=""/>
                <TARGETFIELD NAME="LINE_OF_BUSINEESS" BUSINESSNAME="" DESCRIPTION="" DATATYPE="varchar" KEYTYPE="NOT A KEY" PRECISION="10" SCALE="0" FIELDNUMBER="10" NULLABLE="NULL" PICTURETEXT=""/>
                <TARGETFIELD NAME="BROKER" BUSINESSNAME="" DESCRIPTION="" DATATYPE="varchar" KEYTYPE="NOT A KEY" PRECISION="11" SCALE="0" FIELDNUMBER="11" NULLABLE="NULL" PICTURETEXT=""/>
                <TARGETFIELD NAME="AR_CURRENCY" BUSINESSNAME="" DESCRIPTION="" DATATYPE="varchar" KEYTYPE="NOT A KEY" PRECISION="10" SCALE="0" FIELDNUMBER="12" NULLABLE="NULL" PICTURETEXT=""/>
                <TARGETFIELD NAME="AR_AMOUNT" BUSINESSNAME="" DESCRIPTION="" DATATYPE="varchar" KEYTYPE="NOT A KEY" PRECISION="18" SCALE="0" FIELDNUMBER="13" NULLABLE="NULL" PICTURETEXT=""/>
                <TARGETFIELD NAME="SPECIAL_COLLECTION" BUSINESSNAME="" DESCRIPTION="" DATATYPE="varchar" KEYTYPE="NOT A KEY" PRECISION="1" SCALE="0" FIELDNUMBER="14" NULLABLE="NULL" PICTURETEXT=""/>
                <TARGETFIELD NAME="PREMIUM" BUSINESSNAME="" DESCRIPTION="" DATATYPE="varchar" KEYTYPE="NOT A KEY" PRECISION="1" SCALE="0" FIELDNUMBER="15" NULLABLE="NULL" PICTURETEXT=""/>
                <TARGETFIELD NAME="POSTING_DATE" BUSINESSNAME="" DESCRIPTION="" DATATYPE="varchar" KEYTYPE="NOT A KEY" PRECISION="10" SCALE="0" FIELDNUMBER="16" NULLABLE="NULL" PICTURETEXT=""/>
                <TARGETFIELD NAME="DEFERRAL_DATE" BUSINESSNAME="" DESCRIPTION="" DATATYPE="varchar" KEYTYPE="NOT A KEY" PRECISION="10" SCALE="0" FIELDNUMBER="17" NULLABLE="NULL" PICTURETEXT=""/>
                <TARGETFIELD NAME="AGE_BUKED_ID" BUSINESSNAME="" DESCRIPTION="" DATATYPE="varchar" KEYTYPE="NOT A KEY" PRECISION="10" SCALE="0" FIELDNUMBER="18" NULLABLE="NULL" PICTURETEXT=""/>
                <TARGETFIELD NAME="KEY_DATE" BUSINESSNAME="" DESCRIPTION="" DATATYPE="varchar" KEYTYPE="NOT A KEY" PRECISION="10" SCALE="0" FIELDNUMBER="19" NULLABLE="NULL" PICTURETEXT=""/>
                <TARGETFIELD NAME="UNDERWRITER_ID" BUSINESSNAME="" DESCRIPTION="" DATATYPE="int" KEYTYPE="NOT A KEY" PRECISION="10" SCALE="0" FIELDNUMBER="20" NULLABLE="NULL" PICTURETEXT=""/>
                <TABLEATTRIBUTE NAME="Datetime Format" VALUE="A  19 mm/dd/yyyy hh24:mi:ss"/>
                <TABLEATTRIBUTE NAME="Thousand Separator" VALUE="None"/>
                <TABLEATTRIBUTE NAME="Decimal Separator" VALUE="."/>
                <TABLEATTRIBUTE NAME="Line Endings" VALUE="System default"/>
            </TARGET>
            <MAPPING NAME="m_TGT_CSS55AR_PREPARED_3" DESCRIPTION="" OBJECTVERSION="1" ISVALID="YES" VERSIONNUMBER="1">
                <TRANSFORMATION NAME="SQ_TGT_CSS55AR_PREPARED_3" TYPE="Source Qualifier" OBJECTVERSION="1" REUSABLE="NO" VERSIONNUMBER="1">
                    <TRANSFORMFIELD NAME="COUNTRY_ID3" DATATYPE="string" PORTTYPE="INPUT/OUTPUT" PRECISION="3" SCALE="0"/>
                    <TRANSFORMFIELD NAME="POLICY3" DATATYPE="string" PORTTYPE="INPUT/OUTPUT" PRECISION="21" SCALE="0"/>
                    <TRANSFORMFIELD NAME="DUE_DATE3" DATATYPE="string" PORTTYPE="INPUT/OUTPUT" PRECISION="10" SCALE="0"/>
                    <TRANSFORMFIELD NAME="BILLING_DATE3" DATATYPE="string" PORTTYPE="INPUT/OUTPUT" PRECISION="10" SCALE="0"/>
                    <TRANSFORMFIELD NAME="SPECIAL_PROGRAM3" DATATYPE="string" PORTTYPE="INPUT/OUTPUT" PRECISION="1" SCALE="0"/>
                    <TRANSFORMFIELD NAME="DOCUMENT_NUMBER3" DATATYPE="string" PORTTYPE="INPUT/OUTPUT" PRECISION="20" SCALE="0"/>
                    <TRANSFORMFIELD NAME="CUSTOMER3" DATATYPE="string" PORTTYPE="INPUT/OUTPUT" PRECISION="20" SCALE="0"/>
                    <TRANSFORMFIELD NAME="SUBMARKET_UNIT3" DATATYPE="string" PORTTYPE="INPUT/OUTPUT" PRECISION="10" SCALE="0"/>
                    <TRANSFORMFIELD NAME="CASH_ON_ACCOUNT3" DATATYPE="string" PORTTYPE="INPUT/OUTPUT" PRECISION="1" SCALE="0"/>
                    <TRANSFORMFIELD NAME="LINE_OF_BUSINESS3" DATATYPE="string" PORTTYPE="INPUT/OUTPUT" PRECISION="10" SCALE="0"/>
                    <TRANSFORMFIELD NAME="BROKER3" DATATYPE="string" PORTTYPE="INPUT/OUTPUT" PRECISION="11" SCALE="0"/>
                    <TRANSFORMFIELD NAME="AR_CURRENCY3" DATATYPE="string" PORTTYPE="INPUT/OUTPUT" PRECISION="10" SCALE="0"/>
                    <TRANSFORMFIELD NAME="AR_AMOUNT3" DATATYPE="string" PORTTYPE="INPUT/OUTPUT" PRECISION="18" SCALE="0"/>
                    <TRANSFORMFIELD NAME="SPECIAL_COLLECTION3" DATATYPE="string" PORTTYPE="INPUT/OUTPUT" PRECISION="1" SCALE="0"/>
                    <TRANSFORMFIELD NAME="PREMIUM3" DATATYPE="string" PORTTYPE="INPUT/OUTPUT" PRECISION="1" SCALE="0"/>
                    <TRANSFORMFIELD NAME="POSTING_DATE3" DATATYPE="string" PORTTYPE="INPUT/OUTPUT" PRECISION="10" SCALE="0"/>
                    <TRANSFORMFIELD NAME="DEFERRAL_DATE3" DATATYPE="string" PORTTYPE="INPUT/OUTPUT" PRECISION="10" SCALE="0"/>
                    <TRANSFORMFIELD NAME="AGE_BUCKET_ID3" DATATYPE="string" PORTTYPE="INPUT/OUTPUT" PRECISION="10" SCALE="0"/>
                    <TRANSFORMFIELD NAME="KEY_DATE3" DATATYPE="string" PORTTYPE="INPUT/OUTPUT" PRECISION="10" SCALE="0"/>
                    <TRANSFORMFIELD NAME="UNDERWRITER_ID3" DATATYPE="integer" PORTTYPE="INPUT/OUTPUT" PRECISION="10" SCALE="0"/>
                    <TABLEATTRIBUTE NAME="SQL Query" VALUE=""/>
                    <TABLEATTRIBUTE NAME="User Defined Join" VALUE=""/>
                    <TABLEATTRIBUTE NAME="Source Filter" VALUE=""/>
                    <TABLEATTRIBUTE NAME="Number Of Sorted Ports" VALUE="0"/>
                    <TABLEATTRIBUTE NAME="Tracing Level" VALUE="Normal"/>
                    <TABLEATTRIBUTE NAME="Select Distinct" VALUE="NO"/>
                    <TABLEATTRIBUTE NAME="Is Partitionable" VALUE="NO"/>
                    <TABLEATTRIBUTE NAME="Pre SQL" VALUE=""/>
                    <TABLEATTRIBUTE NAME="Post SQL" VALUE=""/>
                    <TABLEATTRIBUTE NAME="Output is deterministic" VALUE="NO"/>
                    <TABLEATTRIBUTE NAME="Output is repeatable" VALUE="NEVER"/>
                </TRANSFORMATION>
                <INSTANCE NAME="TGT_CSS55AR_PREPARED_3" TYPE="SOURCE" REUSABLE="NO" TRANSFORMATION_TYPE="Source Definition" TRANSFORMATION_NAME="TGT_CSS55AR_PREPARED_3" DBDNAME="DB2"/>
                <INSTANCE NAME="CSS55AR_PREPARED" TYPE="TARGET" REUSABLE="NO" TRANSFORMATION_TYPE="Target Definition" TRANSFORMATION_NAME="CSS55AR_PREPARED"/>
                <INSTANCE NAME="SQ_TGT_CSS55AR_PREPARED_3" TYPE="TRANSFORMATION" REUSABLE="NO" TRANSFORMATION_TYPE="Source Qualifier" TRANSFORMATION_NAME="SQ_TGT_CSS55AR_PREPARED_3">
                    <ASSOCIATED_SOURCE_INSTANCE NAME="TGT_CSS55AR_PREPARED_3"/>
                </INSTANCE>
                <CONNECTOR FROMINSTANCE="TGT_CSS55AR_PREPARED_3" FROMINSTANCETYPE="Source Definition" FROMFIELD="COUNTRY_ID3" TOINSTANCE="SQ_TGT_CSS55AR_PREPARED_3" TOINSTANCETYPE="Source Qualifier" TOFIELD="COUNTRY_ID3"/>
                <CONNECTOR FROMINSTANCE="TGT_CSS55AR_PREPARED_3" FROMINSTANCETYPE="Source Definition" FROMFIELD="POLICY3" TOINSTANCE="SQ_TGT_CSS55AR_PREPARED_3" TOINSTANCETYPE="Source Qualifier" TOFIELD="POLICY3"/>
                <CONNECTOR FROMINSTANCE="TGT_CSS55AR_PREPARED_3" FROMINSTANCETYPE="Source Definition" FROMFIELD="DUE_DATE3" TOINSTANCE="SQ_TGT_CSS55AR_PREPARED_3" TOINSTANCETYPE="Source Qualifier" TOFIELD="DUE_DATE3"/>
                <CONNECTOR FROMINSTANCE="TGT_CSS55AR_PREPARED_3" FROMINSTANCETYPE="Source Definition" FROMFIELD="BILLING_DATE3" TOINSTANCE="SQ_TGT_CSS55AR_PREPARED_3" TOINSTANCETYPE="Source Qualifier" TOFIELD="BILLING_DATE3"/>
                <CONNECTOR FROMINSTANCE="TGT_CSS55AR_PREPARED_3" FROMINSTANCETYPE="Source Definition" FROMFIELD="SPECIAL_PROGRAM3" TOINSTANCE="SQ_TGT_CSS55AR_PREPARED_3" TOINSTANCETYPE="Source Qualifier" TOFIELD="SPECIAL_PROGRAM3"/>
                <CONNECTOR FROMINSTANCE="TGT_CSS55AR_PREPARED_3" FROMINSTANCETYPE="Source Definition" FROMFIELD="DOCUMENT_NUMBER3" TOINSTANCE="SQ_TGT_CSS55AR_PREPARED_3" TOINSTANCETYPE="Source Qualifier" TOFIELD="DOCUMENT_NUMBER3"/>
                <CONNECTOR FROMINSTANCE="TGT_CSS55AR_PREPARED_3" FROMINSTANCETYPE="Source Definition" FROMFIELD="CUSTOMER3" TOINSTANCE="SQ_TGT_CSS55AR_PREPARED_3" TOINSTANCETYPE="Source Qualifier" TOFIELD="CUSTOMER3"/>
                <CONNECTOR FROMINSTANCE="TGT_CSS55AR_PREPARED_3" FROMINSTANCETYPE="Source Definition" FROMFIELD="SUBMARKET_UNIT3" TOINSTANCE="SQ_TGT_CSS55AR_PREPARED_3" TOINSTANCETYPE="Source Qualifier" TOFIELD="SUBMARKET_UNIT3"/>
                <CONNECTOR FROMINSTANCE="TGT_CSS55AR_PREPARED_3" FROMINSTANCETYPE="Source Definition" FROMFIELD="CASH_ON_ACCOUNT3" TOINSTANCE="SQ_TGT_CSS55AR_PREPARED_3" TOINSTANCETYPE="Source Qualifier" TOFIELD="CASH_ON_ACCOUNT3"/>
                <CONNECTOR FROMINSTANCE="TGT_CSS55AR_PREPARED_3" FROMINSTANCETYPE="Source Definition" FROMFIELD="LINE_OF_BUSINESS3" TOINSTANCE="SQ_TGT_CSS55AR_PREPARED_3" TOINSTANCETYPE="Source Qualifier" TOFIELD="LINE_OF_BUSINESS3"/>
                <CONNECTOR FROMINSTANCE="TGT_CSS55AR_PREPARED_3" FROMINSTANCETYPE="Source Definition" FROMFIELD="BROKER3" TOINSTANCE="SQ_TGT_CSS55AR_PREPARED_3" TOINSTANCETYPE="Source Qualifier" TOFIELD="BROKER3"/>
                <CONNECTOR FROMINSTANCE="TGT_CSS55AR_PREPARED_3" FROMINSTANCETYPE="Source Definition" FROMFIELD="AR_CURRENCY3" TOINSTANCE="SQ_TGT_CSS55AR_PREPARED_3" TOINSTANCETYPE="Source Qualifier" TOFIELD="AR_CURRENCY3"/>
                <CONNECTOR FROMINSTANCE="TGT_CSS55AR_PREPARED_3" FROMINSTANCETYPE="Source Definition" FROMFIELD="AR_AMOUNT3" TOINSTANCE="SQ_TGT_CSS55AR_PREPARED_3" TOINSTANCETYPE="Source Qualifier" TOFIELD="AR_AMOUNT3"/>
                <CONNECTOR FROMINSTANCE="TGT_CSS55AR_PREPARED_3" FROMINSTANCETYPE="Source Definition" FROMFIELD="SPECIAL_COLLECTION3" TOINSTANCE="SQ_TGT_CSS55AR_PREPARED_3" TOINSTANCETYPE="Source Qualifier" TOFIELD="SPECIAL_COLLECTION3"/>
                <CONNECTOR FROMINSTANCE="TGT_CSS55AR_PREPARED_3" FROMINSTANCETYPE="Source Definition" FROMFIELD="PREMIUM3" TOINSTANCE="SQ_TGT_CSS55AR_PREPARED_3" TOINSTANCETYPE="Source Qualifier" TOFIELD="PREMIUM3"/>
                <CONNECTOR FROMINSTANCE="TGT_CSS55AR_PREPARED_3" FROMINSTANCETYPE="Source Definition" FROMFIELD="POSTING_DATE3" TOINSTANCE="SQ_TGT_CSS55AR_PREPARED_3" TOINSTANCETYPE="Source Qualifier" TOFIELD="POSTING_DATE3"/>
                <CONNECTOR FROMINSTANCE="TGT_CSS55AR_PREPARED_3" FROMINSTANCETYPE="Source Definition" FROMFIELD="DEFERRAL_DATE3" TOINSTANCE="SQ_TGT_CSS55AR_PREPARED_3" TOINSTANCETYPE="Source Qualifier" TOFIELD="DEFERRAL_DATE3"/>
                <CONNECTOR FROMINSTANCE="TGT_CSS55AR_PREPARED_3" FROMINSTANCETYPE="Source Definition" FROMFIELD="AGE_BUCKET_ID3" TOINSTANCE="SQ_TGT_CSS55AR_PREPARED_3" TOINSTANCETYPE="Source Qualifier" TOFIELD="AGE_BUCKET_ID3"/>
                <CONNECTOR FROMINSTANCE="TGT_CSS55AR_PREPARED_3" FROMINSTANCETYPE="Source Definition" FROMFIELD="KEY_DATE3" TOINSTANCE="SQ_TGT_CSS55AR_PREPARED_3" TOINSTANCETYPE="Source Qualifier" TOFIELD="KEY_DATE3"/>
                <CONNECTOR FROMINSTANCE="TGT_CSS55AR_PREPARED_3" FROMINSTANCETYPE="Source Definition" FROMFIELD="UNDERWRITER_ID3" TOINSTANCE="SQ_TGT_CSS55AR_PREPARED_3" TOINSTANCETYPE="Source Qualifier" TOFIELD="UNDERWRITER_ID3"/>
                <TARGETLOADORDER TARGETINSTANCE="CSS55AR_PREPARED" ORDER="1"/>
            </MAPPING>
        </FOLDER>
    </REPOSITORY>
</POWERMART>
